target,prediction,target_phonemes,prediction_phonemes,is_homophone,exact_match,comment,bucket,bucket_reason
AND FOR ME THE SURPRISE WAS,AND FOR ME THE SURPRISE WAS,AH N D | F AO R | M IY | DH AH | S ER P R AY Z | W AA Z,AH N D | F AO R | M IY | DH AH | S ER P R AY Z | W AA Z,True,True,,homophone_substitution,phoneme overlap 6/6=1.00 (high)
THEY'RE MOVING AROUND,THEY'RE MOVING AROUND,DH EH R | M UW V IH NG | ER AW N D,DH EH R | M UW V IH NG | ER AW N D,False,True,,homophone_substitution,phoneme overlap 3/3=1.00 (high)
AND WE WERE RIGHT,AND WE WERE RIGHT,AH N D | W IY | W ER | R AY T,AH N D | W IY | W ER | R AY T,True,True,,homophone_substitution,phoneme overlap 4/4=1.00 (high)
WHEN THERE ISN'T MUCH ELSE IN THE GARDEN,WHEN THERE ISN'T MUCH ELSE IN THE GARDEN,W EH N | DH EH R | IH Z AH N T | M AH CH | EH L S | IH N | DH AH | G AA R D AH N,W EH N | DH EH R | IH Z AH N T | M AH CH | EH L S | IH N | DH AH | G AA R D AH N,True,True,,homophone_substitution,phoneme overlap 8/8=1.00 (high)
SORT OF SECOND HALF OF OCTOBER,SORT OF SECOND HALF OF OCTOBER,S AO R T | AH V | S EH K AH N D | HH AE F | AH V | AA K T OW B ER,S AO R T | AH V | S EH K AH N D | HH AE F | AH V | AA K T OW B ER,False,True,,homophone_substitution,phoneme overlap 5/5=1.00 (high)
WELL INTO NOVEMBER,WELL INTO NOVEMBER,W EH L | IH N T UW | N OW V EH M B ER,W EH L | IH N T UW | N OW V EH M B ER,False,True,,homophone_substitution,phoneme overlap 3/3=1.00 (high)
WE CAN JUST ABOUT GET AWAY WITH IT NOW,WE CAN JUST ABOUT GET AWAY WITH IT NOW,W IY | K AE N | JH AH S T | AH B AW T | G EH T | AH W EY | W IH DH | IH T | N AW,W IY | K AE N | JH AH S T | AH B AW T | G EH T | AH W EY | W IH DH | IH T | N AW,True,True,,homophone_substitution,phoneme overlap 9/9=1.00 (high)
SOMETHING LIKE A GARDEN COMPOST,SOMETHING LIKE A GARDEN COMPOST,S AH M TH IH NG | L AY K | AH | G AA R D AH N | K AA M P OW S T,S AH M TH IH NG | L AY K | AH | G AA R D AH N | K AA M P OW S T,False,True,,homophone_substitution,phoneme overlap 5/5=1.00 (high)
IT'S NOT ALL ABOUT SIZE,IT'S NOT ALL ABOUT SIZE,IH T S | N AA T | AO L | AH B AW T | S AY Z,IH T S | N AA T | AO L | AH B AW T | S AY Z,True,True,,homophone_substitution,phoneme overlap 5/5=1.00 (high)
AND IF YOU WANT WONDERFUL,AND IF YOU WANT WONDERFUL,AH N D | IH F | Y UW | W AA N T | W AH N D ER F AH L,AH N D | IH F | Y UW | W AA N T | W AH N D ER F AH L,True,True,,homophone_substitution,phoneme overlap 5/5=1.00 (high)
STARTING WITH THE COMPOST,STARTING WITH THE COMPOST,S T AA R T IH NG | W IH DH | DH AH | K AA M P OW S T,S T AA R T IH NG | W IH DH | DH AH | K AA M P OW S T,False,True,,homophone_substitution,phoneme overlap 4/4=1.00 (high)
FOR A BRIEF TIME,FOR A BRIEF TIME,F AO R | AH | B R IY F | T AY M,F AO R | AH | B R IY F | T AY M,True,True,,homophone_substitution,phoneme overlap 4/4=1.00 (high)
IT WILL CHANGE LIVES,IT WILL CHANGE LIVES,IH T | W IH L | CH EY N JH | L IH V Z,IH T | W IH L | CH EY N JH | L IH V Z,False,True,,homophone_substitution,phoneme overlap 4/4=1.00 (high)
WHEN MY HUSBAND AND I ARE NOT AROUND,WHEN MY HUSBAND AND I ARE NOT AROUND,W EH N | M AY | HH AH Z B AH N D | AH N D | AY | AA R | N AA T | ER AW N D,W EH N | M AY | HH AH Z B AH N D | AH N D | AY | AA R | N AA T | ER AW N D,True,True,,homophone_substitution,phoneme overlap 8/8=1.00 (high)
PLEASE DONATE NOW,PLEASE DONATE NOW,P L IY Z | D OW N EY T | N AW,P L IY Z | D OW N EY T | N AW,False,True,,homophone_substitution,phoneme overlap 3/3=1.00 (high)
INSTEAD OF BEING SOMEONE'S ARM CANDY,INSTEAD OF BEING SOMEONE'S ARM CANDY,IH N S T EH D | AH V | B IY IH NG | S AH M W AH N Z | AA R M | K AE N D IY,IH N S T EH D | AH V | B IY IH NG | S AH M W AH N Z | AA R M | K AE N D IY,False,True,,homophone_substitution,phoneme overlap 6/6=1.00 (high)
I EXPECTED YOU TO HAVE A PAST,I EXPECTED YOU TO HAVE A PAST,AY | IH K S P EH K T AH D | Y UW | T UW | HH AE V | AH | P AE S T,AY | IH K S P EH K T AH D | Y UW | T UW | HH AE V | AH | P AE S T,True,True,,homophone_substitution,phoneme overlap 7/7=1.00 (high)
SEE HOW MUCH IT COMES TO,SEE HOW MUCH IT COMES TO,S IY | HH AW | M AH CH | IH T | K AH M Z | T UW,S IY | HH AW | M AH CH | IH T | K AH M Z | T UW,True,True,,homophone_substitution,phoneme overlap 6/6=1.00 (high)
I PAY THE MONEY,I PAY THE MONEY,AY | P EY | DH AH | M AH N IY,AY | P EY | DH AH | M AH N IY,True,True,,homophone_substitution,phoneme overlap 4/4=1.00 (high)
OVER THE COURSE OF HIS LIFE,OVER THE COURSE OF HIS LIFE,OW V ER | DH AH | K AO R S | AH V | HH IH Z | L AY F,OW V ER | DH AH | K AO R S | AH V | HH IH Z | L AY F,True,True,,homophone_substitution,phoneme overlap 6/6=1.00 (high)
WHEN IT'S FINISHED,WHEN IT'S FINISHED,W EH N | IH T S | F IH N IH SH T,W EH N | IH T S | F IH N IH SH T,True,True,,homophone_substitution,phoneme overlap 3/3=1.00 (high)
BUT BEFORE I DO,BUT BEFORE I DO,B AH T | B IH F AO R | AY | D UW,B AH T | B IH F AO R | AY | D UW,True,True,,homophone_substitution,phoneme overlap 4/4=1.00 (high)
THIS HOUSE WILL JUST COME TOGETHER AND FLOURISH,THIS HOUSE WILL JUST COME TOGETHER AND FLOURISH,DH IH S | HH AW S | W IH L | JH AH S T | K AH M | T AH G EH DH ER | AH N D | F L ER IH SH,DH IH S | HH AW S | W IH L | JH AH S T | K AH M | T AH G EH DH ER | AH N D | F L ER IH SH,False,True,,homophone_substitution,phoneme overlap 8/8=1.00 (high)
ANY MAN WOULD BE PROUD TO HAVE YOU AS A SON,ANY MAN WOULD BE PROUD TO HAVE YOU AS A SON,EH N IY | M AE N | W UH D | B IY | P R AW D | T UW | HH AE V | Y UW | AE Z | AH | S AH N,EH N IY | M AE N | W UH D | B IY | P R AW D | T UW | HH AE V | Y UW | AE Z | AH | S AH N,True,True,,homophone_substitution,phoneme overlap 11/11=1.00 (high)
GET THEM INTO THE GARDEN,GET THEM INTO THE GARDEN,G EH T | DH EH M | IH N T UW | DH AH | G AA R D AH N,G EH T | DH EH M | IH N T UW | DH AH | G AA R D AH N,False,True,,homophone_substitution,phoneme overlap 5/5=1.00 (high)
THIS ONE IS TOTALLY OUT OF CONTROL,THIS ONE IS TOTALLY OUT OF CONTROL,DH IH S | W AH N | IH Z | T OW T AH L IY | AW T | AH V | K AH N T R OW L,DH IH S | W AH N | IH Z | T OW T AH L IY | AW T | AH V | K AH N T R OW L,True,True,,homophone_substitution,phoneme overlap 7/7=1.00 (high)
BUT IT COMES AND GOES,BUT IT COMES AND GOES,B AH T | IH T | K AH M Z | AH N D | G OW Z,B AH T | IH T | K AH M Z | AH N D | G OW Z,True,True,,homophone_substitution,phoneme overlap 5/5=1.00 (high)
I THINK IT'S BRILLIANT,I THINK IT'S BRILLIANT,AY | TH IH NG K | IH T S | B R IH L Y AH N T,AY | TH IH NG K | IH T S | B R IH L Y AH N T,True,True,,homophone_substitution,phoneme overlap 4/4=1.00 (high)
A ONE BEDROOM FIRST FLOOR FLAT,A ONE BEDROOM FIRST FLOOR FLAT,AH | W AH N | B EH D R UW M | F ER S T | F L AO R | F L AE T,AH | W AH N | B EH D R UW M | F ER S T | F L AO R | F L AE T,True,True,,homophone_substitution,phoneme overlap 6/6=1.00 (high)
IF IT WAS GOING TO BE INCREASED,IF IT WAS GOING TO BE INCREASED,IH F | IH T | W AA Z | G OW IH NG | T UW | B IY | IH N K R IY S T,IH F | IH T | W AA Z | G OW IH NG | T UW | B IY | IH N K R IY S T,True,True,,homophone_substitution,phoneme overlap 7/7=1.00 (high)
BUT IT'S A DECENT SIZE,BUT IT'S A DECENT SIZE,B AH T | IH T S | AH | D IY S AH N T | S AY Z,B AH T | IH T S | AH | D IY S AH N T | S AY Z,True,True,,homophone_substitution,phoneme overlap 5/5=1.00 (high)
I'M NOT MASSIVELY HAPPY,I'M NOT MASSIVELY HAPPY,AY M | N AA T | M AE S IH V L IY | HH AE P IY,AY M | N AA T | M AE S IH V L IY | HH AE P IY,True,True,,homophone_substitution,phoneme overlap 4/4=1.00 (high)
IF YOU ARE LOOKING ROUND AUCTION PROPERTIES BEFORE THE AUCTION,IF YOU ARE LOOKING ROUND AUCTION PROPERTIES BEFORE THE AUCTION,IH F | Y UW | AA R | L UH K IH NG | R AW N D | AA K SH AH N | P R AA P ER T IY Z | B IH F AO R | DH AH | AA K SH AH N,IH F | Y UW | AA R | L UH K IH NG | R AW N D | AA K SH AH N | P R AA P ER T IY Z | B IH F AO R | DH AH | AA K SH AH N,True,True,,homophone_substitution,phoneme overlap 9/9=1.00 (high)
IT'S A VERY ATTRACTIVE GUIDE PRICE FOR A SUBSTANTIAL HOUSE SO WELL,IT'S A VERY ATTRACTIVE GUIDE PRICE FOR A SUBSTANTIAL HOUSE SO WELL,IH T S | AH | V EH R IY | AH T R AE K T IH V | G AY D | P R AY S | F AO R | AH | S AH B S T AE N CH AH L | HH AW S | S OW | W EH L,IH T S | AH | V EH R IY | AH T R AE K T IH V | G AY D | P R AY S | F AO R | AH | S AH B S T AE N CH AH L | HH AW S | S OW | W EH L,True,True,,homophone_substitution,phoneme overlap 11/11=1.00 (high)
DID THEY GET IT DONE ON TIME AND FOR THE RIGHT MONEY,DID THEY GET IT DONE ON TIME AND FOR THE RIGHT MONEY,D IH D | DH EY | G EH T | IH T | D AH N | AA N | T AY M | AH N D | F AO R | DH AH | R AY T | M AH N IY,D IH D | DH EY | G EH T | IH T | D AH N | AA N | T AY M | AH N D | F AO R | DH AH | R AY T | M AH N IY,True,True,,homophone_substitution,phoneme overlap 12/12=1.00 (high)
BUT WHAT A SURPRISE WHEN YOU COME IN,BUT WHAT A SURPRISE WHEN YOU COME IN,B AH T | W AH T | AH | S ER P R AY Z | W EH N | Y UW | K AH M | IH N,B AH T | W AH T | AH | S ER P R AY Z | W EH N | Y UW | K AH M | IH N,True,True,,homophone_substitution,phoneme overlap 8/8=1.00 (high)
BECAUSE IT'S FANTASTIC,BECAUSE IT'S FANTASTIC,B IH K AO Z | IH T S | F AE N T AE S T IH K,B IH K AO Z | IH T S | F AE N T AE S T IH K,False,True,,homophone_substitution,phoneme overlap 3/3=1.00 (high)
WHAT DO YOU THINK ABOUT THAT,WHAT DO YOU THINK ABOUT THAT,W AH T | D UW | Y UW | TH IH NG K | AH B AW T | DH AE T,W AH T | D UW | Y UW | TH IH NG K | AH B AW T | DH AE T,True,True,,homophone_substitution,phoneme overlap 6/6=1.00 (high)
HE'S LOOKING TO SELL IT,HE'S LOOKING TO SELL IT,HH IY Z | L UH K IH NG | T UW | S EH L | IH T,HH IY Z | L UH K IH NG | T UW | S EH L | IH T,True,True,,homophone_substitution,phoneme overlap 5/5=1.00 (high)
IT'S NOT AS EASY AS IT LOOKS,IT'S NOT AS EASY AS IT LOOKS,IH T S | N AA T | AE Z | IY Z IY | AE Z | IH T | L UH K S,IH T S | N AA T | AE Z | IY Z IY | AE Z | IH T | L UH K S,True,True,,homophone_substitution,phoneme overlap 6/6=1.00 (high)
STICK TO WHAT YOU'RE GOOD AT,STICK TO WHAT YOU'RE GOOD AT,S T IH K | T UW | W AH T | Y UH R | G UH D | AE T,S T IH K | T UW | W AH T | Y UH R | G UH D | AE T,True,True,,homophone_substitution,phoneme overlap 6/6=1.00 (high)
THAT IS IMPORTANT,THAT IS IMPORTANT,DH AE T | IH Z | IH M P AO R T AH N T,DH AE T | IH Z | IH M P AO R T AH N T,False,True,,homophone_substitution,phoneme overlap 3/3=1.00 (high)
BUT HE DID REALLY WELL,BUT HE DID REALLY WELL,B AH T | HH IY | D IH D | R IH L IY | W EH L,B AH T | HH IY | D IH D | R IH L IY | W EH L,True,True,,homophone_substitution,phoneme overlap 5/5=1.00 (high)
AND DO WHAT I USED TO DO WHEN I WAS A LITTLE BOY,AND DO WHAT I USED TO DO WHEN I WAS A LITTLE BOY,AH N D | D UW | W AH T | AY | Y UW Z D | T UW | D UW | W EH N | AY | W AA Z | AH | L IH T AH L | B OY,AH N D | D UW | W AH T | AY | Y UW Z D | T UW | D UW | W EH N | AY | W AA Z | AH | L IH T AH L | B OY,True,True,,homophone_substitution,phoneme overlap 11/11=1.00 (high)
EXCEPT AS A LAST RESORT,EXCEPT AS A LAST RESORT,IH K S EH P T | AE Z | AH | L AE S T | R IH Z AO R T,IH K S EH P T | AE Z | AH | L AE S T | R IH Z AO R T,True,True,,homophone_substitution,phoneme overlap 5/5=1.00 (high)
YOU NEVER KNOW BY THE END OF THE BUILD,YOU NEVER KNOW BY THE END OF THE BUILD,Y UW | N EH V ER | N OW | B AY | DH AH | EH N D | AH V | DH AH | B IH L D,Y UW | N EH V ER | N OW | B AY | DH AH | EH N D | AH V | DH AH | B IH L D,True,True,,homophone_substitution,phoneme overlap 8/8=1.00 (high)
I KNOW IT COMES WITH PLANNING PERMISSION,I KNOW IT COMES WITH PLANNING PERMISSION,AY | N OW | IH T | K AH M Z | W IH DH | P L AE N IH NG | P ER M IH SH AH N,AY | N OW | IH T | K AH M Z | W IH DH | P L AE N IH NG | P ER M IH SH AH N,True,True,,homophone_substitution,phoneme overlap 7/7=1.00 (high)
BUT WE'RE GOING TO IMPROVE ON THINGS LIKE THE GREEN ROOF,BUT WE'RE GOING TO IMPROVE ON THINGS LIKE THE GREEN ROOF,B AH T | W IY R | G OW IH NG | T UW | IH M P R UW V | AA N | TH IH NG Z | L AY K | DH AH | G R IY N | R UW F,B AH T | W IY R | G OW IH NG | T UW | IH M P R UW V | AA N | TH IH NG Z | L AY K | DH AH | G R IY N | R UW F,True,True,,homophone_substitution,phoneme overlap 11/11=1.00 (high)
WE'VE GOT A GREAT RELATIONSHIP,WE'VE GOT A GREAT RELATIONSHIP,W IY V | G AA T | AH | G R EY T | R IY L EY SH AH N SH IH P,W IY V | G AA T | AH | G R EY T | R IY L EY SH AH N SH IH P,False,True,,homophone_substitution,phoneme overlap 5/5=1.00 (high)
WHERE IS THE GAS,WHERE IS THE GAS,W EH R | IH Z | DH AH | G AE S,W EH R | IH Z | DH AH | G AE S,True,True,,homophone_substitution,phoneme overlap 4/4=1.00 (high)
SOME MEMBERS OF THE PUBLIC DON'T QUITE UNDERSTAND LEASEHOLD,SOME MEMBERS OF THE PUBLIC DON'T QUITE UNDERSTANDLY SELL,S AH M | M EH M B ER Z | AH V | DH AH | P AH B L IH K | D OW N T | K W AY T | AH N D ER S T AE N D | L IY S HH OW L D,S AH M | M EH M B ER Z | AH V | DH AH | P AH B L IH K | D OW N T | K W AY T | ? | S EH L,True,False,,non_word_spelling,prediction has CMU OOV; phoneme-word counts equal (9)
IF YOU LIVED IN THE BUILDING,IF YOU LIVED IN THE BUILDING,IH F | Y UW | L AY V D | IH N | DH AH | B IH L D IH NG,IH F | Y UW | L AY V D | IH N | DH AH | B IH L D IH NG,True,True,,homophone_substitution,phoneme overlap 6/6=1.00 (high)
WOULD YOU WANT NEW NEIGHBOURS EVERY WEEK OR EVERY FORTNIGHT,WOULD YOU WANT NEW NEIGHBOURS EVERY WEEK OR EVERY NIGHT,W UH D | Y UW | W AA N T | N UW | ? | EH V ER IY | W IY K | AO R | EH V ER IY | F AO R T N AY T,W UH D | Y UW | W AA N T | N UW | ? | EH V ER IY | W IY K | AO R | EH V ER IY | N AY T,True,False,truncation: model dropped FORT- syllable and emitted NIGHT instead of FORTNIGHT,homophone_substitution,phoneme overlap 8/9=0.89 (high)
BUT I THINK HE'S ALREADY LEARNED SOME REALLY IMPORTANT PROPERTY LESSONS,BUT I THINK HE'S ALREADY LEARNED SOME REALLY IMPORTANT PROPERTY LESSONS,B AH T | AY | TH IH NG K | HH IY Z | AO L R EH D IY | L ER N D | S AH M | R IH L IY | IH M P AO R T AH N T | P R AA P ER T IY | L EH S AH N Z,B AH T | AY | TH IH NG K | HH IY Z | AO L R EH D IY | L ER N D | S AH M | R IH L IY | IH M P AO R T AH N T | P R AA P ER T IY | L EH S AH N Z,True,True,,homophone_substitution,phoneme overlap 11/11=1.00 (high)
CHOOSING A GOOD LOCATION,CHOOSING A GOOD LOCATION,CH UW Z IH NG | AH | G UH D | L OW K EY SH AH N,CH UW Z IH NG | AH | G UH D | L OW K EY SH AH N,False,True,,homophone_substitution,phoneme overlap 4/4=1.00 (high)
YOU HAVE TO HOLD YOUR NERVE,YOU HAVE TO HOLD YOUR NERVE,Y UW | HH AE V | T UW | HH OW L D | Y AO R | N ER V,Y UW | HH AE V | T UW | HH OW L D | Y AO R | N ER V,True,True,,homophone_substitution,phoneme overlap 6/6=1.00 (high)
WHO'S VERY MUCH INTO FAMILY HISTORY,WHO'S VERY MUCH INTO FAMILY HISTORY,HH UW Z | V EH R IY | M AH CH | IH N T UW | F AE M AH L IY | HH IH S T ER IY,HH UW Z | V EH R IY | M AH CH | IH N T UW | F AE M AH L IY | HH IH S T ER IY,True,True,,homophone_substitution,phoneme overlap 6/6=1.00 (high)
WE DON'T WANT TO SPEND MORE THAN,WE DON'T WANT TO SPEND MORE THAN,W IY | D OW N T | W AA N T | T UW | S P EH N D | M AO R | DH AE N,W IY | D OW N T | W AA N T | T UW | S P EH N D | M AO R | DH AE N,True,True,,homophone_substitution,phoneme overlap 7/7=1.00 (high)
IT CERTAINLY WON'T BE,IT CERTAINLY WON'T BE,IH T | S ER T AH N L IY | W OW N T | B IY,IH T | S ER T AH N L IY | W OW N T | B IY,True,True,,homophone_substitution,phoneme overlap 4/4=1.00 (high)
I THINK SOMETHING DRASTIC NEEDS TO BE DONE,I THINK SOMETHING DRASTIC NEEDS TO BE DONE,AY | TH IH NG K | S AH M TH IH NG | D R AE S T IH K | N IY D Z | T UW | B IY | D AH N,AY | TH IH NG K | S AH M TH IH NG | D R AE S T IH K | N IY D Z | T UW | B IY | D AH N,True,True,,homophone_substitution,phoneme overlap 8/8=1.00 (high)
WHAT DO YOU KNOW ABOUT IT,WHAT DO YOU KNOW ABOUT IT,W AH T | D UW | Y UW | N OW | AH B AW T | IH T,W AH T | D UW | Y UW | N OW | AH B AW T | IH T,True,True,,homophone_substitution,phoneme overlap 6/6=1.00 (high)
I'M RIGHT IN SAYING THAT,I'M RIGHT IN SAYING THAT,AY M | R AY T | IH N | S EY IH NG | DH AE T,AY M | R AY T | IH N | S EY IH NG | DH AE T,True,True,,homophone_substitution,phoneme overlap 5/5=1.00 (high)
SO LET'S GO BACK AND FIND OUT,SO LET'S GO BACK AND FIND OUT,S OW | L EH T S | G OW | B AE K | AH N D | F AY N D | AW T,S OW | L EH T S | G OW | B AE K | AH N D | F AY N D | AW T,True,True,,homophone_substitution,phoneme overlap 7/7=1.00 (high)
I'M VERY IMPRESSED,I'M VERY IMPRESSED,AY M | V EH R IY | IH M P R EH S T,AY M | V EH R IY | IH M P R EH S T,True,True,,homophone_substitution,phoneme overlap 3/3=1.00 (high)
THE BEST BARGAINS,THE BEST BARGAINS,DH AH | B EH S T | B AA R G AH N Z,DH AH | B EH S T | B AA R G AH N Z,False,True,,homophone_substitution,phoneme overlap 3/3=1.00 (high)
NOT QUITE AS HIGH,NOT QUITE AS HIGH,N AA T | K W AY T | AE Z | HH AY,N AA T | K W AY T | AE Z | HH AY,True,True,,homophone_substitution,phoneme overlap 4/4=1.00 (high)
IT'S A PLUS POINT,IT'S A PLUS POINT,IH T S | AH | P L AH S | P OY N T,IH T S | AH | P L AH S | P OY N T,False,True,,homophone_substitution,phoneme overlap 4/4=1.00 (high)
THE FIRST AND SECOND FLOOR FLATS,THE FIRST AND SECOND FLOOR FLATS,DH AH | F ER S T | AH N D | S EH K AH N D | F L AO R | F L AE T S,DH AH | F ER S T | AH N D | S EH K AH N D | F L AO R | F L AE T S,False,True,,homophone_substitution,phoneme overlap 6/6=1.00 (high)
AS A RESULT OF SMOKING,AS A RESULT OF SMOKING,AE Z | AH | R IH Z AH L T | AH V | S M OW K IH NG,AE Z | AH | R IH Z AH L T | AH V | S M OW K IH NG,False,True,,homophone_substitution,phoneme overlap 5/5=1.00 (high)
WE'LL GIVE IT A TRY,WE'LL GIVE IT A TRY,W IY L | G IH V | IH T | AH | T R AY,W IY L | G IH V | IH T | AH | T R AY,False,True,,homophone_substitution,phoneme overlap 5/5=1.00 (high)
GO TO THE PRESS,GO TO THE PRESS,G OW | T UW | DH AH | P R EH S,G OW | T UW | DH AH | P R EH S,True,True,,homophone_substitution,phoneme overlap 4/4=1.00 (high)
LEARNING THE ROPES,LEARNING THE ROPE S,L ER N IH NG | DH AH | R OW P S,L ER N IH NG | DH AH | R OW P | EH S,False,False,boundary hallucination: decoder inserted space inside aligned word,boundary_hallucination,"same letters, space differs (tgt_words=3 hyp_words=4)"
EIGHT FEET TALL,EIGHT FEET TALL,EY T | F IY T | T AO L,EY T | F IY T | T AO L,True,True,,homophone_substitution,phoneme overlap 3/3=1.00 (high)
AND THE REASON FOR THAT,AND THE REASON FOR THAT,AH N D | DH AH | R IY Z AH N | F AO R | DH AE T,AH N D | DH AH | R IY Z AH N | F AO R | DH AE T,True,True,,homophone_substitution,phoneme overlap 5/5=1.00 (high)
A LITTLE SAXIFRAGE,A LITTLE SAXOPHONE FRAGMENT,AH | L IH T AH L | ?,AH | L IH T AH L | S AE K S AH F OW N | F R AE G M AH N T,False,False,"OOV target -> plausible-English substitution: SAXIFRAGE is CMU OOV, model produced valid word",oov_target_substitution,"target has CMU OOV, prediction is real word"
IT MAY BE A MINIATURE COMPARED TO THAT,IT MAY BE A MINIATURE COMPARED TO THAT,IH T | M EY | B IY | AH | M IH N IY AH CH UH R | K AH M P EH R D | T UW | DH AE T,IH T | M EY | B IY | AH | M IH N IY AH CH UH R | K AH M P EH R D | T UW | DH AE T,True,True,,homophone_substitution,phoneme overlap 8/8=1.00 (high)
I CAN PLANT THEM IN THAT SPOT,I CAN PLANT THEM IN THAT SPOT,AY | K AE N | P L AE N T | DH EH M | IH N | DH AE T | S P AA T,AY | K AE N | P L AE N T | DH EH M | IH N | DH AE T | S P AA T,True,True,,homophone_substitution,phoneme overlap 7/7=1.00 (high)
SOMETIMES IT DOESN'T,SOMETIMES IT DOESN'T,S AH M T AY M Z | IH T | D AH Z AH N T,S AH M T AY M Z | IH T | D AH Z AH N T,False,True,,homophone_substitution,phoneme overlap 3/3=1.00 (high)
I THINK IT LOOKS GREAT,I THINK IT LOOKS GREAT,AY | TH IH NG K | IH T | L UH K S | G R EY T,AY | TH IH NG K | IH T | L UH K S | G R EY T,True,True,,homophone_substitution,phoneme overlap 5/5=1.00 (high)
THAT'S QUITE A LARGE LEAF,THAT'S QUITE A LARGE LEAF,DH AE T S | K W AY T | AH | L AA R JH | L IY F,DH AE T S | K W AY T | AH | L AA R JH | L IY F,False,True,,homophone_substitution,phoneme overlap 5/5=1.00 (high)
AND IT'S A GREAT WAY TO EAT IT,AND IT'S A GREAT WAY TO EAT IT,AH N D | IH T S | AH | G R EY T | W EY | T UW | IY T | IH T,AH N D | IH T S | AH | G R EY T | W EY | T UW | IY T | IH T,True,True,,homophone_substitution,phoneme overlap 8/8=1.00 (high)
THAT FIRST MEETING,THAT FIRST MEETING,DH AE T | F ER S T | M IY T IH NG,DH AE T | F ER S T | M IY T IH NG,False,True,,homophone_substitution,phoneme overlap 3/3=1.00 (high)
BUT NOW WE HAVE THESE VIRUSES,BUT NOW WE HAVE THESE VIRUSES,B AH T | N AW | W IY | HH AE V | DH IY Z | V AY R AH S AH Z,B AH T | N AW | W IY | HH AE V | DH IY Z | V AY R AH S AH Z,True,True,,homophone_substitution,phoneme overlap 6/6=1.00 (high)
SQUIRREL POX VIRUS,SQUWAREL POX VIRUS,S K W ER AH L | P AA K S | V AY R AH S,? | P AA K S | V AY R AH S,False,False,"non-word spelling: SQUWAREL is not a word (CMU OOV); single vowel insertion, not a homophone",non_word_spelling,prediction has CMU OOV; phoneme-word counts equal (3)
CAUSES IT NO HARM,CAUSES IT NO HARM,K AA Z AH Z | IH T | N OW | HH AA R M,K AA Z AH Z | IH T | N OW | HH AA R M,True,True,,homophone_substitution,phoneme overlap 4/4=1.00 (high)
BUT NOT FOR ME AS A FARMER,BUT NOT FOR ME AS A FARMER,B AH T | N AA T | F AO R | M IY | AE Z | AH | F AA R M ER,B AH T | N AA T | F AO R | M IY | AE Z | AH | F AA R M ER,True,True,,homophone_substitution,phoneme overlap 7/7=1.00 (high)
IT'S THAT SIMPLE,IT'S THAT SIMPLE,IH T S | DH AE T | S IH M P AH L,IH T S | DH AE T | S IH M P AH L,False,True,,homophone_substitution,phoneme overlap 3/3=1.00 (high)
THIS REALLY IS A TALE OF TWO CITIES,THIS REALLY IS A TALE OF TWO CITIES,DH IH S | R IH L IY | IH Z | AH | T EY L | AH V | T UW | S IH T IY Z,DH IH S | R IH L IY | IH Z | AH | T EY L | AH V | T UW | S IH T IY Z,True,True,,homophone_substitution,phoneme overlap 8/8=1.00 (high)
IT'S A LONG WAY FROM HOME,IT'S A LONG WAY FROM HOME,IH T S | AH | L AO NG | W EY | F R AH M | HH OW M,IH T S | AH | L AO NG | W EY | F R AH M | HH OW M,True,True,,homophone_substitution,phoneme overlap 6/6=1.00 (high)
AS YOU ENTER THE REAR PART OF THE SHOP,AS YOU ENTER THE REAR PART OF THE SHOP,AE Z | Y UW | EH N T ER | DH AH | R IH R | P AA R T | AH V | DH AH | SH AA P,AE Z | Y UW | EH N T ER | DH AH | R IH R | P AA R T | AH V | DH AH | SH AA P,True,True,,homophone_substitution,phoneme overlap 8/8=1.00 (high)
LOTS OF THINGS TO THINK ABOUT,LOTS OF THINGS TO THINK ABOUT,L AA T S | AH V | TH IH NG Z | T UW | TH IH NG K | AH B AW T,L AA T S | AH V | TH IH NG Z | T UW | TH IH NG K | AH B AW T,True,True,,homophone_substitution,phoneme overlap 6/6=1.00 (high)
I'M STILL HAPPY,I'M STILL HAPPY,AY M | S T IH L | HH AE P IY,AY M | S T IH L | HH AE P IY,False,True,,homophone_substitution,phoneme overlap 3/3=1.00 (high)
YOU MUST HAVE A PERSONAL KEY,YOU MUST HAVE A PERSONAL KEY,Y UW | M AH S T | HH AE V | AH | P ER S IH N IH L | K IY,Y UW | M AH S T | HH AE V | AH | P ER S IH N IH L | K IY,True,True,,homophone_substitution,phoneme overlap 6/6=1.00 (high)
WE WILL OWN IT TOGETHER,WE WILL OWN IT TOGETHER,W IY | W IH L | OW N | IH T | T AH G EH DH ER,W IY | W IH L | OW N | IH T | T AH G EH DH ER,True,True,,homophone_substitution,phoneme overlap 5/5=1.00 (high)
IT WILL BE A GREAT INVESTMENT,IT WILL BE A GREAT INVESTMENT,IH T | W IH L | B IY | AH | G R EY T | IH N V EH S T M AH N T,IH T | W IH L | B IY | AH | G R EY T | IH N V EH S T M AH N T,True,True,,homophone_substitution,phoneme overlap 6/6=1.00 (high)
OR PROPERTIES SHOULD I SAY,OR PROPERTIES SHOULD I SAY,AO R | P R AA P ER T IY Z | SH UH D | AY | S EY,AO R | P R AA P ER T IY Z | SH UH D | AY | S EY,True,True,,homophone_substitution,phoneme overlap 5/5=1.00 (high)
PRETTY ON THE OUTSIDE,PRETTY ON THE OUTSIDE,P R IH T IY | AA N | DH AH | AW T S AY D,P R IH T IY | AA N | DH AH | AW T S AY D,False,True,,homophone_substitution,phoneme overlap 4/4=1.00 (high)
BECAUSE IT WAS OFFICES,BECAUSE IT WAS OFFICES,B IH K AO Z | IH T | W AA Z | AO F AH S AH Z,B IH K AO Z | IH T | W AA Z | AO F AH S AH Z,False,True,,homophone_substitution,phoneme overlap 4/4=1.00 (high)
VERY CLOSE BY THE UNIVERSITY,VERY CLOSE BY THE UNIVERSITY,V EH R IY | K L OW S | B AY | DH AH | Y UW N AH V ER S AH T IY,V EH R IY | K L OW S | B AY | DH AH | Y UW N AH V ER S AH T IY,True,True,,homophone_substitution,phoneme overlap 5/5=1.00 (high)
GROUND FLOOR FLAT,GROUND FLOOR FLAT,G R AW N D | F L AO R | F L AE T,G R AW N D | F L AO R | F L AE T,False,True,,homophone_substitution,phoneme overlap 3/3=1.00 (high)
I WOULD MARKET THAT,I WOULD MARKET THAT,AY | W UH D | M AA R K AH T | DH AE T,AY | W UH D | M AA R K AH T | DH AE T,True,True,,homophone_substitution,phoneme overlap 4/4=1.00 (high)
ADD ANOTHER TEN ON,ADD ANOTHER TEN ON,AE D | AH N AH DH ER | T EH N | AA N,AE D | AH N AH DH ER | T EH N | AA N,True,True,,homophone_substitution,phoneme overlap 4/4=1.00 (high)
ONE BEDROOM APARTMENTS AROUND HERE AT THE MOMENT,ONE BEDROOM APARTMENTS AROUND HERE AT THE MOMENT,W AH N | B EH D R UW M | AH P AA R T M AH N T S | ER AW N D | HH IY R | AE T | DH AH | M OW M AH N T,W AH N | B EH D R UW M | AH P AA R T M AH N T S | ER AW N D | HH IY R | AE T | DH AH | M OW M AH N T,True,True,,homophone_substitution,phoneme overlap 8/8=1.00 (high)
PROBABLY AROUND 85,PROBABLY AROUND 85,P R AA B AH B L IY | ER AW N D | ?,P R AA B AH B L IY | ER AW N D | ?,False,True,,homophone_substitution,phoneme overlap 3/3=1.00 (high)
AND SINCE THE CONVERSION,AND SINCE THE CONVERSION,AH N D | S IH N S | DH AH | K AH N V ER ZH AH N,AH N D | S IH N S | DH AH | K AH N V ER ZH AH N,False,True,,homophone_substitution,phoneme overlap 4/4=1.00 (high)
REALISTIC VALUE WISE,REALISTIC VALUE WISE,R IY AH L IH S T IH K | V AE L Y UW | W AY Z,R IY AH L IH S T IH K | V AE L Y UW | W AY Z,True,True,,homophone_substitution,phoneme overlap 3/3=1.00 (high)
SHE WAS A FLAWED SHIP,SHE WAS A FLAWED SHIPPING,SH IY | W AA Z | AH | F L AO D | SH IH P,SH IY | W AA Z | AH | F L AO D | SH IH P IH NG,False,False,"suffix hallucination: model appended -ING to SHIP, no grammatical correction involved",suffix_hallucination,prediction word 'SHIPPING' = target 'SHIP' + 'ING'
EVEN BEFORE SHE ENTERED THE WATER,EVEN BEFORE SHE ENTERED THE WATER,IY V IH N | B IH F AO R | SH IY | EH N T ER D | DH AH | W AO T ER,IY V IH N | B IH F AO R | SH IY | EH N T ER D | DH AH | W AO T ER,False,True,,homophone_substitution,phoneme overlap 6/6=1.00 (high)
VISITING ALMOST ALL PARTS OF THE EMPIRE,VISITING ALMOST ALL PARTS OF THE EMPIRE,V IH Z AH T IH NG | AO L M OW S T | AO L | P AA R T S | AH V | DH AH | EH M P AY ER,V IH Z AH T IH NG | AO L M OW S T | AO L | P AA R T S | AH V | DH AH | EH M P AY ER,False,True,,homophone_substitution,phoneme overlap 7/7=1.00 (high)
FROM SMALL SHIPS,FROM SMALL SHIPS,F R AH M | S M AO L | SH IH P S,F R AH M | S M AO L | SH IH P S,False,True,,homophone_substitution,phoneme overlap 3/3=1.00 (high)
IS IT TRUE SHE WAS,IS IT TRUE SHE WAS,IH Z | IH T | T R UW | SH IY | W AA Z,IH Z | IH T | T R UW | SH IY | W AA Z,False,True,,homophone_substitution,phoneme overlap 5/5=1.00 (high)
SOMETIMES IT'S DIFFICULT TO KNOW WHERE,SOMETIMES IT'S DIFFICULT TO KNOW WHERE,S AH M T AY M Z | IH T S | D IH F AH K AH L T | T UW | N OW | W EH R,S AH M T AY M Z | IH T S | D IH F AH K AH L T | T UW | N OW | W EH R,True,True,,homophone_substitution,phoneme overlap 6/6=1.00 (high)
IF YOU INTEND TO BID ON A PLACE,IF YOU INTEND TO BID ON A PLACE,IH F | Y UW | IH N T EH N D | T UW | B IH D | AA N | AH | P L EY S,IH F | Y UW | IH N T EH N D | T UW | B IH D | AA N | AH | P L EY S,True,True,,homophone_substitution,phoneme overlap 8/8=1.00 (high)
IT'S HARD TO COME AWAY FROM IT,IT'S HARD TO COME AWAY FROM IT,IH T S | HH AA R D | T UW | K AH M | AH W EY | F R AH M | IH T,IH T S | HH AA R D | T UW | K AH M | AH W EY | F R AH M | IH T,True,True,,homophone_substitution,phoneme overlap 7/7=1.00 (high)
IT SEEMS A VERY GOOD LOCATION,IT SEEMS A VERY GOOD LOCATION,IH T | S IY M Z | AH | V EH R IY | G UH D | L OW K EY SH AH N,IH T | S IY M Z | AH | V EH R IY | G UH D | L OW K EY SH AH N,True,True,,homophone_substitution,phoneme overlap 6/6=1.00 (high)
BECAUSE OF THE DEMAND OF THE MARKET,BECAUSE OF THE DEMAND OF THE MARKET,B IH K AO Z | AH V | DH AH | D IH M AE N D | AH V | DH AH | M AA R K AH T,B IH K AO Z | AH V | DH AH | D IH M AE N D | AH V | DH AH | M AA R K AH T,False,True,,homophone_substitution,phoneme overlap 5/5=1.00 (high)
IT MIGHT BE VIABLE,IT MIGHT BE VIABLE,IH T | M AY T | B IY | V AY AH B AH L,IH T | M AY T | B IY | V AY AH B AH L,True,True,,homophone_substitution,phoneme overlap 4/4=1.00 (high)
THAT'S MY KIND OF LOCATION,THAT'S MY KIND OF LOCATION,DH AE T S | M AY | K AY N D | AH V | L OW K EY SH AH N,DH AE T S | M AY | K AY N D | AH V | L OW K EY SH AH N,False,True,,homophone_substitution,phoneme overlap 5/5=1.00 (high)
WHAT WAS IT THAT MADE YOU THINK,WHAT WAS IT THAT MADE YOU THINK,W AH T | W AA Z | IH T | DH AE T | M EY D | Y UW | TH IH NG K,W AH T | W AA Z | IH T | DH AE T | M EY D | Y UW | TH IH NG K,True,True,,homophone_substitution,phoneme overlap 7/7=1.00 (high)
HOW CAN I DO THAT,HOW CAN I DO THAT,HH AW | K AE N | AY | D UW | DH AE T,HH AW | K AE N | AY | D UW | DH AE T,True,True,,homophone_substitution,phoneme overlap 5/5=1.00 (high)
DESTROYING THE PROPERTY,DESTROYING THE PROPERTY,D IH S T R OY IH NG | DH AH | P R AA P ER T IY,D IH S T R OY IH NG | DH AH | P R AA P ER T IY,False,True,,homophone_substitution,phoneme overlap 3/3=1.00 (high)
PURELY BY CHANCE,PURELY BY CHANCE,P Y UH R L IY | B AY | CH AE N S,P Y UH R L IY | B AY | CH AE N S,True,True,,homophone_substitution,phoneme overlap 3/3=1.00 (high)
ARE THEY STRUGGLING OR ARE THEY FLUSHED WITH SUCCESS,ARE THEY STRUGGLING OR ARE THEY FLUSHED WITH SUCCESS,AA R | DH EY | S T R AH G AH L IH NG | AO R | AA R | DH EY | F L AH SH T | W IH DH | S AH K S EH S,AA R | DH EY | S T R AH G AH L IH NG | AO R | AA R | DH EY | F L AH SH T | W IH DH | S AH K S EH S,True,True,,homophone_substitution,phoneme overlap 7/7=1.00 (high)
HE'S MY BUILDER,HE'S MY BUILDER,HH IY Z | M AY | B IH L D ER,HH IY Z | M AY | B IH L D ER,False,True,,homophone_substitution,phoneme overlap 3/3=1.00 (high)
WE PLAYED IN A BAND TOGETHER,WE PLAYED IN A BAND TOGETHER,W IY | P L EY D | IH N | AH | B AE N D | T AH G EH DH ER,W IY | P L EY D | IH N | AH | B AE N D | T AH G EH DH ER,True,True,,homophone_substitution,phoneme overlap 6/6=1.00 (high)
AFTER JUST A COUPLE OF DAYS,AFTER JUST A COUPLE OF DAYS,AE F T ER | JH AH S T | AH | K AH P AH L | AH V | D EY Z,AE F T ER | JH AH S T | AH | K AH P AH L | AH V | D EY Z,False,True,,homophone_substitution,phoneme overlap 6/6=1.00 (high)
JUST LIKE ANY GOOD COMIC BOOK VILLAIN,JUST LIKE ANY GOOD COMIC BOOK VILLAIN,JH AH S T | L AY K | EH N IY | G UH D | K AA M IH K | B UH K | V IH L AH N,JH AH S T | L AY K | EH N IY | G UH D | K AA M IH K | B UH K | V IH L AH N,False,True,,homophone_substitution,phoneme overlap 7/7=1.00 (high)
AND THEN OF COURSE,AND THEN OF COURSE,AH N D | DH EH N | AH V | K AO R S,AH N D | DH EH N | AH V | K AO R S,True,True,,homophone_substitution,phoneme overlap 4/4=1.00 (high)
DESPERATE TO PROVE YOUR BIZARRE THEORY,DESPERATE TO PROVE YOUR BIZARRE,D EH S P R IH T | T UW | P R UW V | Y AO R | B AH Z AA R | TH IH R IY,D EH S P R IH T | T UW | P R UW V | Y AO R | B AH Z AA R,True,False,truncation: model cut the last word of the sentence,truncation,"prediction shorter (5 vs 6), shared prefix 5/5"
BUT SINCE JACK'S FIRST DISCOVERY,BUT SINCE JACK'S FIRST DISCOVERY,B AH T | S IH N S | JH AE K S | F ER S T | D IH S K AH V ER IY,B AH T | S IH N S | JH AE K S | F ER S T | D IH S K AH V ER IY,True,True,,homophone_substitution,phoneme overlap 5/5=1.00 (high)
PROTECTED FROM THE PREVAILING WINDS,PROTECTED FROM THE PREVAILING WINDS,P R AH T EH K T AH D | F R AH M | DH AH | P R IH V EY L IH NG | W IH N D Z,P R AH T EH K T AH D | F R AH M | DH AH | P R IH V EY L IH NG | W IH N D Z,False,True,,homophone_substitution,phoneme overlap 5/5=1.00 (high)
SEARCHING FOR ANSWERS,SEARCHING FOR ANSWERS,S ER CH IH NG | F AO R | AE N S ER Z,S ER CH IH NG | F AO R | AE N S ER Z,True,True,,homophone_substitution,phoneme overlap 3/3=1.00 (high)
WE KNOW WHAT THEY ARE,WE KNOW WHAT THEY ARE,W IY | N OW | W AH T | DH EY | AA R,W IY | N OW | W AH T | DH EY | AA R,True,True,,homophone_substitution,phoneme overlap 5/5=1.00 (high)
THERE'S NO OBVIOUS REASON,THERE'S NO OBVIOUS REASON,DH EH R Z | N OW | AA B V IY AH S | R IY Z AH N,DH EH R Z | N OW | AA B V IY AH S | R IY Z AH N,True,True,,homophone_substitution,phoneme overlap 4/4=1.00 (high)
TAKING HORTICULTURE TO THE EXTREME,TAKING HORTICULTURE TO THE EXTREME,T EY K IH NG | HH AO R T IH K AH L CH ER | T UW | DH AH | IH K S T R IY M,T EY K IH NG | HH AO R T IH K AH L CH ER | T UW | DH AH | IH K S T R IY M,True,True,,homophone_substitution,phoneme overlap 5/5=1.00 (high)
THE WHOLE GARDENS ARE EXTRAORDINARY AND,THE WHOLE GARDENS ARE EXTRAORDINARY AND,DH AH | HH OW L | G AA R D AH N Z | AA R | IH K S T R AO R D AH N EH R IY | AH N D,DH AH | HH OW L | G AA R D AH N Z | AA R | IH K S T R AO R D AH N EH R IY | AH N D,True,True,,homophone_substitution,phoneme overlap 6/6=1.00 (high)
LIKE HUNDREDS OF THOUSANDS OF PEOPLE DO EVERY YEAR,LIKE HUNDREDS OF THOUSANDS OF PEOPLE DO EVERY YEAR,L AY K | HH AH N D R AH D Z | AH V | TH AW Z AH N D Z | AH V | P IY P AH L | D UW | EH V ER IY | Y IH R,L AY K | HH AH N D R AH D Z | AH V | TH AW Z AH N D Z | AH V | P IY P AH L | D UW | EH V ER IY | Y IH R,True,True,,homophone_substitution,phoneme overlap 8/8=1.00 (high)
BUT NOW THERE'S MORE PROTECTION,BUT NOW THERE'S MORE PROTECTION,B AH T | N AW | DH EH R Z | M AO R | P R AH T EH K SH AH N,B AH T | N AW | DH EH R Z | M AO R | P R AH T EH K SH AH N,True,True,,homophone_substitution,phoneme overlap 5/5=1.00 (high)
ABOUT 20 YEARS AGO,ABOUT 20 YEARS AGO,AH B AW T | ? | Y IH R Z | AH G OW,AH B AW T | ? | Y IH R Z | AH G OW,True,True,,homophone_substitution,phoneme overlap 4/4=1.00 (high)
ENJOY THE SUMMER,ENJOY THE SUMMER,EH N JH OY | DH AH | S AH M ER,EH N JH OY | DH AH | S AH M ER,False,True,,homophone_substitution,phoneme overlap 3/3=1.00 (high)
ARE THEY RELATIVES OF YOURS,ARE THEY RELATIVES OF YOURS,AA R | DH EY | R EH L AH T IH V Z | AH V | Y UH R Z,AA R | DH EY | R EH L AH T IH V Z | AH V | Y UH R Z,True,True,,homophone_substitution,phoneme overlap 5/5=1.00 (high)
NOT JUST A HOTEL,NOT JUST A HOTEL,N AA T | JH AH S T | AH | HH OW T EH L,N AA T | JH AH S T | AH | HH OW T EH L,True,True,,homophone_substitution,phoneme overlap 4/4=1.00 (high)
BUT THE WALDORF ASTORIA,BUT THE WALLDORF STORY A,B AH T | DH AH | W AO L D AO R F | AE S T AO R IY AH,B AH T | DH AH | ? | S T AO R IY | AH,True,False,,semantic_substitution,prediction has CMU OOV AND phoneme-word count differs (tgt=4 hyp=5)
THEY WOULD BE ABLE TO GO BACK,THEY WOULD BE ABLE TO GO BACK,DH EY | W UH D | B IY | EY B AH L | T UW | G OW | B AE K,DH EY | W UH D | B IY | EY B AH L | T UW | G OW | B AE K,True,True,,homophone_substitution,phoneme overlap 7/7=1.00 (high)
NOT JUST A HOTEL,NOT JUST A HOTEL,N AA T | JH AH S T | AH | HH OW T EH L,N AA T | JH AH S T | AH | HH OW T EH L,True,True,,homophone_substitution,phoneme overlap 4/4=1.00 (high)
EVERY SEPTEMBER THIS PLACE WOULD BE TRANSFORMED INTO WHAT WAS,EVERY SEPTEMBER THIS PLACE WOULD BE TRANSFORMED INTO WHAT WAS,EH V ER IY | S EH P T EH M B ER | DH IH S | P L EY S | W UH D | B IY | T R AE N S F AO R M D | IH N T UW | W AH T | W AA Z,EH V ER IY | S EH P T EH M B ER | DH IH S | P L EY S | W UH D | B IY | T R AE N S F AO R M D | IH N T UW | W AH T | W AA Z,True,True,,homophone_substitution,phoneme overlap 10/10=1.00 (high)
FOR OVER 700 YEARS,FOR OVER 700 YEARS,F AO R | OW V ER | ? | Y IH R Z,F AO R | OW V ER | ? | Y IH R Z,True,True,,homophone_substitution,phoneme overlap 4/4=1.00 (high)
SO FROM HIS VANTAGE POINT,SO FROM HIS VANTAGE POINT,S OW | F R AH M | HH IH Z | V AE N T AH JH | P OY N T,S OW | F R AH M | HH IH Z | V AE N T AH JH | P OY N T,True,True,,homophone_substitution,phoneme overlap 5/5=1.00 (high)
THERE IS NO AIR SO THERE IS NO SOUND,THERE IS NO AIR SO THERE IS no SOUND,DH EH R | IH Z | N OW | EH R | S OW | DH EH R | IH Z | N OW | S AW N D,DH EH R | IH Z | N OW | EH R | S OW | DH EH R | IH Z | N OW | S AW N D,True,True,,boundary_hallucination,"same letters, space differs (tgt_words=9 hyp_words=9)"
WITH ONE OF THE ROOMS UPSTAIRS,WITH ONE OF THE ROOMS UPSTAIRS,W IH DH | W AH N | AH V | DH AH | R UW M Z | AH P S T EH R Z,W IH DH | W AH N | AH V | DH AH | R UW M Z | AH P S T EH R Z,True,True,,homophone_substitution,phoneme overlap 6/6=1.00 (high)
WHICH IS ONLY 10 MINUTES AWAY,WHICH IS ONLY TEN MINUTES AWAY,W IH CH | IH Z | OW N L IY | ? | M IH N AH T S | AH W EY,W IH CH | IH Z | OW N L IY | T EH N | M IH N AH T S | AH W EY,True,False,,digit_word_rendering,"digit/word side mismatch (tgt_digit=True, hyp_digit=False)"
THIS IS A SWEET,THIS IS A SWEET,DH IH S | IH Z | AH | S W IY T,DH IH S | IH Z | AH | S W IY T,False,True,,homophone_substitution,phoneme overlap 4/4=1.00 (high)
BEFORE WE ALL GET TOO EXCITED ABOUT THAT PROSPECT,BEFORE WE ALL GET TOO EXCITED ABOUT THAT PROJECT,B IH F AO R | W IY | AO L | G EH T | T UW | IH K S AY T AH D | AH B AW T | DH AE T | P R AA S P EH K T,B IH F AO R | W IY | AO L | G EH T | T UW | IH K S AY T AH D | AH B AW T | DH AE T | P R AA JH EH K T,True,False,,homophone_substitution,phoneme overlap 8/9=0.89 (high)
IT CAN BE QUITE EXPENSIVE,IT CAN BE QUITE EXPENSIVE,IH T | K AE N | B IY | K W AY T | IH K S P EH N S IH V,IH T | K AE N | B IY | K W AY T | IH K S P EH N S IH V,True,True,,homophone_substitution,phoneme overlap 5/5=1.00 (high)
IT'S A MULTICULTURAL,IT'S A MULTICULTURAL,IH T S | AH | M AH L T IY K AH L CH ER AH L,IH T S | AH | M AH L T IY K AH L CH ER AH L,False,True,,homophone_substitution,phoneme overlap 3/3=1.00 (high)
BUYING A NEW BUILD PROPERTY SHOULD MEAN YOU DON'T HAVE ANY WORK TO DO,BUYING A NEW BUILD PROPERTY SHOULD MEAN YOU DON'T HAVE ANY WORK TO DO,B AY IH NG | AH | N UW | B IH L D | P R AA P ER T IY | SH UH D | M IY N | Y UW | D OW N T | HH AE V | EH N IY | W ER K | T UW | D UW,B AY IH NG | AH | N UW | B IH L D | P R AA P ER T IY | SH UH D | M IY N | Y UW | D OW N T | HH AE V | EH N IY | W ER K | T UW | D UW,True,True,,homophone_substitution,phoneme overlap 14/14=1.00 (high)
SOME ISSUES WITH POTENTIAL DAMP,SOME ISSUES WITH POTENTIAL DAMP,S AH M | IH SH UW Z | W IH DH | P AH T EH N SH AH L | D AE M P,S AH M | IH SH UW Z | W IH DH | P AH T EH N SH AH L | D AE M P,True,True,,homophone_substitution,phoneme overlap 5/5=1.00 (high)
A GREAT PLACE FOR HIM TO BE,A GREAT PLACE FOR HIM TO BE,AH | G R EY T | P L EY S | F AO R | HH IH M | T UW | B IY,AH | G R EY T | P L EY S | F AO R | HH IH M | T UW | B IY,True,True,,homophone_substitution,phoneme overlap 7/7=1.00 (high)
WE HAVE TO PAY FOR THAT,WE HAVE TO PAY FOR THAT,W IY | HH AE V | T UW | P EY | F AO R | DH AE T,W IY | HH AE V | T UW | P EY | F AO R | DH AE T,True,True,,homophone_substitution,phoneme overlap 6/6=1.00 (high)
SO RATHER THAN JUST RELYING ON THIS INFORMATION,SO RATHER THAN JUST RELYING ON THIS INFORMATION,S OW | R AE DH ER | DH AE N | JH AH S T | R IY L AY IH NG | AA N | DH IH S | IH N F ER M EY SH AH N,S OW | R AE DH ER | DH AE N | JH AH S T | R IY L AY IH NG | AA N | DH IH S | IH N F ER M EY SH AH N,True,True,,homophone_substitution,phoneme overlap 8/8=1.00 (high)
ALL OF THE BRAIN IS COMBINING ALL THE DIFFERENT SENSES,ALL OF THE BRAIN IS COMBINING ALL THE DIFFERENT SENSES,AO L | AH V | DH AH | B R EY N | IH Z | K AH M B AY N IH NG | AO L | DH AH | D IH F ER AH N T | S EH N S IH Z,AO L | AH V | DH AH | B R EY N | IH Z | K AH M B AY N IH NG | AO L | DH AH | D IH F ER AH N T | S EH N S IH Z,False,True,,homophone_substitution,phoneme overlap 8/8=1.00 (high)
WHO DOESN'T HAVE VISION,WHO DOESN'T HAVE VISION,HH UW | D AH Z AH N T | HH AE V | V IH ZH AH N,HH UW | D AH Z AH N T | HH AE V | V IH ZH AH N,True,True,,homophone_substitution,phoneme overlap 4/4=1.00 (high)
SO YOU HAVE YOUR BATHROOM IN THIS AREA AND THEN,SO YOU HAVE YOUR BATHROOM IN THIS AREA AND THEN,S OW | Y UW | HH AE V | Y AO R | B AE TH R UW M | IH N | DH IH S | EH R IY AH | AH N D | DH EH N,S OW | Y UW | HH AE V | Y AO R | B AE TH R UW M | IH N | DH IH S | EH R IY AH | AH N D | DH EH N,True,True,,homophone_substitution,phoneme overlap 10/10=1.00 (high)
WHEN I SEE THAT,WHEN I SEE THAT,W EH N | AY | S IY | DH AE T,W EH N | AY | S IY | DH AE T,True,True,,homophone_substitution,phoneme overlap 4/4=1.00 (high)
AND I WOULDN'T BE SURPRISED,AND I WOULDN'T BE SURPRISED,AH N D | AY | W UH D AH N T | B IY | S ER P R AY Z D,AH N D | AY | W UH D AH N T | B IY | S ER P R AY Z D,True,True,,homophone_substitution,phoneme overlap 5/5=1.00 (high)
THIS IS VERY SIMILAR,THIS IS VERY SIMILAR,DH IH S | IH Z | V EH R IY | S IH M AH L ER,DH IH S | IH Z | V EH R IY | S IH M AH L ER,True,True,,homophone_substitution,phoneme overlap 4/4=1.00 (high)
OR HAVE THEY ENCOUNTERED PROBLEMS,OR HAVE THEY ENCOUNTERED PROBLEMS,AO R | HH AE V | DH EY | IH N K AW N T ER D | P R AA B L AH M Z,AO R | HH AE V | DH EY | IH N K AW N T ER D | P R AA B L AH M Z,True,True,,homophone_substitution,phoneme overlap 5/5=1.00 (high)
AND TURNING UPSTAIRS INTO AN OPEN PLAN AREA IS DEFINITELY THE WAY TO GO,AND TURNING UPSTAIRS INTO AN OPEN PLAN AREA IS DEFINITELY THE WAY TO GO,AH N D | T ER N IH NG | AH P S T EH R Z | IH N T UW | AE N | OW P AH N | P L AE N | EH R IY AH | IH Z | D EH F AH N AH T L IY | DH AH | W EY | T UW | G OW,AH N D | T ER N IH NG | AH P S T EH R Z | IH N T UW | AE N | OW P AH N | P L AE N | EH R IY AH | IH Z | D EH F AH N AH T L IY | DH AH | W EY | T UW | G OW,True,True,,homophone_substitution,phoneme overlap 14/14=1.00 (high)
TRAVEL THREE MILES FURTHER WEST AND YOU DO GET MORE FOR YOUR MONEY,TRAVEL THREE MILES FURTHER WEST AND YOU DO GET MORE FOR YOUR MONEY,T R AE V AH L | TH R IY | M AY L Z | F ER DH ER | W EH S T | AH N D | Y UW | D UW | G EH T | M AO R | F AO R | Y AO R | M AH N IY,T R AE V AH L | TH R IY | M AY L Z | F ER DH ER | W EH S T | AH N D | Y UW | D UW | G EH T | M AO R | F AO R | Y AO R | M AH N IY,True,True,,homophone_substitution,phoneme overlap 13/13=1.00 (high)
IF THAT WAS FITTED OUT,IF THAT WAS FITTED OUT,IH F | DH AE T | W AA Z | F IH T AH D | AW T,IH F | DH AE T | W AA Z | F IH T AH D | AW T,False,True,,homophone_substitution,phoneme overlap 5/5=1.00 (high)
WILL IT BE A FUN,WILL IT BE A FUN,W IH L | IH T | B IY | AH | F AH N,W IH L | IH T | B IY | AH | F AH N,True,True,,homophone_substitution,phoneme overlap 5/5=1.00 (high)
FABULOUS PROJECT FOR THEM,FABULOUS PROJECT FOR THEM,F AE B Y AH L AH S | P R AA JH EH K T | F AO R | DH EH M,F AE B Y AH L AH S | P R AA JH EH K T | F AO R | DH EH M,True,True,,homophone_substitution,phoneme overlap 4/4=1.00 (high)
WILL IT BE ABOVE PAR,WILL IT BE ABOVE PAR,W IH L | IH T | B IY | AH B AH V | P AA R,W IH L | IH T | B IY | AH B AH V | P AA R,True,True,,homophone_substitution,phoneme overlap 5/5=1.00 (high)
THAT'S AN OPTION,THAT'S AN OPTION,DH AE T S | AE N | AA P SH AH N,DH AE T S | AE N | AA P SH AH N,True,True,,homophone_substitution,phoneme overlap 3/3=1.00 (high)
THAT'S VERY BAD NEWS,THAT'S VERY BAD NEWS,DH AE T S | V EH R IY | B AE D | N UW Z,DH AE T S | V EH R IY | B AE D | N UW Z,True,True,,homophone_substitution,phoneme overlap 4/4=1.00 (high)
AND THAT'S REALLY WELL DONE,AND THAT'S REALLY WELL DONE,AH N D | DH AE T S | R IH L IY | W EH L | D AH N,AH N D | DH AE T S | R IH L IY | W EH L | D AH N,True,True,,homophone_substitution,phoneme overlap 5/5=1.00 (high)
IT TAKES HARD WORK,IT TAKES HARD WORK,IH T | T EY K S | HH AA R D | W ER K,IH T | T EY K S | HH AA R D | W ER K,False,True,,homophone_substitution,phoneme overlap 4/4=1.00 (high)
AND THINGS LIKE THAT WE'LL DO OURSELVES,AND THINGS LIKE THAT WE'LL DO OURSELVES,AH N D | TH IH NG Z | L AY K | DH AE T | W IY L | D UW | AW ER S EH L V Z,AH N D | TH IH NG Z | L AY K | DH AE T | W IY L | D UW | AW ER S EH L V Z,True,True,,homophone_substitution,phoneme overlap 7/7=1.00 (high)
THIS AUCTION LOT HAS IT IN SPADES,THIS AUCTION LOT HAS IT IN SPADES,DH IH S | AA K SH AH N | L AA T | HH AE Z | IH T | IH N | S P EY D Z,DH IH S | AA K SH AH N | L AA T | HH AE Z | IH T | IH N | S P EY D Z,True,True,,homophone_substitution,phoneme overlap 7/7=1.00 (high)
IF YOU CAN'T GO UP,IF YOU CAN'T GO UP,IH F | Y UW | K AE N T | G OW | AH P,IH F | Y UW | K AE N T | G OW | AH P,True,True,,homophone_substitution,phoneme overlap 5/5=1.00 (high)
IT'S COSMETICALLY IMPROVED QUITE DRASTICALLY HERE,IT'S COSMETICALLY IMPROVED QUITE DRASTICALLY HERE,IH T S | K AO Z M EH T IH K L IY | IH M P R UW V D | K W AY T | D R AE S T IH K L IY | HH IY R,IH T S | K AO Z M EH T IH K L IY | IH M P R UW V D | K W AY T | D R AE S T IH K L IY | HH IY R,True,True,,homophone_substitution,phoneme overlap 6/6=1.00 (high)
ON THE SECOND FLOOR,ON THE SECOND FLOOR,AA N | DH AH | S EH K AH N D | F L AO R,AA N | DH AH | S EH K AH N D | F L AO R,False,True,,homophone_substitution,phoneme overlap 4/4=1.00 (high)
IT'S VERY CLEAN,IT'S VERY CLEAN,IH T S | V EH R IY | K L IY N,IH T S | V EH R IY | K L IY N,True,True,,homophone_substitution,phoneme overlap 3/3=1.00 (high)
THE APPLIANCES HAVE BEEN DONE NICELY,THE APPLIANCES HAVE BEEN DONE NICELY,DH AH | AH P L AY AH N S AH Z | HH AE V | B IH N | D AH N | N AY S L IY,DH AH | AH P L AY AH N S AH Z | HH AE V | B IH N | D AH N | N AY S L IY,True,True,,homophone_substitution,phoneme overlap 6/6=1.00 (high)
IT COULD BE YOUR PASSPORT TO A SMALL FORTUNE,IT COULD BE YOUR PASSPORT TO A SMALL FORTUNE,IH T | K UH D | B IY | Y AO R | P AE S P AO R T | T UW | AH | S M AO L | F AO R CH AH N,IH T | K UH D | B IY | Y AO R | P AE S P AO R T | T UW | AH | S M AO L | F AO R CH AH N,True,True,,homophone_substitution,phoneme overlap 9/9=1.00 (high)
IN OTHER WORDS MADE THE BASE,IN OTHER WORDS MADE THE BASE,IH N | AH DH ER | W ER D Z | M EY D | DH AH | B EY S,IH N | AH DH ER | W ER D Z | M EY D | DH AH | B EY S,True,True,,homophone_substitution,phoneme overlap 6/6=1.00 (high)
GARAGE AND TECHNO FUNK,GARAGE AND TECHNO FUNK,G ER AA ZH | AH N D | T EH K N OW | F AH NG K,G ER AA ZH | AH N D | T EH K N OW | F AH NG K,False,True,,homophone_substitution,phoneme overlap 4/4=1.00 (high)
END OF NOVEMBER,END OF NOVEMBER,EH N D | AH V | N OW V EH M B ER,EH N D | AH V | N OW V EH M B ER,False,True,,homophone_substitution,phoneme overlap 3/3=1.00 (high)
LOOK AT ME AT ALL,LOOK AT ME AT ALL,L UH K | AE T | M IY | AE T | AO L,L UH K | AE T | M IY | AE T | AO L,False,True,,homophone_substitution,phoneme overlap 4/4=1.00 (high)
BECAUSE I MUST SAY,BECAUSE I MUST SAY,B IH K AO Z | AY | M AH S T | S EY,B IH K AO Z | AY | M AH S T | S EY,True,True,,homophone_substitution,phoneme overlap 4/4=1.00 (high)
THE FOLLOWING SPRING,THE FOLLOWING SPRING,DH AH | F AA L OW IH NG | S P R IH NG,DH AH | F AA L OW IH NG | S P R IH NG,False,True,,homophone_substitution,phoneme overlap 3/3=1.00 (high)
AND THAT'S ALL ABOUT,AND THAT'S ALL ABOUT,AH N D | DH AE T S | AO L | AH B AW T,AH N D | DH AE T S | AO L | AH B AW T,False,True,,homophone_substitution,phoneme overlap 4/4=1.00 (high)
I TEND TO USE NATURAL BRITISH STONE,I TEND TO USE NATURAL BRITISH STONE,AY | T EH N D | T UW | Y UW S | N AE CH ER AH L | B R IH T IH SH | S T OW N,AY | T EH N D | T UW | Y UW S | N AE CH ER AH L | B R IH T IH SH | S T OW N,True,True,,homophone_substitution,phoneme overlap 7/7=1.00 (high)
IF YOU TRAVEL THE WORLD,IF YOU TRAVEL THE WORLD,IH F | Y UW | T R AE V AH L | DH AH | W ER L D,IH F | Y UW | T R AE V AH L | DH AH | W ER L D,True,True,,homophone_substitution,phoneme overlap 5/5=1.00 (high)
HERE IN THIS GREENHOUSE AND THE OTHER ONE,HERE IN THIS GREENHOUSE AND THE OTHER ONE,HH IY R | IH N | DH IH S | G R IY N HH AW S | AH N D | DH AH | AH DH ER | W AH N,HH IY R | IH N | DH IH S | G R IY N HH AW S | AH N D | DH AH | AH DH ER | W AH N,True,True,,homophone_substitution,phoneme overlap 8/8=1.00 (high)
AS LONG AS YOU'RE CALM,AS LONG AS YOU'RE COME,AE Z | L AO NG | AE Z | Y UH R | K AA M,AE Z | L AO NG | AE Z | Y UH R | K AH M,False,False,"consonant-drop near-homophone: K AA M -> K AH M, dropped L",homophone_substitution,phoneme overlap 3/4=0.75 (high)
IS IT ALL GOOD NEWS,IS IT ALL GOOD NEWS,IH Z | IH T | AO L | G UH D | N UW Z,IH Z | IH T | AO L | G UH D | N UW Z,False,True,,homophone_substitution,phoneme overlap 5/5=1.00 (high)
WHY ARE MANY SUPERMARKETS STOPPING SELLING CAGED EGGS,WHY ARE MANY SUPERMARKETS STOPPING SELLING CAGED EGGS,W AY | AA R | M EH N IY | S UW P ER M AA R K IH T S | S T AA P IH NG | S EH L IH NG | K EY JH D | EH G Z,W AY | AA R | M EH N IY | S UW P ER M AA R K IH T S | S T AA P IH NG | S EH L IH NG | K EY JH D | EH G Z,True,True,,homophone_substitution,phoneme overlap 8/8=1.00 (high)
FREE RANGE GOOD,FREE RANGE GOOD,F R IY | R EY N JH | G UH D,F R IY | R EY N JH | G UH D,False,True,,homophone_substitution,phoneme overlap 3/3=1.00 (high)
TO MAKE IT WORK,TO MAKE IT WORK,T UW | M EY K | IH T | W ER K,T UW | M EY K | IH T | W ER K,True,True,,homophone_substitution,phoneme overlap 4/4=1.00 (high)
VERY FEW REMAIN,VERY FEW REMAIN,V EH R IY | F Y UW | R IH M EY N,V EH R IY | F Y UW | R IH M EY N,True,True,,homophone_substitution,phoneme overlap 3/3=1.00 (high)
TAKING IT ALL IN,TAKING IT ALL IN,T EY K IH NG | IH T | AO L | IH N,T EY K IH NG | IH T | AO L | IH N,True,True,,homophone_substitution,phoneme overlap 4/4=1.00 (high)
ONE NORTHERN WELSH RULER,ONE NORTHERN WELSH RULER,W AH N | N AO R DH ER N | W EH L CH | R UW L ER,W AH N | N AO R DH ER N | W EH L CH | R UW L ER,True,True,,homophone_substitution,phoneme overlap 4/4=1.00 (high)
FORMALLY ACKNOWLEDGED HIS TITLE AS THE PRINCE OF WALES,FORMALLY ANNOLLED HIS TITLE AS THE PRINCE OF WALES,F AO R M AH L IY | AE K N AA L IH JH D | HH IH Z | T AY T AH L | AE Z | DH AH | P R IH N S | AH V | W EY L Z,F AO R M AH L IY | ? | HH IH Z | T AY T AH L | AE Z | DH AH | P R IH N S | AH V | W EY L Z,True,False,,non_word_spelling,prediction has CMU OOV; phoneme-word counts equal (9)
AND HERE ON TOP OF THE EAGLE TOWER,AND HERE ON TOP OF THE EAGLE TOWER,AH N D | HH IY R | AA N | T AA P | AH V | DH AH | IY G AH L | T AW ER,AH N D | HH IY R | AA N | T AA P | AH V | DH AH | IY G AH L | T AW ER,True,True,,homophone_substitution,phoneme overlap 8/8=1.00 (high)
WHICH IS NOW IN SYRIA,WHICH IS NOW IN SURREY,W IH CH | IH Z | N AW | IH N | S IH R IY AH,W IH CH | IH Z | N AW | IH N | S ER IY,True,False,,homophone_substitution,phoneme overlap 4/5=0.80 (high)
IT WAS A BLANK CANVAS,IT WAS A BLANK CANVAS,IH T | W AA Z | AH | B L AE NG K | K AE N V AH S,IH T | W AA Z | AH | B L AE NG K | K AE N V AH S,True,True,,homophone_substitution,phoneme overlap 5/5=1.00 (high)
IN THE FIRST YEAR ALONE,IN THE FIRST YEAR ALONE,IH N | DH AH | F ER S T | Y IH R | AH L OW N,IH N | DH AH | F ER S T | Y IH R | AH L OW N,True,True,,homophone_substitution,phoneme overlap 5/5=1.00 (high)
AS SHE LAY DYING,AS SHE LAY DYING,AE Z | SH IY | L EY | D AY IH NG,AE Z | SH IY | L EY | D AY IH NG,False,True,,homophone_substitution,phoneme overlap 4/4=1.00 (high)
THE GARRISON RESPONDED WITH A HAIL OF ARROWS,THE GARRISON RESPONDED WITH A HAIL OF ARROWS,DH AH | G AE R IH S AH N | R IH S P AA N D IH D | W IH DH | AH | HH EY L | AH V | AE R OW Z,DH AH | G AE R IH S AH N | R IH S P AA N D IH D | W IH DH | AH | HH EY L | AH V | AE R OW Z,True,True,,homophone_substitution,phoneme overlap 8/8=1.00 (high)
AND WHEN YOU'RE MOVING THROUGH ENEMY TERRITORY,AND WHEN YOU'RE MOVING THROUGH ENEMY TERRITORY,AH N D | W EH N | Y UH R | M UW V IH NG | TH R UW | EH N AH M IY | T EH R IH T AO R IY,AH N D | W EH N | Y UH R | M UW V IH NG | TH R UW | EH N AH M IY | T EH R IH T AO R IY,True,True,,homophone_substitution,phoneme overlap 7/7=1.00 (high)
THE GARRISON TRIED TO SURRENDER BEFORE HE COULD TRY OUT HIS NEW TOY,THE GARISON TRIED TO SURRENDER BEFORE HE COULD TRY OUT HIS NEW TOY,DH AH | G AE R IH S AH N | T R AY D | T UW | S ER EH N D ER | B IH F AO R | HH IY | K UH D | T R AY | AW T | HH IH Z | N UW | T OY,DH AH | ? | T R AY D | T UW | S ER EH N D ER | B IH F AO R | HH IY | K UH D | T R AY | AW T | HH IH Z | N UW | T OY,True,False,,non_word_spelling,prediction has CMU OOV; phoneme-word counts equal (13)
HE ORDERED THEM BACK INSIDE,HE ORDERED THEM BACK INSIDE,HH IY | AO R D ER D | DH EH M | B AE K | IH N S AY D,HH IY | AO R D ER D | DH EH M | B AE K | IH N S AY D,False,True,,homophone_substitution,phoneme overlap 5/5=1.00 (high)
YOU DON'T DESERVE MY GRACE,YOU DON'T DESERVE MY GRACE,Y UW | D OW N T | D IH Z ER V | M AY | G R EY S,Y UW | D OW N T | D IH Z ER V | M AY | G R EY S,True,True,,homophone_substitution,phoneme overlap 5/5=1.00 (high)
TAKING NO CHANCES,TAKING NO CHANCES,T EY K IH NG | N OW | CH AE N S AH Z,T EY K IH NG | N OW | CH AE N S AH Z,True,True,,homophone_substitution,phoneme overlap 3/3=1.00 (high)
TEARING IT TO THE GROUND,TERRIFYING IT TO THE GROUND,T EH R IH NG | IH T | T UW | DH AH | G R AW N D,T EH R AH F AY IH NG | IH T | T UW | DH AH | G R AW N D,True,False,,homophone_substitution,phoneme overlap 4/5=0.80 (high)
THERE WAS A PORTCULLIS,THERE WAS A PERKELLIS,DH EH R | W AA Z | AH | ?,DH EH R | W AA Z | AH | ?,True,False,,homophone_substitution,phoneme overlap 4/4=1.00 (high)
PEOPLE SAT ON THE STAIRS,PEOPLE SAT ON THE STAIRS,P IY P AH L | S AE T | AA N | DH AH | S T EH R Z,P IY P AH L | S AE T | AA N | DH AH | S T EH R Z,False,True,,homophone_substitution,phoneme overlap 5/5=1.00 (high)
WHICH IS IDEAL FOR IT,WHICH IS IDEAL FOR IT,W IH CH | IH Z | AY D IY L | F AO R | IH T,W IH CH | IH Z | AY D IY L | F AO R | IH T,True,True,,homophone_substitution,phoneme overlap 5/5=1.00 (high)
CRACKS WILL APPEAR,CRACKS WILL APPEAR,K R AE K S | W IH L | AH P IH R,K R AE K S | W IH L | AH P IH R,False,True,,homophone_substitution,phoneme overlap 3/3=1.00 (high)
SOMEONE CAME OUT OF A NEIGHBOURING PROPERTY AND SAID,SOMEONE CAME OUT OF A NEIGHBOURING PROPERTY AND SAID,S AH M W AH N | K EY M | AW T | AH V | AH | ? | P R AA P ER T IY | AH N D | S EH D,S AH M W AH N | K EY M | AW T | AH V | AH | ? | P R AA P ER T IY | AH N D | S EH D,False,True,,homophone_substitution,phoneme overlap 9/9=1.00 (high)
VERY EXPENSIVE SHED,VERY EXPENSIVE SHED,V EH R IY | IH K S P EH N S IH V | SH EH D,V EH R IY | IH K S P EH N S IH V | SH EH D,True,True,,homophone_substitution,phoneme overlap 3/3=1.00 (high)
WITHOUT MY SUNGLASSES,WITHOUT MY SUNGLASSES,W IH TH AW T | M AY | S AH N G L AE S IH Z,W IH TH AW T | M AY | S AH N G L AE S IH Z,False,True,,homophone_substitution,phoneme overlap 3/3=1.00 (high)
EVEN THE FOREPLAY,EVEN THE FOUR PLAY,IY V IH N | DH AH | F AO R P L EY,IY V IH N | DH AH | F AO R | P L EY,False,False,boundary hallucination: space inserted between FORE- and PLAY,homophone_substitution,phoneme overlap 2/4=0.50 (high)
AND THEN WHEN IT CAME TO HIS SIGNATURE,AND THEN WHEN IT CAME TO HIS SIGNATURE,AH N D | DH EH N | W EH N | IH T | K EY M | T UW | HH IH Z | S IH G N AH CH ER,AH N D | DH EH N | W EH N | IH T | K EY M | T UW | HH IH Z | S IH G N AH CH ER,True,True,,homophone_substitution,phoneme overlap 8/8=1.00 (high)
IT'S A BAKING SHOW,IT'S A BAKING SHOW,IH T S | AH | B EY K IH NG | SH OW,IH T S | AH | B EY K IH NG | SH OW,False,True,,homophone_substitution,phoneme overlap 4/4=1.00 (high)
SHE'S PUSHED HERSELF,SHE'S PUSHED HERSELF,SH IY Z | P UH SH T | HH ER S EH L F,SH IY Z | P UH SH T | HH ER S EH L F,False,True,,homophone_substitution,phoneme overlap 3/3=1.00 (high)
IT SOUNDS WRONG,IT SOUNDS WRONG,IH T | S AW N D Z | R AO NG,IH T | S AW N D Z | R AO NG,False,True,,homophone_substitution,phoneme overlap 3/3=1.00 (high)
WHAT HAVE YOU LEARNED,WHAT HAVE YOU LEARNED,W AH T | HH AE V | Y UW | L ER N D,W AH T | HH AE V | Y UW | L ER N D,True,True,,homophone_substitution,phoneme overlap 4/4=1.00 (high)
CHILDREN AND ADULTS ALIKE,CHILDREN AND ADULTS ALIKE,CH IH L D R AH N | AH N D | AH D AH L T S | AH L AY K,CH IH L D R AH N | AH N D | AH D AH L T S | AH L AY K,False,True,,homophone_substitution,phoneme overlap 4/4=1.00 (high)
THAT'S A SHOCKING PERCENTAGE,THAT'S A SHOCKING PERCENTAGE,DH AE T S | AH | SH AA K IH NG | P ER S EH N T AH JH,DH AE T S | AH | SH AA K IH NG | P ER S EH N T AH JH,False,True,,homophone_substitution,phoneme overlap 4/4=1.00 (high)
I'M JUST HOPEFUL,I'M JUST HOPEFUL,AY M | JH AH S T | HH OW P F AH L,AY M | JH AH S T | HH OW P F AH L,False,True,,homophone_substitution,phoneme overlap 3/3=1.00 (high)
WE HAVE A LOT LESS ATMOSPHERE ABOVE US,WE HAVE A LOT LESS ATMOSPHERE ABOVE US,W IY | HH AE V | AH | L AA T | L EH S | AE T M AH S F IH R | AH B AH V | AH S,W IY | HH AE V | AH | L AA T | L EH S | AE T M AH S F IH R | AH B AH V | AH S,True,True,,homophone_substitution,phoneme overlap 8/8=1.00 (high)
NO LONGER WOULD MEASUREMENT BE BASED ON THE HUMAN BODY,NO LONGER WOULD MEASUREMENT BE BASED ON THE HUMAN BODY,N OW | L AO NG G ER | W UH D | M EH ZH ER M AH N T | B IY | B EY S T | AA N | DH AH | HH Y UW M AH N | B AA D IY,N OW | L AO NG G ER | W UH D | M EH ZH ER M AH N T | B IY | B EY S T | AA N | DH AH | HH Y UW M AH N | B AA D IY,True,True,,homophone_substitution,phoneme overlap 10/10=1.00 (high)
NO LONGER DEPENDENT ON THE SUN,NO LONGER DEPENDENT ON THE SUN,N OW | L AO NG G ER | D IH P EH N D AH N T | AA N | DH AH | S AH N,N OW | L AO NG G ER | D IH P EH N D AH N T | AA N | DH AH | S AH N,True,True,,homophone_substitution,phoneme overlap 6/6=1.00 (high)
WHILE I'M SURROUNDED BY WATER RIGHT NOW,WHILE I'M SURROUNDED BY WATER RIGHT NOW,W AY L | AY M | S ER AW N D AH D | B AY | W AO T ER | R AY T | N AW,W AY L | AY M | S ER AW N D AH D | B AY | W AO T ER | R AY T | N AW,True,True,,homophone_substitution,phoneme overlap 7/7=1.00 (high)
OUR CONTINUED PRESSURE,OUR CONTINUED PRESSURE,AW ER | K AH N T IH N Y UW D | P R EH SH ER,AW ER | K AH N T IH N Y UW D | P R EH SH ER,True,True,,homophone_substitution,phoneme overlap 3/3=1.00 (high)
AND INFLAMMATORY PHOTOGRAPH,AND IN FLAMATORY PHOTOGRAPH,AH N D | IH N F L AE M AH T AO R IY | F OW T AH G R AE F,AH N D | IH N | ? | F OW T AH G R AE F,False,False,boundary hallucination + non-word: IN- split and FLAMATORY is invalid,semantic_substitution,prediction has CMU OOV AND phoneme-word count differs (tgt=3 hyp=4)
INFLAMMATORY OR TERRIBLE IMAGES,IN FLAMMATORY OR TERRIBLE IMAGES,IH N F L AE M AH T AO R IY | AO R | T EH R AH B AH L | IH M AH JH AH Z,IH N | ? | AO R | T EH R AH B AH L | IH M AH JH AH Z,True,False,,boundary_hallucination,"same letters, space differs (tgt_words=4 hyp_words=5)"
WE HAVE TO LOOK AT HOW SAUDI ARABIA,WE HAVE TO LOOK AT HOW SAUDI ARABIA,W IY | HH AE V | T UW | L UH K | AE T | HH AW | S AO D IY | ER EY B IY AH,W IY | HH AE V | T UW | L UH K | AE T | HH AW | S AO D IY | ER EY B IY AH,True,True,,homophone_substitution,phoneme overlap 8/8=1.00 (high)
IN TERMS OF BRITAIN,IN TERMS OF BRITAIN,IH N | T ER M Z | AH V | B R IH T AH N,IH N | T ER M Z | AH V | B R IH T AH N,True,True,,homophone_substitution,phoneme overlap 4/4=1.00 (high)
TO THE AVERAGE PERSON,TO THE AVERAGE PERSON,T UW | DH AH | AE V ER IH JH | P ER S AH N,T UW | DH AH | AE V ER IH JH | P ER S AH N,True,True,,homophone_substitution,phoneme overlap 4/4=1.00 (high)
THERE'S A FAIR CHANCE YOU WILL BE,THERE'S A FAIR CHANCE YOU WILL BE,DH EH R Z | AH | F EH R | CH AE N S | Y UW | W IH L | B IY,DH EH R Z | AH | F EH R | CH AE N S | Y UW | W IH L | B IY,True,True,,homophone_substitution,phoneme overlap 7/7=1.00 (high)
ABOUT 2 MILLION,ABOUT 2 MILLION,AH B AW T | ? | M IH L Y AH N,AH B AW T | ? | M IH L Y AH N,False,True,,homophone_substitution,phoneme overlap 3/3=1.00 (high)
WHEN IT COMES TO THE ISSUE OF EQUAL MARRIAGE,WHEN IT COMES TO THE ISSUE OF EQUAL MARRIAGE,W EH N | IH T | K AH M Z | T UW | DH AH | IH SH UW | AH V | IY K W AH L | M EH R IH JH,W EH N | IH T | K AH M Z | T UW | DH AH | IH SH UW | AH V | IY K W AH L | M EH R IH JH,True,True,,homophone_substitution,phoneme overlap 9/9=1.00 (high)
TO ALLOW BAD SURVEILLANCE TO WITHER ON THE VINE,TO ALLOW BAD SURVEILLANCE TO WITHER ON THE VINE,T UW | AH L AW | B AE D | S ER V EY L AH N S | T UW | W IH DH ER | AA N | DH AH | V AY N,T UW | AH L AW | B AE D | S ER V EY L AH N S | T UW | W IH DH ER | AA N | DH AH | V AY N,True,True,,homophone_substitution,phoneme overlap 8/8=1.00 (high)
IF YOU DON'T LIKE THE SLOGAN,IF YOU DON'T LIKE THE SLOGAN,IH F | Y UW | D OW N T | L AY K | DH AH | S L OW G AH N,IH F | Y UW | D OW N T | L AY K | DH AH | S L OW G AH N,True,True,,homophone_substitution,phoneme overlap 6/6=1.00 (high)
YOU HAVE A PROBLEM WITH IT,YOU HAVE A PROBLEM WITH IT,Y UW | HH AE V | AH | P R AA B L AH M | W IH DH | IH T,Y UW | HH AE V | AH | P R AA B L AH M | W IH DH | IH T,True,True,,homophone_substitution,phoneme overlap 6/6=1.00 (high)
IN ALL SERIOUSNESS,IN ALL SERIOUSNESS,IH N | AO L | S IH R IY AH S N AH S,IH N | AO L | S IH R IY AH S N AH S,True,True,,homophone_substitution,phoneme overlap 3/3=1.00 (high)
BUT IT HAS ESTABLISHED THE INFRASTRUCTURE OF A POLICE STATE AND IT COULD BE OPEN TO ABUSE IN THE,BUT IT HAS ESTABLISHED THE INFRASTRUCTURE OF A POLICE STATE AND IT COULD BE OPEN TO ABUSE IN THE,B AH T | IH T | HH AE Z | IH S T AE B L IH SH T | DH AH | IH N F R AH S T R AH K CH ER | AH V | AH | P AH L IY S | S T EY T | AH N D | IH T | K UH D | B IY | OW P AH N | T UW | AH B Y UW S | IH N | DH AH,B AH T | IH T | HH AE Z | IH S T AE B L IH SH T | DH AH | IH N F R AH S T R AH K CH ER | AH V | AH | P AH L IY S | S T EY T | AH N D | IH T | K UH D | B IY | OW P AH N | T UW | AH B Y UW S | IH N | DH AH,True,True,,homophone_substitution,phoneme overlap 17/17=1.00 (high)
I HAVE NOTHING TO HIDE,I HAVE NOTHING TO HIDE,AY | HH AE V | N AH TH IH NG | T UW | HH AY D,AY | HH AE V | N AH TH IH NG | T UW | HH AY D,True,True,,homophone_substitution,phoneme overlap 5/5=1.00 (high)
BETTER STREET LIGHTING CAN HELP,BETTER STREET LIGHTING CAN HELP,B EH T ER | S T R IY T | L AY T IH NG | K AE N | HH EH L P,B EH T ER | S T R IY T | L AY T IH NG | K AE N | HH EH L P,True,True,,homophone_substitution,phoneme overlap 5/5=1.00 (high)
THE NEXT GENERATION,THE NEXT GENERATION,DH AH | N EH K S T | JH EH N ER EY SH AH N,DH AH | N EH K S T | JH EH N ER EY SH AH N,True,True,,homophone_substitution,phoneme overlap 3/3=1.00 (high)
I'M NOT JEREMY VINE,I'M NOT JEREMY VINE,AY M | N AA T | JH EH R AH M IY | V AY N,AY M | N AA T | JH EH R AH M IY | V AY N,True,True,,homophone_substitution,phoneme overlap 4/4=1.00 (high)
STANDING IN FOR YOUR REGULAR HOST FOR ONE WEEK ONLY,STANDING IN FOR YOUR REGULAR HOST FOR ONE WEEK ONLY,S T AE N D IH NG | IH N | F AO R | Y AO R | R EH G Y AH L ER | HH OW S T | F AO R | W AH N | W IY K | OW N L IY,S T AE N D IH NG | IH N | F AO R | Y AO R | R EH G Y AH L ER | HH OW S T | F AO R | W AH N | W IY K | OW N L IY,True,True,,homophone_substitution,phoneme overlap 9/9=1.00 (high)
AND WHAT A PRIVILEGE THAT IS,AND WHAT A PRIVILEGE THAT IS,AH N D | W AH T | AH | P R IH V L AH JH | DH AE T | IH Z,AH N D | W AH T | AH | P R IH V L AH JH | DH AE T | IH Z,False,True,,homophone_substitution,phoneme overlap 6/6=1.00 (high)
IF YOU'RE WATCHING,IF YOU'RE WATCHING,IH F | Y UH R | W AA CH IH NG,IH F | Y UH R | W AA CH IH NG,False,True,,homophone_substitution,phoneme overlap 3/3=1.00 (high)
THAT'S ALL FOR THIS WEEK,THAT'S ALL FOR THIS WEEK,DH AE T S | AO L | F AO R | DH IH S | W IY K,DH AE T S | AO L | F AO R | DH IH S | W IY K,True,True,,homophone_substitution,phoneme overlap 5/5=1.00 (high)
ACROSS 95 MILES,ACROSS 95 MILES,AH K R AO S | ? | M AY L Z,AH K R AO S | ? | M AY L Z,False,True,,homophone_substitution,phoneme overlap 3/3=1.00 (high)
A FLOATING HOTEL,A FLOATING HOTEL,AH | F L OW T IH NG | HH OW T EH L,AH | F L OW T IH NG | HH OW T EH L,False,True,,homophone_substitution,phoneme overlap 3/3=1.00 (high)
IN THE FORM OF A DESSERT PLATE,IN THE FORM OF A DESSERT PLATE,IH N | DH AH | F AO R M | AH V | AH | D IH Z ER T | P L EY T,IH N | DH AH | F AO R M | AH V | AH | D IH Z ER T | P L EY T,True,True,,homophone_substitution,phoneme overlap 7/7=1.00 (high)
REGARDING ONE OF BRITAIN'S MOST NOTED,REGARDING ONE OF BRITAIN'S MOST NOTED,R AH G AA R D IH NG | W AH N | AH V | B R IH T AH N Z | M OW S T | N OW T AH D,R AH G AA R D IH NG | W AH N | AH V | B R IH T AH N Z | M OW S T | N OW T AH D,True,True,,homophone_substitution,phoneme overlap 6/6=1.00 (high)
THAT MAKES A GRAND TOTAL OF SIX,THAT MAKES A GRAND TOTAL OF 6,DH AE T | M EY K S | AH | G R AE N D | T OW T AH L | AH V | S IH K S,DH AE T | M EY K S | AH | G R AE N D | T OW T AH L | AH V | ?,False,False,digit/word rendering: word SIX emitted as digit 6,digit_word_rendering,"digit/word side mismatch (tgt_digit=False, hyp_digit=True)"
IN A MODERN HOUSE,IN A MODERN HOUSE,IH N | AH | M AA D ER N | HH AW S,IH N | AH | M AA D ER N | HH AW S,True,True,,homophone_substitution,phoneme overlap 4/4=1.00 (high)
THE PERFECT PINT,THE PERFECT PAINT,DH AH | P ER F EH K T | P AY N T,DH AH | P ER F EH K T | P EY N T,False,False,homophone substitution at word level: AY -> EY vowel swap,homophone_substitution,phoneme overlap 2/3=0.67 (high)
THEY'RE ALL ABOUT THE SAME,THEY'RE ALL ABOUT THE SAME,DH EH R | AO L | AH B AW T | DH AH | S EY M,DH EH R | AO L | AH B AW T | DH AH | S EY M,False,True,,homophone_substitution,phoneme overlap 5/5=1.00 (high)
WE HAVE RUN OUT OF TIME,WE HAVE RUN OUT OF TIME,W IY | HH AE V | R AH N | AW T | AH V | T AY M,W IY | HH AE V | R AH N | AW T | AH V | T AY M,True,True,,homophone_substitution,phoneme overlap 6/6=1.00 (high)
LOUISE AND KEVIN,LOUISE AND KEVIN,L UW IY Z | AH N D | K EH V IH N,L UW IY Z | AH N D | K EH V IH N,False,True,,homophone_substitution,phoneme overlap 3/3=1.00 (high)
NOW THEY ARE GATHERING,NOW THEY ARE GATHERING,N AW | DH EY | AA R | G AE DH ER IH NG,N AW | DH EY | AA R | G AE DH ER IH NG,True,True,,homophone_substitution,phoneme overlap 4/4=1.00 (high)
ALL LIFE IN THE ARCTIC,ALL LIFE IN THE ARCTIC,AO L | L AY F | IH N | DH AH | AA R K T IH K,AO L | L AY F | IH N | DH AH | AA R K T IH K,True,True,,homophone_substitution,phoneme overlap 5/5=1.00 (high)
COULD WE ARRANGE THAT,COULD WE ARRANGE THAT,K UH D | W IY | ER EY N JH | DH AE T,K UH D | W IY | ER EY N JH | DH AE T,True,True,,homophone_substitution,phoneme overlap 4/4=1.00 (high)
I WAS FINE YESTERDAY,I WAS FINE YESTERDAY,AY | W AA Z | F AY N | Y EH S T ER D EY,AY | W AA Z | F AY N | Y EH S T ER D EY,True,True,,homophone_substitution,phoneme overlap 4/4=1.00 (high)
LET'S NOT MESS ABOUT,LET'S NOT MESS ABOUT,L EH T S | N AA T | M EH S | AH B AW T,L EH T S | N AA T | M EH S | AH B AW T,True,True,,homophone_substitution,phoneme overlap 4/4=1.00 (high)
WHAT I CAN TELL YOU,WHAT I CAN TELL YOU,W AH T | AY | K AE N | T EH L | Y UW,W AH T | AY | K AE N | T EH L | Y UW,True,True,,homophone_substitution,phoneme overlap 5/5=1.00 (high)
THIS IS SOUTH WELL,THIS IS SOUTHWELL,DH IH S | IH Z | S AW TH | W EH L,DH IH S | IH Z | S AW TH W EH L,False,False,boundary hallucination: SOUTH WELL collapsed to SOUTHWELL (merge),boundary_hallucination,"same letters, space differs (tgt_words=4 hyp_words=3)"
THE ROMANS FELT THEIR PRESENCE WAS STRONG ENOUGH HERE,THE ROMANS FELT THEIR PRESENCE WAS STRONG ENOUGH HERE,DH AH | R OW M AH N Z | F EH L T | DH EH R | P R EH Z AH N S | W AA Z | S T R AO NG | IH N AH F | HH IY R,DH AH | R OW M AH N Z | F EH L T | DH EH R | P R EH Z AH N S | W AA Z | S T R AO NG | IH N AH F | HH IY R,True,True,,homophone_substitution,phoneme overlap 9/9=1.00 (high)
TO SAY TO THE KING,TO SAY TO THE KING,T UW | S EY | T UW | DH AH | K IH NG,T UW | S EY | T UW | DH AH | K IH NG,True,True,,homophone_substitution,phoneme overlap 4/4=1.00 (high)
WHEN HE WAS STAYING AT THE PALACE,WHEN HE WAS STAYING AT THE PALACE,W EH N | HH IY | W AA Z | S T EY IH NG | AE T | DH AH | P AE L AH S,W EH N | HH IY | W AA Z | S T EY IH NG | AE T | DH AH | P AE L AH S,True,True,,homophone_substitution,phoneme overlap 7/7=1.00 (high)
HOME TO AN ANIMAL THAT IS RIGHT AT THE TOP OF THE FOOD CHAIN,HOME TO AN ANIMAL THAT IS RIGHT AT THE TOP OF THE FOOD CHAIN,HH OW M | T UW | AE N | AE N AH M AH L | DH AE T | IH Z | R AY T | AE T | DH AH | T AA P | AH V | DH AH | F UW D | CH EY N,HH OW M | T UW | AE N | AE N AH M AH L | DH AE T | IH Z | R AY T | AE T | DH AH | T AA P | AH V | DH AH | F UW D | CH EY N,True,True,,homophone_substitution,phoneme overlap 13/13=1.00 (high)
LITERALLY TWO MINUTES FROM THE AIRPORT,LITERALLY TWO MINUTES FROM THE AIRPORT,L IH T ER AH L IY | T UW | M IH N AH T S | F R AH M | DH AH | EH R P AO R T,L IH T ER AH L IY | T UW | M IH N AH T S | F R AH M | DH AH | EH R P AO R T,True,True,,homophone_substitution,phoneme overlap 6/6=1.00 (high)
MAYBE MORE OF STEEL AND IRON,MAYBE MORE OF STEEL AND IRON,M EY B IY | M AO R | AH V | S T IY L | AH N D | AY ER N,M EY B IY | M AO R | AH V | S T IY L | AH N D | AY ER N,True,True,,homophone_substitution,phoneme overlap 6/6=1.00 (high)
WHICH MELTS MORE ICE,WHICH MELTS MORE ICE,W IH CH | M EH L T S | M AO R | AY S,W IH CH | M EH L T S | M AO R | AY S,True,True,,homophone_substitution,phoneme overlap 4/4=1.00 (high)
THINK ABOUT THE MELTING SEA ICE,THINK ABOUT THE MELTING ICE,TH IH NG K | AH B AW T | DH AH | M EH L T IH NG | S IY | AY S,TH IH NG K | AH B AW T | DH AH | M EH L T IH NG | AY S,True,False,,truncation,"prediction shorter (5 vs 6), shared prefix 4/5"
AGAIN OPEN TO THE ELEMENTS,AGAIN OPEN TO THE ELEMENTS,AH G EH N | OW P AH N | T UW | DH AH | EH L AH M AH N T S,AH G EH N | OW P AH N | T UW | DH AH | EH L AH M AH N T S,True,True,,homophone_substitution,phoneme overlap 5/5=1.00 (high)
VERY ATTRACTIVE YOUNG WOMAN,VERY ATTRACTIVE YOUNG WOMAN,V EH R IY | AH T R AE K T IH V | Y AH NG | W UH M AH N,V EH R IY | AH T R AE K T IH V | Y AH NG | W UH M AH N,True,True,,homophone_substitution,phoneme overlap 4/4=1.00 (high)
AND THAT HAD AN IMPORTANT EFFECT,AND THAT HAD AN IMPORTANT EFFECT,AH N D | DH AE T | HH AE D | AE N | IH M P AO R T AH N T | IH F EH K T,AH N D | DH AE T | HH AE D | AE N | IH M P AO R T AH N T | IH F EH K T,True,True,,homophone_substitution,phoneme overlap 6/6=1.00 (high)
PROVIDED BY THE RAILWAYS,PROVIDED BY THE RAILWAYS,P R AH V AY D AH D | B AY | DH AH | R EY L W EY Z,P R AH V AY D AH D | B AY | DH AH | R EY L W EY Z,True,True,,homophone_substitution,phoneme overlap 4/4=1.00 (high)
THE GREAT THING ABOUT THE RAILWAYS IS,THE GREAT THING ABOUT THE RAILWAYS IS,DH AH | G R EY T | TH IH NG | AH B AW T | DH AH | R EY L W EY Z | IH Z,DH AH | G R EY T | TH IH NG | AH B AW T | DH AH | R EY L W EY Z | IH Z,False,True,,homophone_substitution,phoneme overlap 6/6=1.00 (high)
EVERYONE ARRIVES AT THE SAME PLACE AT THE SAME TIME,EVERYONE ARRIVES AT THE SAME PLACE AT THE same TIME,EH V R IY W AH N | ER AY V Z | AE T | DH AH | S EY M | P L EY S | AE T | DH AH | S EY M | T AY M,EH V R IY W AH N | ER AY V Z | AE T | DH AH | S EY M | P L EY S | AE T | DH AH | S EY M | T AY M,False,True,,boundary_hallucination,"same letters, space differs (tgt_words=10 hyp_words=10)"
THERE IS ONE THING,THERE IS ONE THING,DH EH R | IH Z | W AH N | TH IH NG,DH EH R | IH Z | W AH N | TH IH NG,True,True,,homophone_substitution,phoneme overlap 4/4=1.00 (high)
IT MIGHT BE BONFIRE NIGHT,IT MIGHT BE BONFIRE NIGHT,IH T | M AY T | B IY | B AA N F AY ER | N AY T,IH T | M AY T | B IY | B AA N F AY ER | N AY T,True,True,,homophone_substitution,phoneme overlap 5/5=1.00 (high)
OF COURSE IT WILL,OF COURSE IT WILL,AH V | K AO R S | IH T | W IH L,AH V | K AO R S | IH T | W IH L,True,True,,homophone_substitution,phoneme overlap 4/4=1.00 (high)
TODAY'S CONTESTANTS ARE,TODAY'S CONTESTANTS ARE,T AH D EY Z | K AH N T EH S T AH N T S | AA R,T AH D EY Z | K AH N T EH S T AH N T S | AA R,True,True,,homophone_substitution,phoneme overlap 3/3=1.00 (high)
I FEEL GUILTY WHEN I'M AT HOME,I FEEL GUILTY WHEN I'M AT HOME,AY | F IY L | G IH L T IY | W EH N | AY M | AE T | HH OW M,AY | F IY L | G IH L T IY | W EH N | AY M | AE T | HH OW M,True,True,,homophone_substitution,phoneme overlap 7/7=1.00 (high)
I WILL ALWAYS NEED YOU,I WILL ALWAYS NEED YOU,AY | W IH L | AO L W EY Z | N IY D | Y UW,AY | W IH L | AO L W EY Z | N IY D | Y UW,True,True,,homophone_substitution,phoneme overlap 5/5=1.00 (high)
AS YOU MIGHT SAY,AS YOU MIGHT SAY,AE Z | Y UW | M AY T | S EY,AE Z | Y UW | M AY T | S EY,True,True,,homophone_substitution,phoneme overlap 4/4=1.00 (high)
BUT MY GOODNESS,BUT MY GOODNESS,B AH T | M AY | G UH D N AH S,B AH T | M AY | G UH D N AH S,True,True,,homophone_substitution,phoneme overlap 3/3=1.00 (high)
ALSO KNOWN AS A TANDEM,ALSO KNOWN AS A TANDEM,AO L S OW | N OW N | AE Z | AH | T AE N D AH M,AO L S OW | N OW N | AE Z | AH | T AE N D AH M,False,True,,homophone_substitution,phoneme overlap 5/5=1.00 (high)
SO I THINK IT IS A PIECE OF VERY ONE DIMENSIONAL LEFT WING PROPAGANDA,SO I THINK IT IS A PIECE OF VERY ONE DIMENSIONAL LEFT WING PROPAGANDA,S OW | AY | TH IH NG K | IH T | IH Z | AH | P IY S | AH V | V EH R IY | W AH N | D IH M EH N SH AH N AH L | L EH F T | W IH NG | P R AA P AH G AE N D AH,S OW | AY | TH IH NG K | IH T | IH Z | AH | P IY S | AH V | V EH R IY | W AH N | D IH M EH N SH AH N AH L | L EH F T | W IH NG | P R AA P AH G AE N D AH,True,True,,homophone_substitution,phoneme overlap 14/14=1.00 (high)
THERE IS A HUGE CROSSOVER BETWEEN THE TWO,THERE IS A HUGE CROSS OVER BETWEEN THE TWO,DH EH R | IH Z | AH | HH Y UW JH | K R AO S OW V ER | B IH T W IY N | DH AH | T UW,DH EH R | IH Z | AH | HH Y UW JH | K R AO S | OW V ER | B IH T W IY N | DH AH | T UW,True,False,,boundary_hallucination,"same letters, space differs (tgt_words=8 hyp_words=9)"
TAX CREDITS ARE BASICALLY BENEFITS,TAX CREDITS ARE BASICALLY BENEFITS,T AE K S | K R EH D IH T S | AA R | B EY S IH K L IY | B EH N AH F IH T S,T AE K S | K R EH D IH T S | AA R | B EY S IH K L IY | B EH N AH F IH T S,True,True,,homophone_substitution,phoneme overlap 5/5=1.00 (high)
FORMERLY KNOWN AS SIMON,FORMERLY KNOWN AS SIMON,F AO R M ER L IY | N OW N | AE Z | S AY M AH N,F AO R M ER L IY | N OW N | AE Z | S AY M AH N,False,True,,homophone_substitution,phoneme overlap 4/4=1.00 (high)
I FEEL LIKE THIS,I FEEL LIKE THIS,AY | F IY L | L AY K | DH IH S,AY | F IY L | L AY K | DH IH S,True,True,,homophone_substitution,phoneme overlap 4/4=1.00 (high)
BECAUSE THAT'S HOW YOU ARE A PART OF SOCIETY,BECAUSE THAT'S HOW YOU ARE A PART OF SOCIETY,B IH K AO Z | DH AE T S | HH AW | Y UW | AA R | AH | P AA R T | AH V | S AH S AY AH T IY,B IH K AO Z | DH AE T S | HH AW | Y UW | AA R | AH | P AA R T | AH V | S AH S AY AH T IY,True,True,,homophone_substitution,phoneme overlap 9/9=1.00 (high)
BEFORE I CAME OUT,BEFORE I CAME OUT,B IH F AO R | AY | K EY M | AW T,B IH F AO R | AY | K EY M | AW T,True,True,,homophone_substitution,phoneme overlap 4/4=1.00 (high)
OR MORE CORRECTLY COUNCILS,OR MORE CORRECTLY COUNCILS,AO R | M AO R | K ER EH K T L IY | K AW N S AH L Z,AO R | M AO R | K ER EH K T L IY | K AW N S AH L Z,True,True,,homophone_substitution,phoneme overlap 4/4=1.00 (high)
ESPECIALLY AS IT RELATES TO CHILDREN,ESPECIALLY AS IT RELATES TO CHILDREN,AH S P EH SH L IY | AE Z | IH T | R IH L EY T S | T UW | CH IH L D R AH N,AH S P EH SH L IY | AE Z | IH T | R IH L EY T S | T UW | CH IH L D R AH N,True,True,,homophone_substitution,phoneme overlap 6/6=1.00 (high)
THEY ARE CHILDREN,THEY ARE CHILDREN,DH EY | AA R | CH IH L D R AH N,DH EY | AA R | CH IH L D R AH N,True,True,,homophone_substitution,phoneme overlap 3/3=1.00 (high)
I DO HOPE YOU'LL JOIN US THEN,I DO HOPE YOU'LL JOIN US THEN,AY | D UW | HH OW P | Y UW L | JH OY N | AH S | DH EH N,AY | D UW | HH OW P | Y UW L | JH OY N | AH S | DH EH N,True,True,,homophone_substitution,phoneme overlap 7/7=1.00 (high)
ISLAM ALLOWS POLYGAMY,ISLAM ALLOWS POLIGAMY,IH S L AA M | AH L AW Z | P AH L IH G AH M IY,IH S L AA M | AH L AW Z | ?,False,False,"single-letter deletion: POLYGAMY -> POLIGAMY (missing Y); this is an error, not equivalent",non_word_spelling,prediction has CMU OOV; phoneme-word counts equal (3)
IF YOU HAVEN'T CAUGHT IT YET,IF YOU HAVEN'T CAUGHT IT YET,IH F | Y UW | HH AE V AH N T | K AA T | IH T | Y EH T,IH F | Y UW | HH AE V AH N T | K AA T | IH T | Y EH T,True,True,,homophone_substitution,phoneme overlap 6/6=1.00 (high)
HERSELF CURRENTLY LEARNING TO SIGN,HERSELF CURRENTLY LEARNING TO SIGN,HH ER S EH L F | K ER AH N T L IY | L ER N IH NG | T UW | S AY N,HH ER S EH L F | K ER AH N T L IY | L ER N IH NG | T UW | S AY N,True,True,,homophone_substitution,phoneme overlap 5/5=1.00 (high)
SOME PEOPLE HERE TONIGHT PREFER SUBTITLES,SOME PEOPLE HERE TONIGHT PREFER SUBTITLES,S AH M | P IY P AH L | HH IY R | T AH N AY T | P R AH F ER | S AH B T AY T AH L Z,S AH M | P IY P AH L | HH IY R | T AH N AY T | P R AH F ER | S AH B T AY T AH L Z,True,True,,homophone_substitution,phoneme overlap 6/6=1.00 (high)
SURELY AS A MATTER OF PRINCIPLE,SURELY AS A MATTER OF PRINCIPLE,SH UH R L IY | AE Z | AH | M AE T ER | AH V | P R IH N S AH P AH L,SH UH R L IY | AE Z | AH | M AE T ER | AH V | P R IH N S AH P AH L,True,True,,homophone_substitution,phoneme overlap 6/6=1.00 (high)
IF YOU'RE WATCHING,IF YOU'RE WATCHING,IH F | Y UH R | W AA CH IH NG,IH F | Y UH R | W AA CH IH NG,False,True,,homophone_substitution,phoneme overlap 3/3=1.00 (high)
STANDARD RATES APPLY,STANDARD RATES APPLY,S T AE N D ER D | R EY T S | AH P L AY,S T AE N D ER D | R EY T S | AH P L AY,False,True,,homophone_substitution,phoneme overlap 3/3=1.00 (high)
HASN'T TIME FLOWN,HASN'T TIME FLOWN,HH AE Z AH N T | T AY M | F L OW N,HH AE Z AH N T | T AY M | F L OW N,False,True,,homophone_substitution,phoneme overlap 3/3=1.00 (high)
WHEN MY HUSBAND AND I ARE NOT AROUND,WHEN MY HUSBAND AND I ARE NOT AROUND,W EH N | M AY | HH AH Z B AH N D | AH N D | AY | AA R | N AA T | ER AW N D,W EH N | M AY | HH AH Z B AH N D | AH N D | AY | AA R | N AA T | ER AW N D,True,True,,homophone_substitution,phoneme overlap 8/8=1.00 (high)
ASKING FOR PERMISSION,ASKING FOR PERMISSION,AE S K IH NG | F AO R | P ER M IH SH AH N,AE S K IH NG | F AO R | P ER M IH SH AH N,True,True,,homophone_substitution,phoneme overlap 3/3=1.00 (high)
AND IT WAS TOTALLY NORMAL,AND IT WAS TOTALLY NORMAL,AH N D | IH T | W AA Z | T OW T AH L IY | N AO R M AH L,AH N D | IH T | W AA Z | T OW T AH L IY | N AO R M AH L,False,True,,homophone_substitution,phoneme overlap 5/5=1.00 (high)
THAT SOUNDS LIKE A PRETTY CRAZY JOB FOR ANYONE TO BE DOING,THAT SOUNDS LIKE A PRETTY CRAZY JOB FOR ANYONE TO BE DOING,DH AE T | S AW N D Z | L AY K | AH | P R IH T IY | K R EY Z IY | JH AA B | F AO R | EH N IY W AH N | T UW | B IY | D UW IH NG,DH AE T | S AW N D Z | L AY K | AH | P R IH T IY | K R EY Z IY | JH AA B | F AO R | EH N IY W AH N | T UW | B IY | D UW IH NG,True,True,,homophone_substitution,phoneme overlap 12/12=1.00 (high)
ALL MY FINGERS WERE HANGING OFF,ALL MY FINGERS WERE HANGING OFF,AO L | M AY | F IH NG G ER Z | W ER | HH AE NG IH NG | AO F,AO L | M AY | F IH NG G ER Z | W ER | HH AE NG IH NG | AO F,False,True,,homophone_substitution,phoneme overlap 6/6=1.00 (high)
I WENT TO USE MY RIGHT ARM,I WENT TO USE MY RIGHT ARM,AY | W EH N T | T UW | Y UW S | M AY | R AY T | AA R M,AY | W EH N T | T UW | Y UW S | M AY | R AY T | AA R M,True,True,,homophone_substitution,phoneme overlap 7/7=1.00 (high)
HE WAS SHOT AND KILLED,HE WAS SHOT AND KILLED,HH IY | W AA Z | SH AA T | AH N D | K IH L D,HH IY | W AA Z | SH AA T | AH N D | K IH L D,False,True,,homophone_substitution,phoneme overlap 5/5=1.00 (high)
IF I DIDN'T HAVE HER,IF I DIDN'T HAVE HER,IH F | AY | D IH D AH N T | HH AE V | HH ER,IH F | AY | D IH D AH N T | HH AE V | HH ER,True,True,,homophone_substitution,phoneme overlap 5/5=1.00 (high)
I'M WITH MARK TWAIN LIES,I'M WITH MARK TWAIN LIES,AY M | W IH DH | M AA R K | T W EY N | L AY Z,AY M | W IH DH | M AA R K | T W EY N | L AY Z,True,True,,homophone_substitution,phoneme overlap 5/5=1.00 (high)
IT'S THE INTERNET,IT'S THE INTERNET,IH T S | DH AH | IH N T ER N EH T,IH T S | DH AH | IH N T ER N EH T,False,True,,homophone_substitution,phoneme overlap 3/3=1.00 (high)
AND I'M WARNING YOU,AND I'M WARNING YOU,AH N D | AY M | W AO R N IH NG | Y UW,AH N D | AY M | W AO R N IH NG | Y UW,True,True,,homophone_substitution,phoneme overlap 4/4=1.00 (high)
IN THE BASEMENT,IN THE BASEMENT,IH N | DH AH | B EY S M AH N T,IH N | DH AH | B EY S M AH N T,True,True,,homophone_substitution,phoneme overlap 3/3=1.00 (high)
THEY HAVEN'T GONE FAR,THEY HAVEN'T GONE FAR,DH EY | HH AE V AH N T | G AO N | F AA R,DH EY | HH AE V AH N T | G AO N | F AA R,False,True,,homophone_substitution,phoneme overlap 4/4=1.00 (high)
TIME NOW FOR ONE OF THE GREATEST TV COMEBACKS OF OUR TIME,TIME NOW FOR ONE OF THE GREATEST TV COMEBACKS OF OUR TIME,T AY M | N AW | F AO R | W AH N | AH V | DH AH | G R EY T AH S T | T IY V IY | K AH M B AE K S | AH V | AW ER | T AY M,T AY M | N AW | F AO R | W AH N | AH V | DH AH | G R EY T AH S T | T IY V IY | K AH M B AE K S | AH V | AW ER | T AY M,True,True,,homophone_substitution,phoneme overlap 10/10=1.00 (high)
HAROLD IN NEIGHBOURS,HAROLD IN NEIGHBOURS,HH EH R AH L D | IH N | ?,HH EH R AH L D | IH N | ?,True,True,,homophone_substitution,phoneme overlap 3/3=1.00 (high)
WE NEED TO START LAYERING,WE NEED TO START LAYERING,W IY | N IY D | T UW | S T AA R T | L EY ER IH NG,W IY | N IY D | T UW | S T AA R T | L EY ER IH NG,True,True,,homophone_substitution,phoneme overlap 5/5=1.00 (high)
ONE WAS A PILOT,ONE WAS A PILOT,W AH N | W AA Z | AH | P AY L AH T,W AH N | W AA Z | AH | P AY L AH T,True,True,,homophone_substitution,phoneme overlap 4/4=1.00 (high)
SURRENDER WAS NOT AN OPTION,SURRENDER WAS NOT AN OPTION,S ER EH N D ER | W AA Z | N AA T | AE N | AA P SH AH N,S ER EH N D ER | W AA Z | N AA T | AE N | AA P SH AH N,True,True,,homophone_substitution,phoneme overlap 5/5=1.00 (high)
MANY WERE TEENAGERS ABOUT TO GET THEIR FIRST TASTE OF WAR,MANY WERE TEENAGERS ABOUT TO GET THEIR FIRST TASTE OF WAR,M EH N IY | W ER | T IY N EY JH ER Z | AH B AW T | T UW | G EH T | DH EH R | F ER S T | T EY S T | AH V | W AO R,M EH N IY | W ER | T IY N EY JH ER Z | AH B AW T | T UW | G EH T | DH EH R | F ER S T | T EY S T | AH V | W AO R,True,True,,homophone_substitution,phoneme overlap 11/11=1.00 (high)
HE DIED THAT VERY FIRST DAY,HE DIED THAT VERY FIRST DAY,HH IY | D AY D | DH AE T | V EH R IY | F ER S T | D EY,HH IY | D AY D | DH AE T | V EH R IY | F ER S T | D EY,True,True,,homophone_substitution,phoneme overlap 6/6=1.00 (high)
THIS IS ONE OF THE QUESTIONS,THIS IS ONE OF THE QUESTIONS,DH IH S | IH Z | W AH N | AH V | DH AH | K W EH S CH AH N Z,DH IH S | IH Z | W AH N | AH V | DH AH | K W EH S CH AH N Z,True,True,,homophone_substitution,phoneme overlap 6/6=1.00 (high)
CELEBRATING 100 YEARS OF WAR FILMS,CELEBRATING 100 YEARS OF WAR FILMS,S EH L AH B R EY T IH NG | ? | Y IH R Z | AH V | W AO R | F IH L M Z,S EH L AH B R EY T IH NG | ? | Y IH R Z | AH V | W AO R | F IH L M Z,True,True,,homophone_substitution,phoneme overlap 6/6=1.00 (high)
WHERE I'M GOING,WHERE I'M GOING,W EH R | AY M | G OW IH NG,W EH R | AY M | G OW IH NG,True,True,,homophone_substitution,phoneme overlap 3/3=1.00 (high)
BUT TEN YEARS AGO,BUT 10 YEARS AGO,B AH T | T EH N | Y IH R Z | AH G OW,B AH T | ? | Y IH R Z | AH G OW,True,False,,digit_word_rendering,"digit/word side mismatch (tgt_digit=False, hyp_digit=True)"
IT COULD END TONIGHT,IT COULD END TONIGHT,IH T | K UH D | EH N D | T AH N AY T,IH T | K UH D | EH N D | T AH N AY T,False,True,,homophone_substitution,phoneme overlap 4/4=1.00 (high)
BACK IN SIERRA LEONE,BACK IN SIERRA LEONE,B AE K | IH N | S IY EH R AH | L IY OW N,B AE K | IH N | S IY EH R AH | L IY OW N,True,True,,homophone_substitution,phoneme overlap 4/4=1.00 (high)
AND THIS WASN'T UNUSUAL,AND THIS WASN'T UNUSUAL,AH N D | DH IH S | W AA Z AH N T | AH N Y UW ZH AH W AH L,AH N D | DH IH S | W AA Z AH N T | AH N Y UW ZH AH W AH L,False,True,,homophone_substitution,phoneme overlap 4/4=1.00 (high)
AS WELL AS THE BODY,AS WELL AS THE BODY,AE Z | W EH L | AE Z | DH AH | B AA D IY,AE Z | W EH L | AE Z | DH AH | B AA D IY,False,True,,homophone_substitution,phoneme overlap 4/4=1.00 (high)
GIVING HOPE AND CARE TO OTHERS IS SOMETHING OUR ARMED FORCES DO WITHOUT QUESTION,GIVING HOPE AND CARE TO OTHERS IS SOMETHING OUR ARMED FORCES DO WITHOUT QUESTION,G IH V IH NG | HH OW P | AH N D | K EH R | T UW | AH DH ER Z | IH Z | S AH M TH IH NG | AW ER | AA R M D | F AO R S IH Z | D UW | W IH TH AW T | K W EH S CH AH N,G IH V IH NG | HH OW P | AH N D | K EH R | T UW | AH DH ER Z | IH Z | S AH M TH IH NG | AW ER | AA R M D | F AO R S IH Z | D UW | W IH TH AW T | K W EH S CH AH N,True,True,,homophone_substitution,phoneme overlap 14/14=1.00 (high)
WE HEARD THE STORY OF THE NURSE ANNA CROSS,WE HEARD THE STORY OF THE NURSE ANNE ACROSS,W IY | HH ER D | DH AH | S T AO R IY | AH V | DH AH | N ER S | AE N AH | K R AO S,W IY | HH ER D | DH AH | S T AO R IY | AH V | DH AH | N ER S | AE N | AH K R AO S,True,False,,homophone_substitution,phoneme overlap 6/8=0.75 (high)
TO HAVE NO CONTACT AT ALL,TO HAVE NO CONTACT AT ALL,T UW | HH AE V | N OW | K AA N T AE K T | AE T | AO L,T UW | HH AE V | N OW | K AA N T AE K T | AE T | AO L,True,True,,homophone_substitution,phoneme overlap 6/6=1.00 (high)
SHE NEEDS TO MAKE SURE THAT,SHE NEEDS TO MAKE SURE THAT,SH IY | N IY D Z | T UW | M EY K | SH UH R | DH AE T,SH IY | N IY D Z | T UW | M EY K | SH UH R | DH AE T,True,True,,homophone_substitution,phoneme overlap 6/6=1.00 (high)
THEY DON'T CALL THEM TEAM POCKET ROCKET FOR NOTHING,THEY DON'T CALL THEM TEAM POCKET ROCKET FOR NOTHING,DH EY | D OW N T | K AO L | DH EH M | T IY M | P AA K AH T | R AA K AH T | F AO R | N AH TH IH NG,DH EY | D OW N T | K AO L | DH EH M | T IY M | P AA K AH T | R AA K AH T | F AO R | N AH TH IH NG,True,True,,homophone_substitution,phoneme overlap 9/9=1.00 (high)
AND THE WEATHER HAS BEEN PERFECT,AND THE WEATHER HAS BEEN PERFECT,AH N D | DH AH | W EH DH ER | HH AE Z | B IH N | P ER F EH K T,AH N D | DH AH | W EH DH ER | HH AE Z | B IH N | P ER F EH K T,True,True,,homophone_substitution,phoneme overlap 6/6=1.00 (high)
COURAGE UNDER FIRE,COURAGE UNDER FIRE,K ER AH JH | AH N D ER | F AY ER,K ER AH JH | AH N D ER | F AY ER,False,True,,homophone_substitution,phoneme overlap 3/3=1.00 (high)
MOST OF HIS LIFE,MOST OF HIS LIFE,M OW S T | AH V | HH IH Z | L AY F,M OW S T | AH V | HH IH Z | L AY F,False,True,,homophone_substitution,phoneme overlap 4/4=1.00 (high)
THIS IS THE LORD ASHCROFT GALLERY,THIS IS THE LORD ASHCROFT GALLERY,DH IH S | IH Z | DH AH | L AO R D | AE SH K R AO F T | G AE L ER IY,DH IH S | IH Z | DH AH | L AO R D | AE SH K R AO F T | G AE L ER IY,False,True,,homophone_substitution,phoneme overlap 6/6=1.00 (high)
TRAPPED UNDER HEAVY ARTILLERY FIRE,TRAPPED UNDER HEAVY ARTILLERY FIRE,T R AE P T | AH N D ER | HH EH V IY | AA R T IH L ER IY | F AY ER,T R AE P T | AH N D ER | HH EH V IY | AA R T IH L ER IY | F AY ER,False,True,,homophone_substitution,phoneme overlap 5/5=1.00 (high)
TEN DAYS BEFOREHAND,TEN DAYS BEFORE HAND,T EH N | D EY Z | B IH F AO R HH AE N D,T EH N | D EY Z | B IH F AO R | HH AE N D,False,False,boundary hallucination: BEFOREHAND split into BEFORE HAND,boundary_hallucination,"same letters, space differs (tgt_words=3 hyp_words=4)"
THE PRESIDENT ELECT HAS MET WITH PRESIDENT OBAMA,THE PRESIDENT ELECT HAS MET WITH PRESIDENT OBAMA,DH AH | P R EH Z AH D EH N T | IH L EH K T | HH AE Z | M EH T | W IH DH | P R EH Z AH D EH N T | OW B AA M AH,DH AH | P R EH Z AH D EH N T | IH L EH K T | HH AE Z | M EH T | W IH DH | P R EH Z AH D EH N T | OW B AA M AH,False,True,,homophone_substitution,phoneme overlap 7/7=1.00 (high)
MR TRUMP TAKES OFFICE IN JANUARY,MR TRUMP TAKES OFFICE IN JANUARY,M IH S T ER | T R AH M P | T EY K S | AO F AH S | IH N | JH AE N Y UW EH R IY,M IH S T ER | T R AH M P | T EY K S | AO F AH S | IH N | JH AE N Y UW EH R IY,True,True,,homophone_substitution,phoneme overlap 6/6=1.00 (high)
TODAY THEY TALKED ABOUT THE PROCESS OF TRANSITION,TODAY THEY TALKED ABOUT THE PROCESS OF TRANSITION,T AH D EY | DH EY | T AO K T | AH B AW T | DH AH | P R AA S EH S | AH V | T R AE N Z IH SH AH N,T AH D EY | DH EY | T AO K T | AH B AW T | DH AH | P R AA S EH S | AH V | T R AE N Z IH SH AH N,False,True,,homophone_substitution,phoneme overlap 8/8=1.00 (high)
WE HAVE ALL THE USUAL SUSPECTS,WE HAVE ALL THE USUAL SUSPECTS,W IY | HH AE V | AO L | DH AH | Y UW ZH AH W AH L | S AH S P EH K T S,W IY | HH AE V | AO L | DH AH | Y UW ZH AH W AH L | S AH S P EH K T S,True,True,,homophone_substitution,phoneme overlap 6/6=1.00 (high)
ANYWHERE IN THE WORLD,ANYWHERE IN THE WORLD,EH N IY W EH R | IH N | DH AH | W ER L D,EH N IY W EH R | IH N | DH AH | W ER L D,True,True,,homophone_substitution,phoneme overlap 4/4=1.00 (high)
DEMONSTRATES THE VALUE OF GREEN SPACE,DEMONSTRATES THE VALUE OF GREEN SPACE,D EH M AH N S T R EY T S | DH AH | V AE L Y UW | AH V | G R IY N | S P EY S,D EH M AH N S T R EY T S | DH AH | V AE L Y UW | AH V | G R IY N | S P EY S,False,True,,homophone_substitution,phoneme overlap 6/6=1.00 (high)
SO TEN CUBIC METRES,SO 10 CUBIC METRES,S OW | T EH N | K Y UW B IH K | ?,S OW | ? | K Y UW B IH K | ?,True,False,,digit_word_rendering,"digit/word side mismatch (tgt_digit=False, hyp_digit=True)"
I JUST COLLAPSED,I JUST COLLAPSED,AY | JH AH S T | K AH L AE P S T,AY | JH AH S T | K AH L AE P S T,True,True,,homophone_substitution,phoneme overlap 3/3=1.00 (high)
I'VE BEEN INVOLVED WITH THE MILITARY,I'VE BEEN INVOLVED WITH THE MILITARY,AY V | B IH N | IH N V AA L V D | W IH DH | DH AH | M IH L AH T EH R IY,AY V | B IH N | IH N V AA L V D | W IH DH | DH AH | M IH L AH T EH R IY,True,True,,homophone_substitution,phoneme overlap 6/6=1.00 (high)
THE ARMED FORCES,THE ARMED FORCES,DH AH | AA R M D | F AO R S IH Z,DH AH | AA R M D | F AO R S IH Z,False,True,,homophone_substitution,phoneme overlap 3/3=1.00 (high)
THAT KNOCK ON THE DOOR IS A MOMENT THEY WILL NEVER FORGET,THAT KNOCK ON THE DOOR IS A MOMENT THEY WILL NEVER FORGET,DH AE T | N AA K | AA N | DH AH | D AO R | IH Z | AH | M OW M AH N T | DH EY | W IH L | N EH V ER | F ER G EH T,DH AE T | N AA K | AA N | DH AH | D AO R | IH Z | AH | M OW M AH N T | DH EY | W IH L | N EH V ER | F ER G EH T,False,True,,homophone_substitution,phoneme overlap 12/12=1.00 (high)
WHO WAS KILLED IN AFGHANISTAN,WHO WAS KILLED IN AFGHANISTAN,HH UW | W AA Z | K IH L D | IH N | AE F G AE N AH S T AE N,HH UW | W AA Z | K IH L D | IH N | AE F G AE N AH S T AE N,True,True,,homophone_substitution,phoneme overlap 5/5=1.00 (high)
ON A ROUTINE VISIT TO AN IRAQI POLICE STATION,ON A ROUTINE VISIT TO AN IRAQI POLICE STATION,AA N | AH | R UW T IY N | V IH Z AH T | T UW | AE N | IH R AE K IY | P AH L IY S | S T EY SH AH N,AA N | AH | R UW T IY N | V IH Z AH T | T UW | AE N | IH R AE K IY | P AH L IY S | S T EY SH AH N,True,True,,homophone_substitution,phoneme overlap 9/9=1.00 (high)
KILLING HIM AND FIVE FRIENDS,KILLING HIM AND FIVE FRIENDS,K IH L IH NG | HH IH M | AH N D | F AY V | F R EH N D Z,K IH L IH NG | HH IH M | AH N D | F AY V | F R EH N D Z,True,True,,homophone_substitution,phoneme overlap 5/5=1.00 (high)
IT WON'T TAKE A MOMENT,IT WON'T TAKE A MOMENT,IH T | W OW N T | T EY K | AH | M OW M AH N T,IH T | W OW N T | T EY K | AH | M OW M AH N T,False,True,,homophone_substitution,phoneme overlap 5/5=1.00 (high)
SO WHAT IS THE ETIQUETTE,SO WHAT IS THE ETHIC,S OW | W AH T | IH Z | DH AH | EH T AH K AH T,S OW | W AH T | IH Z | DH AH | EH TH IH K,True,False,,homophone_substitution,phoneme overlap 4/5=0.80 (high)
BETWEEN THEM NOW,BETWEEN THEM NOW,B IH T W IY N | DH EH M | N AW,B IH T W IY N | DH EH M | N AW,False,True,,homophone_substitution,phoneme overlap 3/3=1.00 (high)
I HAVE HAD MY FITTING NOW,I HAVE HAD MY FITTING NOW,AY | HH AE V | HH AE D | M AY | F IH T IH NG | N AW,AY | HH AE V | HH AE D | M AY | F IH T IH NG | N AW,True,True,,homophone_substitution,phoneme overlap 6/6=1.00 (high)
MR KHAN SPEAKING,MR CONNIE SPEAKING,M IH S T ER | K AA N | S P IY K IH NG,M IH S T ER | K AO N IY | S P IY K IH NG,True,False,,homophone_substitution,phoneme overlap 2/3=0.67 (high)
IF WE HAVE LEARNED ONE THING OVER THE PAST YEAR,IF WE HAVE LEARNED ONE THING OVER THE PAST YEAR,IH F | W IY | HH AE V | L ER N D | W AH N | TH IH NG | OW V ER | DH AH | P AE S T | Y IH R,IH F | W IY | HH AE V | L ER N D | W AH N | TH IH NG | OW V ER | DH AH | P AE S T | Y IH R,True,True,,homophone_substitution,phoneme overlap 10/10=1.00 (high)
I DON'T REALLY WANT TO GO,I DON'T REALLY WANT TO GO,AY | D OW N T | R IH L IY | W AA N T | T UW | G OW,AY | D OW N T | R IH L IY | W AA N T | T UW | G OW,True,True,,homophone_substitution,phoneme overlap 6/6=1.00 (high)
RISING ABOVE IT,RISING ABOVE IT,R AY Z IH NG | AH B AH V | IH T,R AY Z IH NG | AH B AH V | IH T,False,True,,homophone_substitution,phoneme overlap 3/3=1.00 (high)
THE OLYMPIC SWIMMER,THE OLYMPICS SWIMMER,DH AH | OW L IH M P IH K | S W IH M ER,DH AH | OW L IH M P IH K S | S W IH M ER,False,False,plural hallucination + word surface change: OLYMPIC -> OLYMPICS (added S phoneme),homophone_substitution,phoneme overlap 2/3=0.67 (high)
I WISH I WAS MORE LIKE YOU,I WISH I WAS MORE LIKE YOU,AY | W IH SH | AY | W AA Z | M AO R | L AY K | Y UW,AY | W IH SH | AY | W AA Z | M AO R | L AY K | Y UW,True,True,,homophone_substitution,phoneme overlap 6/6=1.00 (high)
WHY DON'T WE ALL JUST GET ALONG,WHY DON'T WE ALL JUST GET ALONG,W AY | D OW N T | W IY | AO L | JH AH S T | G EH T | AH L AO NG,W AY | D OW N T | W IY | AO L | JH AH S T | G EH T | AH L AO NG,True,True,,homophone_substitution,phoneme overlap 7/7=1.00 (high)
A TRIBAL NATION,A TRIBAL NATION,AH | T R AY B AH L | N EY SH AH N,AH | T R AY B AH L | N EY SH AH N,False,True,,homophone_substitution,phoneme overlap 3/3=1.00 (high)
WHICH UPSET SOME OF OUR FEMALE RESIDENTS,WHICH UPSETS SOME OF OUR FEMALE RESIDENTS,W IH CH | AH P S EH T | S AH M | AH V | AW ER | F IY M EY L | R EH Z IH D AH N T S,W IH CH | AH P S EH T S | S AH M | AH V | AW ER | F IY M EY L | R EH Z IH D AH N T S,True,False,,homophone_substitution,phoneme overlap 6/7=0.86 (high)
PUERTO RICAN STYLE,PWARE TO RECONSTRUCT,P W EH R T OW | R IY K AH N | S T AY L,? | T UW | R IY K AH N S T R AH K T,False,False,"complete semantic substitution: phonemes rebuilt, PWARE OOV, STYLE replaced by RECONSTRUCT",non_word_spelling,prediction has CMU OOV; phoneme-word counts equal (3)
IT WAS REALLY NICE,IT WAS REALLY NICE,IH T | W AA Z | R IH L IY | N AY S,IH T | W AA Z | R IH L IY | N AY S,False,True,,homophone_substitution,phoneme overlap 4/4=1.00 (high)
YOU WON'T HAVE LONG,YOU WON'T HAVE LONG,Y UW | W OW N T | HH AE V | L AO NG,Y UW | W OW N T | HH AE V | L AO NG,True,True,,homophone_substitution,phoneme overlap 4/4=1.00 (high)
ON THIS REMEMBRANCE WEEKEND,ON THIS REMEMBRANCE WEEKEND,AA N | DH IH S | R IY M EH M B R AH N S | W IY K EH N D,AA N | DH IH S | R IY M EH M B R AH N S | W IY K EH N D,False,True,,homophone_substitution,phoneme overlap 4/4=1.00 (high)
AN OPPORTUNITY TO PAY TRIBUTE TO ALL MEMBERS OF THE ARMED FORCES,AN OPPORTUNITY TO PAY TRIBUTE TO ALL MEMBERS OF THE ARMED FORCES,AE N | AA P ER T UW N AH T IY | T UW | P EY | T R IH B Y UW T | T UW | AO L | M EH M B ER Z | AH V | DH AH | AA R M D | F AO R S IH Z,AE N | AA P ER T UW N AH T IY | T UW | P EY | T R IH B Y UW T | T UW | AO L | M EH M B ER Z | AH V | DH AH | AA R M D | F AO R S IH Z,True,True,,homophone_substitution,phoneme overlap 11/11=1.00 (high)
WE WOULD LOVE TO SELL IT,WE WOULD LOVE TO SELL IT,W IY | W UH D | L AH V | T UW | S EH L | IH T,W IY | W UH D | L AH V | T UW | S EH L | IH T,True,True,,homophone_substitution,phoneme overlap 6/6=1.00 (high)
ONLY SEVEN PLACES REMAIN,ONLY SEVEN PLACES REMAIN,OW N L IY | S EH V AH N | P L EY S AH Z | R IH M EY N,OW N L IY | S EH V AH N | P L EY S AH Z | R IH M EY N,False,True,,homophone_substitution,phoneme overlap 4/4=1.00 (high)
GREAT LEONARD COHEN,GREAT LEONARD COHEN,G R EY T | L EH N ER D | K OW AH N,G R EY T | L EH N ER D | K OW AH N,False,True,,homophone_substitution,phoneme overlap 3/3=1.00 (high)
I LOVE WEDDINGS,I LOVE WEEDINGS,AY | L AH V | W EH D IH NG Z,AY | L AH V | ?,True,False,,non_word_spelling,prediction has CMU OOV; phoneme-word counts equal (3)
I'VE GOT A BETTER IDEA,I'VE GOT A BETTER IDEA,AY V | G AA T | AH | B EH T ER | AY D IY AH,AY V | G AA T | AH | B EH T ER | AY D IY AH,False,True,,homophone_substitution,phoneme overlap 5/5=1.00 (high)
WHY DON'T WE ALL OBJECT,WHY DON'T WE ALL OBJECT,W AY | D OW N T | W IY | AO L | AA B JH EH K T,W AY | D OW N T | W IY | AO L | AA B JH EH K T,True,True,,homophone_substitution,phoneme overlap 5/5=1.00 (high)
THAT WAS AMAZING,THAT WAS AMAZING,DH AE T | W AA Z | AH M EY Z IH NG,DH AE T | W AA Z | AH M EY Z IH NG,False,True,,homophone_substitution,phoneme overlap 3/3=1.00 (high)
IT WAS AN INCREDIBLE PERFORMANCE,IT WAS AN INCREDIBLE PERFORMANCE,IH T | W AA Z | AE N | IH N K R EH D AH B AH L | P ER F AO R M AH N S,IH T | W AA Z | AE N | IH N K R EH D AH B AH L | P ER F AO R M AH N S,True,True,,homophone_substitution,phoneme overlap 5/5=1.00 (high)
IT WAS INCREDIBLE ENTERTAINMENT,IT WAS INCREDIBLE ENTERTAINMENT,IH T | W AA Z | IH N K R EH D AH B AH L | EH N T ER T EY N M AH N T,IH T | W AA Z | IH N K R EH D AH B AH L | EH N T ER T EY N M AH N T,False,True,,homophone_substitution,phoneme overlap 4/4=1.00 (high)
UP UNTIL LAST WEEK,UP UNTIL LAST WEEK,AH P | AH N T IH L | L AE S T | W IY K,AH P | AH N T IH L | L AE S T | W IY K,True,True,,homophone_substitution,phoneme overlap 4/4=1.00 (high)
THE MAN TAKES THE LEAD,THE MAN TAKES THE LEAD,DH AH | M AE N | T EY K S | DH AH | L EH D,DH AH | M AE N | T EY K S | DH AH | L EH D,True,True,,homophone_substitution,phoneme overlap 4/4=1.00 (high)
IT'S TIME NOW FOR EVERYTHING IN BETWEEN,IT'S TIME NOW FOR EVERYTHING IN BETWEEN,IH T S | T AY M | N AW | F AO R | EH V R IY TH IH NG | IH N | B IH T W IY N,IH T S | T AY M | N AW | F AO R | EH V R IY TH IH NG | IH N | B IH T W IY N,True,True,,homophone_substitution,phoneme overlap 7/7=1.00 (high)
I REALLY APPRECIATE IT,I REALLY APPRECIATE IT,AY | R IH L IY | AH P R IY SH IY EY T | IH T,AY | R IH L IY | AH P R IY SH IY EY T | IH T,True,True,,homophone_substitution,phoneme overlap 4/4=1.00 (high)
AND YOU'VE GOT EVERY RIGHT TO BE,AND YOU'VE GOT EVERY RIGHT TO BE,AH N D | Y UW V | G AA T | EH V ER IY | R AY T | T UW | B IY,AH N D | Y UW V | G AA T | EH V ER IY | R AY T | T UW | B IY,True,True,,homophone_substitution,phoneme overlap 7/7=1.00 (high)
THAT WAS FAST AND FURIOUS,THAT WAS FAST AND FURIOUS,DH AE T | W AA Z | F AE S T | AH N D | F Y UH R IY AH S,DH AE T | W AA Z | F AE S T | AH N D | F Y UH R IY AH S,False,True,,homophone_substitution,phoneme overlap 5/5=1.00 (high)
THAT'S NOT AN ANCIENT ROMAN MASK,THAT'S NOT AN ANCIENT ROMAN MASK,DH AE T S | N AA T | AE N | EY N CH AH N T | R OW M AH N | M AE S K,DH AE T S | N AA T | AE N | EY N CH AH N T | R OW M AH N | M AE S K,True,True,,homophone_substitution,phoneme overlap 6/6=1.00 (high)
HE'S JAPANESE MADE,HE'S JAPANESE MADE,HH IY Z | JH AE P AH N IY Z | M EY D,HH IY Z | JH AE P AH N IY Z | M EY D,True,True,,homophone_substitution,phoneme overlap 3/3=1.00 (high)
WHICH A LOT OF THEM WERE,WHICH A LOT OF THEM WERE,W IH CH | AH | L AA T | AH V | DH EH M | W ER,W IH CH | AH | L AA T | AH V | DH EH M | W ER,True,True,,homophone_substitution,phoneme overlap 6/6=1.00 (high)
OUR JOURNEY ISN'T OVER YET,OUR JOURNEY ISN'T OVER YET,AW ER | JH ER N IY | IH Z AH N T | OW V ER | Y EH T,AW ER | JH ER N IY | IH Z AH N T | OW V ER | Y EH T,True,True,,homophone_substitution,phoneme overlap 5/5=1.00 (high)
AND IT'S NOT JUST ANY OLD TUESDAY,AND IT'S NOT JUST ANY OLD TUESDAY,AH N D | IH T S | N AA T | JH AH S T | EH N IY | OW L D | T UW Z D IY,AH N D | IH T S | N AA T | JH AH S T | EH N IY | OW L D | T UW Z D IY,True,True,,homophone_substitution,phoneme overlap 7/7=1.00 (high)
WHO KNEW THAT ONE MAN,WHO KNEW THAT ONE MAN,HH UW | N UW | DH AE T | W AH N | M AE N,HH UW | N UW | DH AE T | W AH N | M AE N,True,True,,homophone_substitution,phoneme overlap 5/5=1.00 (high)
BUT IT MIGHT BE TOO LATE BY THEN,BUT IT MIGHT BE TOO LATE BY THEN,B AH T | IH T | M AY T | B IY | T UW | L EY T | B AY | DH EH N,B AH T | IH T | M AY T | B IY | T UW | L EY T | B AY | DH EH N,True,True,,homophone_substitution,phoneme overlap 8/8=1.00 (high)
FROM WHAT WE KNOW,FROM WHAT WE KNOW,F R AH M | W AH T | W IY | N OW,F R AH M | W AH T | W IY | N OW,True,True,,homophone_substitution,phoneme overlap 4/4=1.00 (high)
GRAHAM BARON ASH,GRAHAM BARRENASH,G R EY AH M | B AE R AH N | AE SH,G R EY AH M | ?,True,False,,semantic_substitution,prediction has CMU OOV AND phoneme-word count differs (tgt=3 hyp=2)
AND THEY WERE THE FIRST PEOPLE,AND THEY WERE THE FIRST PEOPLE,AH N D | DH EY | W ER | DH AH | F ER S T | P IY P AH L,AH N D | DH EY | W ER | DH AH | F ER S T | P IY P AH L,False,True,,homophone_substitution,phoneme overlap 6/6=1.00 (high)
FURNITURE OR OBJECTS LIKE THAT,FURNITURE OR OBJECTS LIKE THAT,F ER N IH CH ER | AO R | AA B JH EH K T S | L AY K | DH AE T,F ER N IH CH ER | AO R | AA B JH EH K T S | L AY K | DH AE T,True,True,,homophone_substitution,phoneme overlap 5/5=1.00 (high)
IT WAS MADE IN GERMANY,IT WAS MADE IN GERMANY,IH T | W AA Z | M EY D | IH N | JH ER M AH N IY,IH T | W AA Z | M EY D | IH N | JH ER M AH N IY,True,True,,homophone_substitution,phoneme overlap 5/5=1.00 (high)
NO ONE WOULD LOOK TWICE,NO ONE WOULD LOOK TWICE,N OW | W AH N | W UH D | L UH K | T W AY S,N OW | W AH N | W UH D | L UH K | T W AY S,True,True,,homophone_substitution,phoneme overlap 5/5=1.00 (high)
THEY WERE SO INSPIRED BY IT,THEY WERE SO INSPIRED BY IT,DH EY | W ER | S OW | IH N S P AY ER D | B AY | IH T,DH EY | W ER | S OW | IH N S P AY ER D | B AY | IH T,True,True,,homophone_substitution,phoneme overlap 6/6=1.00 (high)
LEARN AS MUCH AS POSSIBLE,LEARN AS MUCH AS POSSIBLE,L ER N | AE Z | M AH CH | AE Z | P AA S AH B AH L,L ER N | AE Z | M AH CH | AE Z | P AA S AH B AH L,False,True,,homophone_substitution,phoneme overlap 4/4=1.00 (high)
KEEP GOING ON ABOUT THIS,KEEP GOING ON ABOUT THIS,K IY P | G OW IH NG | AA N | AH B AW T | DH IH S,K IY P | G OW IH NG | AA N | AH B AW T | DH IH S,False,True,,homophone_substitution,phoneme overlap 5/5=1.00 (high)
I DO NOTHING WRONG,I DO NOTHING WRONG,AY | D UW | N AH TH IH NG | R AO NG,AY | D UW | N AH TH IH NG | R AO NG,True,True,,homophone_substitution,phoneme overlap 4/4=1.00 (high)
THIS IS WHERE THE SURPRISES HAPPEN,THIS IS WHERE THE SURPRISES HAPPEN,DH IH S | IH Z | W EH R | DH AH | S ER P R AY Z IH Z | HH AE P AH N,DH IH S | IH Z | W EH R | DH AH | S ER P R AY Z IH Z | HH AE P AH N,True,True,,homophone_substitution,phoneme overlap 6/6=1.00 (high)
IT'S TIME TO RETURN TO WOLVERHAMPTON,IT'S TIME TO RETURN TO WOLVERHAMPTON,IH T S | T AY M | T UW | R IH T ER N | T UW | ?,IH T S | T AY M | T UW | R IH T ER N | T UW | ?,True,True,,homophone_substitution,phoneme overlap 5/5=1.00 (high)
THEY DECIDED TO TIE THE KNOT,THEY DECIDED TO TIE THE KNOT,DH EY | D IH S AY D IH D | T UW | T AY | DH AH | N AA T,DH EY | D IH S AY D IH D | T UW | T AY | DH AH | N AA T,True,True,,homophone_substitution,phoneme overlap 6/6=1.00 (high)
EVERYWHERE YOU GO AROUND HERE,EVERYWHERE YOU GO AROUND HERE,EH V R IY W EH R | Y UW | G OW | ER AW N D | HH IY R,EH V R IY W EH R | Y UW | G OW | ER AW N D | HH IY R,True,True,,homophone_substitution,phoneme overlap 5/5=1.00 (high)
WE HAVE SOME UNFINISHED BUSINESS TO DO IN THE AUCTION ROOM,WE HAVE SOME UNFINISHED BUSINESS TO DO IN THE AUCTION ROOM,W IY | HH AE V | S AH M | AH N F IH N IH SH T | B IH Z N AH S | T UW | D UW | IH N | DH AH | AA K SH AH N | R UW M,W IY | HH AE V | S AH M | AH N F IH N IH SH T | B IH Z N AH S | T UW | D UW | IH N | DH AH | AA K SH AH N | R UW M,True,True,,homophone_substitution,phoneme overlap 11/11=1.00 (high)
WE HAVE GONE DIGITAL,WE HAVE GONE DIGITAL,W IY | HH AE V | G AO N | D IH JH AH T AH L,W IY | HH AE V | G AO N | D IH JH AH T AH L,True,True,,homophone_substitution,phoneme overlap 4/4=1.00 (high)
AND AFTER REACHING OUT TO HIM ON THE SHOW,AND AFTER REACHING OUT TO HIM ON THE SHOW,AH N D | AE F T ER | R IY CH IH NG | AW T | T UW | HH IH M | AA N | DH AH | SH OW,AH N D | AE F T ER | R IY CH IH NG | AW T | T UW | HH IH M | AA N | DH AH | SH OW,True,True,,homophone_substitution,phoneme overlap 9/9=1.00 (high)
RUN FOR COVER IF YOU CAN,RUN FOR COVER IF YOU CAN,R AH N | F AO R | K AH V ER | IH F | Y UW | K AE N,R AH N | F AO R | K AH V ER | IH F | Y UW | K AE N,True,True,,homophone_substitution,phoneme overlap 6/6=1.00 (high)
THEY ARE UNDER A LOT OF STRESS,THEY ARE UNDER A LOT OF STRESS,DH EY | AA R | AH N D ER | AH | L AA T | AH V | S T R EH S,DH EY | AA R | AH N D ER | AH | L AA T | AH V | S T R EH S,True,True,,homophone_substitution,phoneme overlap 7/7=1.00 (high)
WELCOME TO THE TOWER,WELCOME TO THE TOWER,W EH L K AH M | T UW | DH AH | T AW ER,W EH L K AH M | T UW | DH AH | T AW ER,True,True,,homophone_substitution,phoneme overlap 4/4=1.00 (high)
WAS IT YOUR CHOICE,WAS IT YOUR CHOICE,W AA Z | IH T | Y AO R | CH OY S,W AA Z | IH T | Y AO R | CH OY S,False,True,,homophone_substitution,phoneme overlap 4/4=1.00 (high)
YOU REALLY FEEL A PART OF IT,YOU REALLY FEEL A PART OF IT,Y UW | R IH L IY | F IY L | AH | P AA R T | AH V | IH T,Y UW | R IH L IY | F IY L | AH | P AA R T | AH V | IH T,True,True,,homophone_substitution,phoneme overlap 7/7=1.00 (high)
SO WONDERFUL TO SEE THAT,SO WONDERFUL TO SEE THAT,S OW | W AH N D ER F AH L | T UW | S IY | DH AE T,S OW | W AH N D ER F AH L | T UW | S IY | DH AE T,True,True,,homophone_substitution,phoneme overlap 5/5=1.00 (high)
FOR ME IT DOESN'T MAKE SENSE,FOR ME IT DOESN'T MAKE SENSE,F AO R | M IY | IH T | D AH Z AH N T | M EY K | S EH N S,F AO R | M IY | IH T | D AH Z AH N T | M EY K | S EH N S,True,True,,homophone_substitution,phoneme overlap 6/6=1.00 (high)
IF WE HAVE A BELIEF IN REINCARNATION,IF WE HAVE A BELIEF IN REINCARNATION,IH F | W IY | HH AE V | AH | B IH L IY F | IH N | R IY IH N K AA R N EY SH AH N,IH F | W IY | HH AE V | AH | B IH L IY F | IH N | R IY IH N K AA R N EY SH AH N,True,True,,homophone_substitution,phoneme overlap 7/7=1.00 (high)
EVEN THOUGH HER FATHER AT THAT TIME DISAGREED,EVEN THOUGH HER FATHER AT THAT TIME DISAGREED,IY V IH N | DH OW | HH ER | F AA DH ER | AE T | DH AE T | T AY M | D IH S AH G R IY D,IY V IH N | DH OW | HH ER | F AA DH ER | AE T | DH AE T | T AY M | D IH S AH G R IY D,False,True,,homophone_substitution,phoneme overlap 8/8=1.00 (high)
SO WHEN THE BODY IS BROUGHT BACK,SO WHEN THE BODY IS BROUGHT BACK,S OW | W EH N | DH AH | B AA D IY | IH Z | B R AO T | B AE K,S OW | W EH N | DH AH | B AA D IY | IH Z | B R AO T | B AE K,True,True,,homophone_substitution,phoneme overlap 7/7=1.00 (high)
MY FIRST GRANDDAUGHTER,MY FIRST GRANDDAUGHTER,M AY | F ER S T | G R AE N D AO T ER,M AY | F ER S T | G R AE N D AO T ER,False,True,,homophone_substitution,phoneme overlap 3/3=1.00 (high)
NON VIOLENT OFFENCES,NON VIOLENT OFFENCES,N AA N | V AY AH L AH N T | ?,N AA N | V AY AH L AH N T | ?,False,True,,homophone_substitution,phoneme overlap 3/3=1.00 (high)
THERE ARE A LOT OF PEOPLE,THERE ARE A LOT OF PEOPLE,DH EH R | AA R | AH | L AA T | AH V | P IY P AH L,DH EH R | AA R | AH | L AA T | AH V | P IY P AH L,True,True,,homophone_substitution,phoneme overlap 6/6=1.00 (high)
BUT I COME ACROSS TRAINING PRISONS NOW,BUT I COME ACROSS TRAINING PRISONS NOW,B AH T | AY | K AH M | AH K R AO S | T R EY N IH NG | P R IH Z AH N Z | N AW,B AH T | AY | K AH M | AH K R AO S | T R EY N IH NG | P R IH Z AH N Z | N AW,True,True,,homophone_substitution,phoneme overlap 7/7=1.00 (high)
THE COST OF THIS FAILURE,THE COST OF THIS FAILURE,DH AH | K AA S T | AH V | DH IH S | F EY L Y ER,DH AH | K AA S T | AH V | DH IH S | F EY L Y ER,False,True,,homophone_substitution,phoneme overlap 5/5=1.00 (high)
THE AVERAGE COST OF KEEPING A PERSON IN PRISON IS 36,THE AVERAGE COST OF KEEPING A PERSON IN PRISON IS 36,DH AH | AE V ER IH JH | K AA S T | AH V | K IY P IH NG | AH | P ER S AH N | IH N | P R IH Z AH N | IH Z | ?,DH AH | AE V ER IH JH | K AA S T | AH V | K IY P IH NG | AH | P ER S AH N | IH N | P R IH Z AH N | IH Z | ?,True,True,,homophone_substitution,phoneme overlap 11/11=1.00 (high)
THE MOST FAMOUS OF THEM ALL HAVE TO BE THE WORKS OF THE BRONTE SISTERS,THE MOST FAMOUS OF THEM ALL HAVE TO BE THE WORKS OF THE BRONTË SISTERS,DH AH | M OW S T | F EY M AH S | AH V | DH EH M | AO L | HH AE V | T UW | B IY | DH AH | W ER K S | AH V | DH AH | B R AA N T IY | S IH S T ER Z,DH AH | M OW S T | F EY M AH S | AH V | DH EH M | AO L | HH AE V | T UW | B IY | DH AH | W ER K S | AH V | DH AH | ? | S IH S T ER Z,True,False,,non_word_spelling,prediction has CMU OOV; phoneme-word counts equal (15)
IN TERMS OF FIRE SERVICE RESOURCES,IN TERMS OF FIRE SERVICE RESOURCES,IH N | T ER M Z | AH V | F AY ER | S ER V AH S | R IY S AO R S IH Z,IH N | T ER M Z | AH V | F AY ER | S ER V AH S | R IY S AO R S IH Z,True,True,,homophone_substitution,phoneme overlap 6/6=1.00 (high)
RATHER THAN USING DRUGS,RATHER THAN USING DRUGS,R AE DH ER | DH AE N | Y UW Z IH NG | D R AH G Z,R AE DH ER | DH AE N | Y UW Z IH NG | D R AH G Z,False,True,,homophone_substitution,phoneme overlap 4/4=1.00 (high)
HAVE YOU ORDERED YOURS YET,HAVE YOU ORDERED YOURS YET,HH AE V | Y UW | AO R D ER D | Y UH R Z | Y EH T,HH AE V | Y UW | AO R D ER D | Y UH R Z | Y EH T,True,True,,homophone_substitution,phoneme overlap 5/5=1.00 (high)
BUT THESE ARE ONE OF THE MOST WARY BIRDS IN THE WORLD,BUT THESE ARE ONE OF THE MOST WARY BIRDS IN THE WORLD,B AH T | DH IY Z | AA R | W AH N | AH V | DH AH | M OW S T | W EH R IY | B ER D Z | IH N | DH AH | W ER L D,B AH T | DH IY Z | AA R | W AH N | AH V | DH AH | M OW S T | W EH R IY | B ER D Z | IH N | DH AH | W ER L D,True,True,,homophone_substitution,phoneme overlap 11/11=1.00 (high)
THAT'S NOT WHAT I WAS EXPECTING AT ALL,THAT'S NOT WHAT I WAS EXPECTING AT ALL,DH AE T S | N AA T | W AH T | AY | W AA Z | IH K S P EH K T IH NG | AE T | AO L,DH AE T S | N AA T | W AH T | AY | W AA Z | IH K S P EH K T IH NG | AE T | AO L,True,True,,homophone_substitution,phoneme overlap 8/8=1.00 (high)
I LOVE SYLLABLES,I LOVE SYLLABLES,AY | L AH V | S IH L AH B AH L Z,AY | L AH V | S IH L AH B AH L Z,True,True,,homophone_substitution,phoneme overlap 3/3=1.00 (high)
AND YOU KNOW WHAT THIS MEANS,AND YOU KNOW WHAT THIS MEANS,AH N D | Y UW | N OW | W AH T | DH IH S | M IY N Z,AH N D | Y UW | N OW | W AH T | DH IH S | M IY N Z,True,True,,homophone_substitution,phoneme overlap 6/6=1.00 (high)
WE MIGHT FIND SOME MARITIME MEMORABILIA,WE MIGHT FIND SOME MARATIME MEMORABILIA,W IY | M AY T | F AY N D | S AH M | M EH R AH T AY M | M EH M ER AH B IY L Y AH,W IY | M AY T | F AY N D | S AH M | ? | M EH M ER AH B IY L Y AH,True,False,,non_word_spelling,prediction has CMU OOV; phoneme-word counts equal (6)
IT'S A WONDERFUL,IT'S A WONDERFUL,IH T S | AH | W AH N D ER F AH L,IH T S | AH | W AH N D ER F AH L,False,True,,homophone_substitution,phoneme overlap 3/3=1.00 (high)
STOCKS AND SHARES,STOCKS AND SHARES,S T AA K S | AH N D | SH EH R Z,S T AA K S | AH N D | SH EH R Z,False,True,,homophone_substitution,phoneme overlap 3/3=1.00 (high)
AND IN THE PROCESS OF ME NOT OFFENDING GOD,AND IN THE PROCESS OF ME NOT OFFERING GOD,AH N D | IH N | DH AH | P R AA S EH S | AH V | M IY | N AA T | AH F EH N D IH NG | G AA D,AH N D | IH N | DH AH | P R AA S EH S | AH V | M IY | N AA T | AO F ER IH NG | G AA D,True,False,,homophone_substitution,phoneme overlap 8/9=0.89 (high)
I DON'T CARE WHAT THE COST IS,I DON'T CARE WHAT THE COST IS,AY | D OW N T | K EH R | W AH T | DH AH | K AA S T | IH Z,AY | D OW N T | K EH R | W AH T | DH AH | K AA S T | IH Z,True,True,,homophone_substitution,phoneme overlap 7/7=1.00 (high)
BECAUSE THE WHOLE POINT OF 9 11 IS THAT IT'S THE JUSTIFICATION FOR THE POLICE STATE,BECAUSE THE WHOLE POINT OF 9/11 IS THAT IT'S THE JUSTIFICATION FOR THE POLICE STATE,B IH K AO Z | DH AH | HH OW L | P OY N T | AH V | ? | ? | IH Z | DH AE T | IH T S | DH AH | JH AH S T AH F AH K EY SH AH N | F AO R | DH AH | P AH L IY S | S T EY T,B IH K AO Z | DH AH | HH OW L | P OY N T | AH V | ? | IH Z | DH AE T | IH T S | DH AH | JH AH S T AH F AH K EY SH AH N | F AO R | DH AH | P AH L IY S | S T EY T,True,False,,homophone_substitution,phoneme overlap 13/13=1.00 (high)
AND I GUESS THAT'S WHAT'S HAPPENING HERE,AND I GUESS THAT'S WHAT'S HAPPENING HERE,AH N D | AY | G EH S | DH AE T S | W AH T S | HH AE P AH N IH NG | HH IY R,AH N D | AY | G EH S | DH AE T S | W AH T S | HH AE P AH N IH NG | HH IY R,True,True,,homophone_substitution,phoneme overlap 7/7=1.00 (high)
AND FROM WHAT I'VE HEARD,AND FROM WHAT I'VE HEARD,AH N D | F R AH M | W AH T | AY V | HH ER D,AH N D | F R AH M | W AH T | AY V | HH ER D,True,True,,homophone_substitution,phoneme overlap 5/5=1.00 (high)
AND IT'S ALL ABOUT THE CONTEXT,AND IT'S ALL ABOUT THE CONTEXT,AH N D | IH T S | AO L | AH B AW T | DH AH | K AA N T EH K S T,AH N D | IH T S | AO L | AH B AW T | DH AH | K AA N T EH K S T,False,True,,homophone_substitution,phoneme overlap 6/6=1.00 (high)
CHILD OF THE MILLENNIUM,CHILD OF THE MOLYNEUX,CH AY L D | AH V | DH AH | M AH L EH N IY AH M,CH AY L D | AH V | DH AH | ?,False,False,"near-homophone substitution: shared M AH L EH N onset, divergent ending; MOLYNEUX is a surname",non_word_spelling,prediction has CMU OOV; phoneme-word counts equal (4)
TWO APPOINTMENTS LATER,TWO APPOINTMENTS LATER,T UW | AH P OY N T M AH N T S | L EY T ER,T UW | AH P OY N T M AH N T S | L EY T ER,True,True,,homophone_substitution,phoneme overlap 3/3=1.00 (high)
THE MAN WHO CARES ABOUT ANIMALS,THE MAN WHO CARES ABOUT ANIMALS,DH AH | M AE N | HH UW | K EH R Z | AH B AW T | AE N AH M AH L Z,DH AH | M AE N | HH UW | K EH R Z | AH B AW T | AE N AH M AH L Z,False,True,,homophone_substitution,phoneme overlap 6/6=1.00 (high)
GUESS WHAT I'M TALKING ABOUT RIGHT NOW,GUESS WHAT I'M TALKING ABOUT RIGHT NOW,G EH S | W AH T | AY M | T AO K IH NG | AH B AW T | R AY T | N AW,G EH S | W AH T | AY M | T AO K IH NG | AH B AW T | R AY T | N AW,True,True,,homophone_substitution,phoneme overlap 7/7=1.00 (high)
HERE TO GIVE US A RUNDOWN OF THE GREATEST FACIAL CHOREOGRAPHY EVER SEEN ON THE BOX,HERE TO GIVE US A RUN DOWN OF THE GREATEST FAMILIAL CHOREOGRAPHY EVER SEEN ON THE BOX,HH IY R | T UW | G IH V | AH S | AH | R AH N D AW N | AH V | DH AH | G R EY T AH S T | F EY SH AH L | K AO R IY AA G R AH F IY | EH V ER | S IY N | AA N | DH AH | B AA K S,HH IY R | T UW | G IH V | AH S | AH | R AH N | D AW N | AH V | DH AH | G R EY T AH S T | F AH M IH L Y AH L | K AO R IY AA G R AH F IY | EH V ER | S IY N | AA N | DH AH | B AA K S,True,False,,homophone_substitution,phoneme overlap 13/16=0.81 (high)
FACE TO REALLY TELL THE STORY,FACE TO REALLY TELL THE STORY,F EY S | T UW | R IH L IY | T EH L | DH AH | S T AO R IY,F EY S | T UW | R IH L IY | T EH L | DH AH | S T AO R IY,True,True,,homophone_substitution,phoneme overlap 6/6=1.00 (high)
GET YOURSELF OVER HERE BECAUSE FIRST UP TONIGHT,GET YOURSELF OVER HERE BECAUSE FIRST UP TONIGHT,G EH T | Y ER S EH L F | OW V ER | HH IY R | B IH K AO Z | F ER S T | AH P | T AH N AY T,G EH T | Y ER S EH L F | OW V ER | HH IY R | B IH K AO Z | F ER S T | AH P | T AH N AY T,True,True,,homophone_substitution,phoneme overlap 8/8=1.00 (high)
IF YOU WANT TO KNOW WHAT THE KIDS ARE LISTENING TO THESE DAYS,IF YOU WANT TO KNOW WHAT THE KIDS ARE LISTENING TO THESE DAYS,IH F | Y UW | W AA N T | T UW | N OW | W AH T | DH AH | K IH D Z | AA R | L IH S AH N IH NG | T UW | DH IY Z | D EY Z,IH F | Y UW | W AA N T | T UW | N OW | W AH T | DH AH | K IH D Z | AA R | L IH S AH N IH NG | T UW | DH IY Z | D EY Z,True,True,,homophone_substitution,phoneme overlap 12/12=1.00 (high)
LOUISE AND KEVIN,LOUISE AND KEVIN,L UW IY Z | AH N D | K EH V IH N,L UW IY Z | AH N D | K EH V IH N,False,True,,homophone_substitution,phoneme overlap 3/3=1.00 (high)
AND IT'S THE ONE THAT,AND IT'S THE ONE THAT,AH N D | IH T S | DH AH | W AH N | DH AE T,AH N D | IH T S | DH AH | W AH N | DH AE T,True,True,,homophone_substitution,phoneme overlap 5/5=1.00 (high)
THAT WAS BEAUTIFUL,THAT WAS BEAUTIFUL,DH AE T | W AA Z | B Y UW T AH F AH L,DH AE T | W AA Z | B Y UW T AH F AH L,False,True,,homophone_substitution,phoneme overlap 3/3=1.00 (high)
ON INTERNATIONAL WOMEN'S DAY,ON INTERNATIONAL WOMEN'S DAY,AA N | IH N T ER N AE SH AH N AH L | W IH M AH N Z | D EY,AA N | IH N T ER N AE SH AH N AH L | W IH M AH N Z | D EY,True,True,,homophone_substitution,phoneme overlap 4/4=1.00 (high)
AND WENT ON THE ORDINARY WING,AND WENT ON THE ORDINARY WING,AH N D | W EH N T | AA N | DH AH | AO R D AH N EH R IY | W IH NG,AH N D | W EH N T | AA N | DH AH | AO R D AH N EH R IY | W IH NG,False,True,,homophone_substitution,phoneme overlap 6/6=1.00 (high)
THE DUKE OF GLOUCESTER,THE DUKE OF GLOSTER,DH AH | D UW K | AH V | G L AO S T ER,DH AH | D UW K | AH V | G L AA S T ER,False,False,homophone substitution: GLOUCESTER -> GLOSTER (silent U dropped),homophone_substitution,phoneme overlap 3/4=0.75 (high)
AND YOU KNOW THAT,AND YOU KNOW THAT,AH N D | Y UW | N OW | DH AE T,AH N D | Y UW | N OW | DH AE T,True,True,,homophone_substitution,phoneme overlap 4/4=1.00 (high)
WE HAVE THE DELECTABLE NEIL JONES,WE HAVE THE DELICATE ALUMNI,W IY | HH AE V | DH AH | D IH L EH K T AH B AH L | N IY L | JH OW N Z,W IY | HH AE V | DH AH | D EH L AH K AH T | AH L AH M N AY,True,False,,homophone_substitution,phoneme overlap 3/6=0.50 (high)
THAT WAS SOME TIME AGO,THAT WAS SOME TIME AGO,DH AE T | W AA Z | S AH M | T AY M | AH G OW,DH AE T | W AA Z | S AH M | T AY M | AH G OW,True,True,,homophone_substitution,phoneme overlap 5/5=1.00 (high)
REAL FRIENDS THAT CARE ABOUT ME,REAL FRIENDS THAT CARE ABOUT ME,R IY L | F R EH N D Z | DH AE T | K EH R | AH B AW T | M IY,R IY L | F R EH N D Z | DH AE T | K EH R | AH B AW T | M IY,True,True,,homophone_substitution,phoneme overlap 6/6=1.00 (high)
CLEARLY THEY DO,CLEARLY THEY DO,K L IH R L IY | DH EY | D UW,K L IH R L IY | DH EY | D UW,True,True,,homophone_substitution,phoneme overlap 3/3=1.00 (high)
YOU DON'T NEED IT,YOU DON'T NEED IT,Y UW | D OW N T | N IY D | IH T,Y UW | D OW N T | N IY D | IH T,True,True,,homophone_substitution,phoneme overlap 4/4=1.00 (high)
THE REASON BEING,THE REASON BEING,DH AH | R IY Z AH N | B IY IH NG,DH AH | R IY Z AH N | B IY IH NG,False,True,,homophone_substitution,phoneme overlap 3/3=1.00 (high)
THE PRESIDENT'S CHAIR,THE PRESIDENT'S CHAIR,DH AH | P R EH Z IH D AH N T S | CH EH R,DH AH | P R EH Z IH D AH N T S | CH EH R,False,True,,homophone_substitution,phoneme overlap 3/3=1.00 (high)
NOT TO THINK FOR THEMSELVES,NOT TO THINK FOR THEMSELVES,N AA T | T UW | TH IH NG K | F AO R | DH EH M S EH L V Z,N AA T | T UW | TH IH NG K | F AO R | DH EH M S EH L V Z,True,True,,homophone_substitution,phoneme overlap 5/5=1.00 (high)
WITH MY BLESSING,WITH MY BLESSING,W IH DH | M AY | B L EH S IH NG,W IH DH | M AY | B L EH S IH NG,False,True,,homophone_substitution,phoneme overlap 3/3=1.00 (high)
THAT'S THE MESSAGE FROM INDEPENDENT ECONOMISTS AFTER THE CHANCELLOR'S AUTUMN STATEMENT,THAT'S THE MESSAGE FROM INDEPENDENT ECONOMISTS AFTER THE CHANCELLOR'S AUTUMN STATEMENT,DH AE T S | DH AH | M EH S AH JH | F R AH M | IH N D IH P EH N D AH N T | IH K AA N AH M IH S T S | AE F T ER | DH AH | CH AE N S AH L ER Z | AO T AH M | S T EY T M AH N T,DH AE T S | DH AH | M EH S AH JH | F R AH M | IH N D IH P EH N D AH N T | IH K AA N AH M IH S T S | AE F T ER | DH AH | CH AE N S AH L ER Z | AO T AH M | S T EY T M AH N T,False,True,,homophone_substitution,phoneme overlap 10/10=1.00 (high)
AND WITH THAT IN MIND,AND WITH THAT IN MIND,AH N D | W IH DH | DH AE T | IH N | M AY N D,AH N D | W IH DH | DH AE T | IH N | M AY N D,True,True,,homophone_substitution,phoneme overlap 5/5=1.00 (high)
HIS FATHER DIED,HIS FATHER DIED,HH IH Z | F AA DH ER | D AY D,HH IH Z | F AA DH ER | D AY D,True,True,,homophone_substitution,phoneme overlap 3/3=1.00 (high)
NOT JUST HERE IN NOTTINGHAMSHIRE,NOT JUST HERE IN NOTTINGHAMSHIRE,N AA T | JH AH S T | HH IY R | IH N | ?,N AA T | JH AH S T | HH IY R | IH N | ?,True,True,,homophone_substitution,phoneme overlap 5/5=1.00 (high)
BUT IT SEEMS THE PENDANT IS TO EVERYONE'S PERSONAL TASTE,BUT IT SEEMS THE PENDANT IS TO EVERYONE'S PERSONAL TASTE,B AH T | IH T | S IY M Z | DH AH | P EH N D AH N T | IH Z | T UW | EH V R IY W AH N Z | P ER S IH N IH L | T EY S T,B AH T | IH T | S IY M Z | DH AH | P EH N D AH N T | IH Z | T UW | EH V R IY W AH N Z | P ER S IH N IH L | T EY S T,True,True,,homophone_substitution,phoneme overlap 10/10=1.00 (high)
IT'S TIME TO FIND OUT IF NIGEL,IT'S TIME TO FIND OUT IF NIGEL,IH T S | T AY M | T UW | F AY N D | AW T | IH F | N AY JH AH L,IH T S | T AY M | T UW | F AY N D | AW T | IH F | N AY JH AH L,True,True,,homophone_substitution,phoneme overlap 7/7=1.00 (high)
REMEMBER THAT MAN WITH THE CAMERA,REMEMBER THAT MAN WITH THE CAMERA,R IH M EH M B ER | DH AE T | M AE N | W IH DH | DH AH | K AE M ER AH,R IH M EH M B ER | DH AE T | M AE N | W IH DH | DH AH | K AE M ER AH,False,True,,homophone_substitution,phoneme overlap 6/6=1.00 (high)
AND YOU CAN FOLLOW US,AND YOU CAN FOLLOW US,AH N D | Y UW | K AE N | F AA L OW | AH S,AH N D | Y UW | K AE N | F AA L OW | AH S,True,True,,homophone_substitution,phoneme overlap 5/5=1.00 (high)
BUT IT'S NOT ALL BAD NEWS,BUT IT'S NOT ALL BAD NEWS,B AH T | IH T S | N AA T | AO L | B AE D | N UW Z,B AH T | IH T S | N AA T | AO L | B AE D | N UW Z,True,True,,homophone_substitution,phoneme overlap 6/6=1.00 (high)
I DO KNOW WHAT IT MEANS,I DO KNOW WHAT IT MEANS,AY | D UW | N OW | W AH T | IH T | M IY N Z,AY | D UW | N OW | W AH T | IH T | M IY N Z,True,True,,homophone_substitution,phoneme overlap 6/6=1.00 (high)
AFTER ALL I'VE BEEN THROUGH,AFTER ALL I'VE BEEN THROUGH,AE F T ER | AO L | AY V | B IH N | TH R UW,AE F T ER | AO L | AY V | B IH N | TH R UW,True,True,,homophone_substitution,phoneme overlap 5/5=1.00 (high)
I WANT TO TALK ABOUT DADDY TOO,I WANT TO TALK ABOUT DADDY TO,AY | W AA N T | T UW | T AO K | AH B AW T | D AE D IY | T UW,AY | W AA N T | T UW | T AO K | AH B AW T | D AE D IY | T UW,True,False,,homophone_substitution,phoneme overlap 6/6=1.00 (high)
EVERYONE WAS BLOWN AWAY,EVERYONE WAS BLOWN AWAY,EH V R IY W AH N | W AA Z | B L OW N | AH W EY,EH V R IY W AH N | W AA Z | B L OW N | AH W EY,False,True,,homophone_substitution,phoneme overlap 4/4=1.00 (high)
WE STILL HAVE ALL OF THIS TO COME,WE STILL HAVE ALL OF THIS TO COME,W IY | S T IH L | HH AE V | AO L | AH V | DH IH S | T UW | K AH M,W IY | S T IH L | HH AE V | AO L | AH V | DH IH S | T UW | K AH M,True,True,,homophone_substitution,phoneme overlap 8/8=1.00 (high)
I WANT TO TAKE A SELFIE,I WANT TO TAKE A SELFIE,AY | W AA N T | T UW | T EY K | AH | ?,AY | W AA N T | T UW | T EY K | AH | ?,True,True,,homophone_substitution,phoneme overlap 6/6=1.00 (high)
RESCUING A DAMSEL IN DISTRESS,RESCUING A DAMSEL IN DISTRESS,R EH S K Y UW IH NG | AH | D AE M Z AH L | IH N | D IH S T R EH S,R EH S K Y UW IH NG | AH | D AE M Z AH L | IH N | D IH S T R EH S,True,True,,homophone_substitution,phoneme overlap 5/5=1.00 (high)
ALL OF THAT COULD CHANGE,ALL OF THAT COULD CHANGE,AO L | AH V | DH AE T | K UH D | CH EY N JH,AO L | AH V | DH AE T | K UH D | CH EY N JH,False,True,,homophone_substitution,phoneme overlap 5/5=1.00 (high)
BUT WHAT EXACTLY IS IT,BUT WHAT EXACTLY IS IT,B AH T | W AH T | IH G Z AE K T L IY | IH Z | IH T,B AH T | W AH T | IH G Z AE K T L IY | IH Z | IH T,True,True,,homophone_substitution,phoneme overlap 5/5=1.00 (high)
HOW DOES IT WORK,HOW DOES IT WORK,HH AW | D AH Z | IH T | W ER K,HH AW | D AH Z | IH T | W ER K,False,True,,homophone_substitution,phoneme overlap 4/4=1.00 (high)
THERE'S ALWAYS HISTORICAL TREASURES TO LOOK AT,THERE'S ALWAYS HISTORICAL TREASURES TO LOOK AT,DH EH R Z | AO L W EY Z | HH IH S T AO R IH K AH L | T R EH ZH ER Z | T UW | L UH K | AE T,DH EH R Z | AO L W EY Z | HH IH S T AO R IH K AH L | T R EH ZH ER Z | T UW | L UH K | AE T,True,True,,homophone_substitution,phoneme overlap 7/7=1.00 (high)
FAST AND FURIOUS,FAST AND FURIOUS,F AE S T | AH N D | F Y UH R IY AH S,F AE S T | AH N D | F Y UH R IY AH S,False,True,,homophone_substitution,phoneme overlap 3/3=1.00 (high)
AND LATER IN TURN,AND LATER IN TURN,AH N D | L EY T ER | IH N | T ER N,AH N D | L EY T ER | IH N | T ER N,True,True,,homophone_substitution,phoneme overlap 4/4=1.00 (high)
HE MOVED AROUND A LOT,HE MOVED AROUND A LOT,HH IY | M UW V D | ER AW N D | AH | L AA T,HH IY | M UW V D | ER AW N D | AH | L AA T,False,True,,homophone_substitution,phoneme overlap 5/5=1.00 (high)
AS IS THE TITLE OF THIS POEM,AS IS THE TITLE OF THIS POEM,AE Z | IH Z | DH AH | T AY T AH L | AH V | DH IH S | P OW AH M,AE Z | IH Z | DH AH | T AY T AH L | AH V | DH IH S | P OW AH M,False,True,,homophone_substitution,phoneme overlap 7/7=1.00 (high)
FOUR KILOMETRES WITHOUT EVEN REALLY THINKING ABOUT IT,FOUR KILOMETRES WITHOUT EVEN REALLY THINKING ABOUT IT,F AO R | ? | W IH TH AW T | IY V IH N | R IH L IY | TH IH NG K IH NG | AH B AW T | IH T,F AO R | ? | W IH TH AW T | IY V IH N | R IH L IY | TH IH NG K IH NG | AH B AW T | IH T,True,True,,homophone_substitution,phoneme overlap 8/8=1.00 (high)
IN THE HIGHWAY CODE ITSELF,IN THE HIGHWAY CODE ITSELF,IH N | DH AH | HH AY W EY | K OW D | IH T S EH L F,IH N | DH AH | HH AY W EY | K OW D | IH T S EH L F,True,True,,homophone_substitution,phoneme overlap 5/5=1.00 (high)
SO IN THE MEANTIME,SO IN THE MEANTIME,S OW | IH N | DH AH | M IY N T AY M,S OW | IH N | DH AH | M IY N T AY M,True,True,,homophone_substitution,phoneme overlap 4/4=1.00 (high)
THROUGH ANTIBODY DIRECTED THERAPY,THROUGH ANTIBODY DIRECTED THERAPY,TH R UW | AE N T IH B AA D IY | D ER EH K T AH D | TH EH R AH P IY,TH R UW | AE N T IH B AA D IY | D ER EH K T AH D | TH EH R AH P IY,True,True,,homophone_substitution,phoneme overlap 4/4=1.00 (high)
AND I FEEL VERY,AND I FEEL VERY,AH N D | AY | F IY L | V EH R IY,AH N D | AY | F IY L | V EH R IY,True,True,,homophone_substitution,phoneme overlap 4/4=1.00 (high)
I'M YOUR SIMON COWELL,I'M YOUR SIMON COWELL,AY M | Y AO R | S AY M AH N | K AA W EH L,AY M | Y AO R | S AY M AH N | K AA W EH L,False,True,,homophone_substitution,phoneme overlap 4/4=1.00 (high)
I JUST CAN'T SEEM TO WIN,I JUST CAN'T SEEM TO WIN,AY | JH AH S T | K AE N T | S IY M | T UW | W IH N,AY | JH AH S T | K AE N T | S IY M | T UW | W IH N,True,True,,homophone_substitution,phoneme overlap 6/6=1.00 (high)
IT'LL BE A BRILLIANT SUCCESS,IT'LL BE A BRILLIANT SUCCESS,IH T AH L | B IY | AH | B R IH L Y AH N T | S AH K S EH S,IH T AH L | B IY | AH | B R IH L Y AH N T | S AH K S EH S,True,True,,homophone_substitution,phoneme overlap 5/5=1.00 (high)
HE RETRIEVED THE FLAG,HE RETRIEVED THE FLAG,HH IY | R IY T R IY V D | DH AH | F L AE G,HH IY | R IY T R IY V D | DH AH | F L AE G,False,True,,homophone_substitution,phoneme overlap 4/4=1.00 (high)
I'M STRUGGLING WITH THAT ONE,I'M STRUGGLING WITH THAT ONE,AY M | S T R AH G AH L IH NG | W IH DH | DH AE T | W AH N,AY M | S T R AH G AH L IH NG | W IH DH | DH AE T | W AH N,True,True,,homophone_substitution,phoneme overlap 5/5=1.00 (high)
HE'S A LATIN SENSATION,HE'S A LATIN SENSATION,HH IY Z | AH | L AE T AH N | S EH N S EY SH AH N,HH IY Z | AH | L AE T AH N | S EH N S EY SH AH N,False,True,,homophone_substitution,phoneme overlap 4/4=1.00 (high)
BORN INTO A FAMILY OF DANCERS,BORN INTO A FAMILY OF DANCERS,B AO R N | IH N T UW | AH | F AE M AH L IY | AH V | D AE N S ER Z,B AO R N | IH N T UW | AH | F AE M AH L IY | AH V | D AE N S ER Z,True,True,,homophone_substitution,phoneme overlap 6/6=1.00 (high)
I MADE A FEW CALLS,I MADE A FEW CALLS,AY | M EY D | AH | F Y UW | K AO L Z,AY | M EY D | AH | F Y UW | K AO L Z,True,True,,homophone_substitution,phoneme overlap 5/5=1.00 (high)
AS WELL AS THE GREEN MAN,AS WELL AS THE GREEN MAN,AE Z | W EH L | AE Z | DH AH | G R IY N | M AE N,AE Z | W EH L | AE Z | DH AH | G R IY N | M AE N,False,True,,homophone_substitution,phoneme overlap 5/5=1.00 (high)
THIS IS EXTREMELY RARE AND VALUABLE,THIS IS EXTREMELY RARE AND VALUABLE,DH IH S | IH Z | IH K S T R IY M L IY | R EH R | AH N D | V AE L Y AH B AH L,DH IH S | IH Z | IH K S T R IY M L IY | R EH R | AH N D | V AE L Y AH B AH L,False,True,,homophone_substitution,phoneme overlap 6/6=1.00 (high)
NOT FOR SUBJECT MATTER,NOT FOR SUBJECT MATTER,N AA T | F AO R | S AH B JH EH K T | M AE T ER,N AA T | F AO R | S AH B JH EH K T | M AE T ER,True,True,,homophone_substitution,phoneme overlap 4/4=1.00 (high)
I HASTEN TO ADD,I HESITANT TO AD,AY | HH EY S AH N | T UW | AE D,AY | HH EH Z IH T AH N T | T UW | AE D,True,False,,homophone_substitution,phoneme overlap 3/4=0.75 (high)
HERE ON THE DAY,HERE ON THE DAY,HH IY R | AA N | DH AH | D EY,HH IY R | AA N | DH AH | D EY,True,True,,homophone_substitution,phoneme overlap 4/4=1.00 (high)
BUT I FELT HE WAS EXPOSED,BUT I FELT HE WAS EXPOSED,B AH T | AY | F EH L T | HH IY | W AA Z | IH K S P OW Z D,B AH T | AY | F EH L T | HH IY | W AA Z | IH K S P OW Z D,True,True,,homophone_substitution,phoneme overlap 6/6=1.00 (high)
AND YOU AND HIM,AND YOU AND HIM,AH N D | Y UW | AH N D | HH IH M,AH N D | Y UW | AH N D | HH IH M,True,True,,homophone_substitution,phoneme overlap 3/3=1.00 (high)
WILL APPEAR IN COURT NEXT MONTH,WILL APPEAR IN COURT NEXT MONTH,W IH L | AH P IH R | IH N | K AO R T | N EH K S T | M AH N TH,W IH L | AH P IH R | IH N | K AO R T | N EH K S T | M AH N TH,True,True,,homophone_substitution,phoneme overlap 6/6=1.00 (high)
AND THE CHAMPAGNE,AND THE CHAMPAGNE,AH N D | DH AH | SH AE M P EY N,AH N D | DH AH | SH AE M P EY N,False,True,,homophone_substitution,phoneme overlap 3/3=1.00 (high)
BEFORE WE BRING ON OUR NEXT CONTENDER,BEFORE WE BRING ON OUR NEXT CONTENDER,B IH F AO R | W IY | B R IH NG | AA N | AW ER | N EH K S T | K AH N T EH N D ER,B IH F AO R | W IY | B R IH NG | AA N | AW ER | N EH K S T | K AH N T EH N D ER,True,True,,homophone_substitution,phoneme overlap 7/7=1.00 (high)
IF YOU'VE GOT A QUESTION FOR EITHER OF THEM,IF YOU'VE GOT A QUESTION FOR EITHER OF THEM,IH F | Y UW V | G AA T | AH | K W EH S CH AH N | F AO R | IY DH ER | AH V | DH EH M,IH F | Y UW V | G AA T | AH | K W EH S CH AH N | F AO R | IY DH ER | AH V | DH EH M,True,True,,homophone_substitution,phoneme overlap 9/9=1.00 (high)
SO TO DO BALLROOM,SO TO DO BALLROOM,S OW | T UW | D UW | B AO L R UW M,S OW | T UW | D UW | B AO L R UW M,True,True,,homophone_substitution,phoneme overlap 4/4=1.00 (high)
I AM THE ULTIMATE POWER,I AM THE ULTIMATE POWER,AY | AE M | DH AH | AH L T AH M AH T | P AW ER,AY | AE M | DH AH | AH L T AH M AH T | P AW ER,True,True,,homophone_substitution,phoneme overlap 5/5=1.00 (high)
IT IS THE QUARTER FINALS,IT IS THE QUARTER FINALS,IH T | IH Z | DH AH | K W AO R T ER | F AY N AH L Z,IH T | IH Z | DH AH | K W AO R T ER | F AY N AH L Z,False,True,,homophone_substitution,phoneme overlap 5/5=1.00 (high)
WE HAD A BLAZING ROW,WE HAD A BLAZING ROW,W IY | HH AE D | AH | B L EY Z IH NG | R OW,W IY | HH AE D | AH | B L EY Z IH NG | R OW,True,True,,homophone_substitution,phoneme overlap 5/5=1.00 (high)
THE FAMILY SEAT,THE FAMILY SEAT,DH AH | F AE M AH L IY | S IY T,DH AH | F AE M AH L IY | S IY T,False,True,,homophone_substitution,phoneme overlap 3/3=1.00 (high)
PLEASE WELCOME JENNY ECLAIR,PLEASE WELCOME GENIE CLARKE,P L IY Z | W EH L K AH M | JH EH N IY | ?,P L IY Z | W EH L K AH M | JH IY N IY | K L AA R K,False,False,,oov_target_substitution,"target has CMU OOV, prediction is real word"
IT'S A MOVIE THEME,IT'S A MOVIE THEME,IH T S | AH | M UW V IY | TH IY M,IH T S | AH | M UW V IY | TH IY M,False,True,,homophone_substitution,phoneme overlap 4/4=1.00 (high)
THEY HAVE NO IDEA WHAT TO EXPECT,THEY HAVE NO IDEA WHAT TO EXPECT,DH EY | HH AE V | N OW | AY D IY AH | W AH T | T UW | IH K S P EH K T,DH EY | HH AE V | N OW | AY D IY AH | W AH T | T UW | IH K S P EH K T,True,True,,homophone_substitution,phoneme overlap 7/7=1.00 (high)
TWO AND A HALF MINUTES FOR THAT ROUND,TWO AND A HALF MINUTES FOR THAT ROUND,T UW | AH N D | AH | HH AE F | M IH N AH T S | F AO R | DH AE T | R AW N D,T UW | AH N D | AH | HH AE F | M IH N AH T S | F AO R | DH AE T | R AW N D,True,True,,homophone_substitution,phoneme overlap 8/8=1.00 (high)
I'M NOT SATISFIED,I'M NOT SATISFIED,AY M | N AA T | S AE T AH S F AY D,AY M | N AA T | S AE T AH S F AY D,True,True,,homophone_substitution,phoneme overlap 3/3=1.00 (high)
IT'S ON OUR CABLE PACKAGE,IT'S ON OUR CABLE PACKAGE,IH T S | AA N | AW ER | K EY B AH L | P AE K AH JH,IH T S | AA N | AW ER | K EY B AH L | P AE K AH JH,True,True,,homophone_substitution,phoneme overlap 5/5=1.00 (high)
WHEN WE SEE HIM,WHEN WE SEE HIM,W EH N | W IY | S IY | HH IH M,W EH N | W IY | S IY | HH IH M,True,True,,homophone_substitution,phoneme overlap 4/4=1.00 (high)
YOU WANT ME TO BE HAPPY,YOU WANT ME TO BE HAPPY,Y UW | W AA N T | M IY | T UW | B IY | HH AE P IY,Y UW | W AA N T | M IY | T UW | B IY | HH AE P IY,True,True,,homophone_substitution,phoneme overlap 6/6=1.00 (high)
WHAT SEASON WAS THAT,WHAT SEASON WAS THAT,W AH T | S IY Z AH N | W AA Z | DH AE T,W AH T | S IY Z AH N | W AA Z | DH AE T,False,True,,homophone_substitution,phoneme overlap 4/4=1.00 (high)
NO FOOD LEFT OUT,NO FOOD LEFT OUT,N OW | F UW D | L EH F T | AW T,N OW | F UW D | L EH F T | AW T,True,True,,homophone_substitution,phoneme overlap 4/4=1.00 (high)
I'LL MEET YOU AT THE PARTY,I'LL MEET YOU AT THE PARTY,AY L | M IY T | Y UW | AE T | DH AH | P AA R T IY,AY L | M IY T | Y UW | AE T | DH AH | P AA R T IY,True,True,,homophone_substitution,phoneme overlap 6/6=1.00 (high)
PROBABLY IN THE WORLD,PROBABLY IN THE WORLD,P R AA B AH B L IY | IH N | DH AH | W ER L D,P R AA B AH B L IY | IH N | DH AH | W ER L D,True,True,,homophone_substitution,phoneme overlap 4/4=1.00 (high)
I'M REALLY LOOKING FORWARD TO THIS,I'M REALLY LOOKING FORWARD TO THIS,AY M | R IH L IY | L UH K IH NG | F AO R W ER D | T UW | DH IH S,AY M | R IH L IY | L UH K IH NG | F AO R W ER D | T UW | DH IH S,True,True,,homophone_substitution,phoneme overlap 6/6=1.00 (high)
AND IT'S EVEN RARER TO FIND ONE THAT HASN'T BEEN DUG INTO BY ANTIQUARIANS,AND IT'S EVEN RARER TO FIND ONE THAT HASN'T BEEN DUG INTO BY ANTIQUARIANS,AH N D | IH T S | IY V IH N | R EH R ER | T UW | F AY N D | W AH N | DH AE T | HH AE Z AH N T | B IH N | D AH G | IH N T UW | B AY | ?,AH N D | IH T S | IY V IH N | R EH R ER | T UW | F AY N D | W AH N | DH AE T | HH AE Z AH N T | B IH N | D AH G | IH N T UW | B AY | ?,True,True,,homophone_substitution,phoneme overlap 14/14=1.00 (high)
WHAT WE'VE GOT HERE IS AN OPPORTUNITY TO UNDERSTAND ONE OF THESE MONUMENTS IN A MODERN,WHAT WE'VE GOT HERE IS AN OPPORTUNITY TO UNDERSTAND ONE OF THESE MONUMENTS IN A MODERN,W AH T | W IY V | G AA T | HH IY R | IH Z | AE N | AA P ER T UW N AH T IY | T UW | AH N D ER S T AE N D | W AH N | AH V | DH IY Z | M AA N Y AH M AH N T S | IH N | AH | M AA D ER N,W AH T | W IY V | G AA T | HH IY R | IH Z | AE N | AA P ER T UW N AH T IY | T UW | AH N D ER S T AE N D | W AH N | AH V | DH IY Z | M AA N Y AH M AH N T S | IH N | AH | M AA D ER N,True,True,,homophone_substitution,phoneme overlap 16/16=1.00 (high)
AND PEOPLE LIVING,AND PEOPLE LIVING,AH N D | P IY P AH L | L IH V IH NG,AH N D | P IY P AH L | L IH V IH NG,False,True,,homophone_substitution,phoneme overlap 3/3=1.00 (high)
IT'S ABOUT THE DEAD,IT'S ABOUT THE DEAD,IH T S | AH B AW T | DH AH | D EH D,IH T S | AH B AW T | DH AH | D EH D,False,True,,homophone_substitution,phoneme overlap 4/4=1.00 (high)
A PURIFICATION CEREMONY,A PURIFICATION CEREMONY,AH | P Y UH R AH F AH K EY SH AH N | S EH R AH M OW N IY,AH | P Y UH R AH F AH K EY SH AH N | S EH R AH M OW N IY,False,True,,homophone_substitution,phoneme overlap 3/3=1.00 (high)
IT'S ALMOST AN OLD PERSON,IT'S ALMOST AN OLD PERSON,IH T S | AO L M OW S T | AE N | OW L D | P ER S AH N,IH T S | AO L M OW S T | AE N | OW L D | P ER S AH N,True,True,,homophone_substitution,phoneme overlap 5/5=1.00 (high)
AND THIS MIGHT BE,AND THIS MIGHT BE,AH N D | DH IH S | M AY T | B IY,AH N D | DH IH S | M AY T | B IY,True,True,,homophone_substitution,phoneme overlap 4/4=1.00 (high)
EVERY SINGLE PERSON,EVERY SINGLE PERSON,EH V ER IY | S IH NG G AH L | P ER S AH N,EH V ER IY | S IH NG G AH L | P ER S AH N,False,True,,homophone_substitution,phoneme overlap 3/3=1.00 (high)
THAT'S THE BEST KIND OF TEACHING,THAT'S THE BEST KIND OF TEACHING,DH AE T S | DH AH | B EH S T | K AY N D | AH V | T IY CH IH NG,DH AE T S | DH AH | B EH S T | K AY N D | AH V | T IY CH IH NG,False,True,,homophone_substitution,phoneme overlap 6/6=1.00 (high)
I HAD A GREAT TIME,I HAD A GREAT TIME,AY | HH AE D | AH | G R EY T | T AY M,AY | HH AE D | AH | G R EY T | T AY M,True,True,,homophone_substitution,phoneme overlap 5/5=1.00 (high)
THAT'S WHAT CHILD SUPPORT SERVICES DOES,THAT'S WHAT CHILD SUPPORT SERVICES DOES,DH AE T S | W AH T | CH AY L D | S AH P AO R T | S ER V AH S AH Z | D AH Z,DH AE T S | W AH T | CH AY L D | S AH P AO R T | S ER V AH S AH Z | D AH Z,False,True,,homophone_substitution,phoneme overlap 6/6=1.00 (high)
NICOLA IS DEFINITELY THE LOVE OF MY LIFE,NICOLE IS DEFINITELY THE LOVE OF MY LIFE,N IH K OW L AH | IH Z | D EH F AH N AH T L IY | DH AH | L AH V | AH V | M AY | L AY F,N IH K OW L | IH Z | D EH F AH N AH T L IY | DH AH | L AH V | AH V | M AY | L AY F,False,False,,homophone_substitution,phoneme overlap 7/8=0.88 (high)
SHE'S MY JULIET,SHE'S MY JULIET,SH IY Z | M AY | JH UW L IY EH T,SH IY Z | M AY | JH UW L IY EH T,False,True,,homophone_substitution,phoneme overlap 3/3=1.00 (high)
THE ROCHELLE TO MY MARVIN,THE ROSEHELLE TO MY MERVYN,DH AH | R OW SH EH L | T UW | M AY | M AA R V IH N,DH AH | ? | T UW | M AY | M ER V IH N,True,False,,non_word_spelling,prediction has CMU OOV; phoneme-word counts equal (5)
I GUESS I'M AFRAID,I GUESS I'M AFRAID,AY | G EH S | AY M | AH F R EY D,AY | G EH S | AY M | AH F R EY D,True,True,,homophone_substitution,phoneme overlap 4/4=1.00 (high)
I LIKE SPENDING TIME WITH HIM,I LIKE SPENDING TIME WITH HIM,AY | L AY K | S P EH N D IH NG | T AY M | W IH DH | HH IH M,AY | L AY K | S P EH N D IH NG | T AY M | W IH DH | HH IH M,True,True,,homophone_substitution,phoneme overlap 6/6=1.00 (high)
AND IT IS A SERVICE,AND IT IS A SERVICE,AH N D | IH T | IH Z | AH | S ER V AH S,AH N D | IH T | IH Z | AH | S ER V AH S,False,True,,homophone_substitution,phoneme overlap 5/5=1.00 (high)
SHE'S GOT THE BEST TOP LINE IN THE BUSINESS,SHE'S GOT THE BEST TOPLINE IN THE BUSINESS,SH IY Z | G AA T | DH AH | B EH S T | T AA P | L AY N | IH N | DH AH | B IH Z N AH S,SH IY Z | G AA T | DH AH | B EH S T | ? | IH N | DH AH | B IH Z N AH S,True,False,,boundary_hallucination,"same letters, space differs (tgt_words=9 hyp_words=8)"
SO I DON'T KNOW,SO I DON'T KNOW,S OW | AY | D OW N T | N OW,S OW | AY | D OW N T | N OW,True,True,,homophone_substitution,phoneme overlap 4/4=1.00 (high)
THAT'S WHAT YOU SAID,THAT'S WHAT YOU SAID,DH AE T S | W AH T | Y UW | S EH D,DH AE T S | W AH T | Y UW | S EH D,True,True,,homophone_substitution,phoneme overlap 4/4=1.00 (high)
IT'S JUST A NAME,IT'S JUST A NAME,IH T S | JH AH S T | AH | N EY M,IH T S | JH AH S T | AH | N EY M,False,True,,homophone_substitution,phoneme overlap 4/4=1.00 (high)
I'VE BEEN WAXED,I'VE BEEN WACKED,AY V | B IH N | W AE K S T,AY V | B IH N | ?,True,False,,non_word_spelling,prediction has CMU OOV; phoneme-word counts equal (3)
TALK ABOUT SMART,TALK ABOUT SMART,T AO K | AH B AW T | S M AA R T,T AO K | AH B AW T | S M AA R T,False,True,,homophone_substitution,phoneme overlap 3/3=1.00 (high)
MY LITTLE BOY IS,MY LITTLE BOY IS,M AY | L IH T AH L | B OY | IH Z,M AY | L IH T AH L | B OY | IH Z,False,True,,homophone_substitution,phoneme overlap 4/4=1.00 (high)
I'M GETTING OLDER,I'M GETTING OLDER,AY M | G EH T IH NG | OW L D ER,AY M | G EH T IH NG | OW L D ER,False,True,,homophone_substitution,phoneme overlap 3/3=1.00 (high)
I'LL BE POPPING IN EACH EVENING,I'LL BE POPPING IN EACH EVENING,AY L | B IY | P AA P IH NG | IH N | IY CH | IY V N IH NG,AY L | B IY | P AA P IH NG | IH N | IY CH | IY V N IH NG,True,True,,homophone_substitution,phoneme overlap 6/6=1.00 (high)
BUT SHE'S NOT CONFUSED,BUT SHE'S NOT CONFUSED,B AH T | SH IY Z | N AA T | K AH N F Y UW Z D,B AH T | SH IY Z | N AA T | K AH N F Y UW Z D,True,True,,homophone_substitution,phoneme overlap 4/4=1.00 (high)
YOU NEED TO BE STRONG UP HERE,YOU NEED TO BE STRONG UP HERE,Y UW | N IY D | T UW | B IY | S T R AO NG | AH P | HH IY R,Y UW | N IY D | T UW | B IY | S T R AO NG | AH P | HH IY R,True,True,,homophone_substitution,phoneme overlap 7/7=1.00 (high)
MAKE SURE YOU NEVER GET DEPRESSED AGAIN,MAKE SURE YOU NEVER GET DEPRESSED AGAIN,M EY K | SH UH R | Y UW | N EH V ER | G EH T | D IH P R EH S T | AH G EH N,M EY K | SH UH R | Y UW | N EH V ER | G EH T | D IH P R EH S T | AH G EH N,True,True,,homophone_substitution,phoneme overlap 7/7=1.00 (high)
WITH BILLY NOT BEING YOURS,WITH BILLY NOT BEING YOURS,W IH DH | B IH L IY | N AA T | B IY IH NG | Y UH R Z,W IH DH | B IH L IY | N AA T | B IY IH NG | Y UH R Z,True,True,,homophone_substitution,phoneme overlap 5/5=1.00 (high)
WHEN IT COMES TO DESIGNING FABULOUS COSTUMES,WHEN IT COMES TO DESIGNING FABULOUS COSTUMES,W EH N | IH T | K AH M Z | T UW | D IH Z AY N IH NG | F AE B Y AH L AH S | K AA S T UW M Z,W EH N | IH T | K AH M Z | T UW | D IH Z AY N IH NG | F AE B Y AH L AH S | K AA S T UW M Z,True,True,,homophone_substitution,phoneme overlap 7/7=1.00 (high)
THEY ARE BATTLING TO BE CROWNED PRO CHALLENGE CHAMPION,THEY ARE BATTLING TO BE CROWNED PRO CHALLENGE CHAMPION,DH EY | AA R | B AE T AH L IH NG | T UW | B IY | K R AW N D | P R OW | CH AE L AH N JH | CH AE M P IY AH N,DH EY | AA R | B AE T AH L IH NG | T UW | B IY | K R AW N D | P R OW | CH AE L AH N JH | CH AE M P IY AH N,True,True,,homophone_substitution,phoneme overlap 9/9=1.00 (high)
THE PRIME MINISTER SLAPS HIM DOWN,THE PRIME MINISTER SLAPS HIM DOWN,DH AH | P R AY M | M IH N AH S T ER | S L AE P S | HH IH M | D AW N,DH AH | P R AY M | M IH N AH S T ER | S L AE P S | HH IH M | D AW N,True,True,,homophone_substitution,phoneme overlap 6/6=1.00 (high)
HOW BIG IS THAT,HOW BIG IS THAT,HH AW | B IH G | IH Z | DH AE T,HH AW | B IH G | IH Z | DH AE T,False,True,,homophone_substitution,phoneme overlap 4/4=1.00 (high)
SEPARATED FROM THAT,SEPARATED FROM THAT,S EH P ER EY T AH D | F R AH M | DH AE T,S EH P ER EY T AH D | F R AH M | DH AE T,False,True,,homophone_substitution,phoneme overlap 3/3=1.00 (high)
COMING IN ON THE OTHER SIDE,COMING IN ON THE OTHER SIDE,K AH M IH NG | IH N | AA N | DH AH | AH DH ER | S AY D,K AH M IH NG | IH N | AA N | DH AH | AH DH ER | S AY D,True,True,,homophone_substitution,phoneme overlap 6/6=1.00 (high)
WHAT DID YOU PUT IN THE MULLED WINE,WHAT DID YOU PUT IN THE MULLED WINE,W AH T | D IH D | Y UW | P UH T | IH N | DH AH | M AH L D | W AY N,W AH T | D IH D | Y UW | P UH T | IH N | DH AH | M AH L D | W AY N,True,True,,homophone_substitution,phoneme overlap 8/8=1.00 (high)
IT'S A TERRIBLE IDEA,IT'S A TERRIBLE IDEA,IH T S | AH | T EH R AH B AH L | AY D IY AH,IH T S | AH | T EH R AH B AH L | AY D IY AH,False,True,,homophone_substitution,phoneme overlap 4/4=1.00 (high)
YOU'VE REALLY MADE MY DAY,YOU'VE REALLY MADE MY DAY,Y UW V | R IH L IY | M EY D | M AY | D EY,Y UW V | R IH L IY | M EY D | M AY | D EY,True,True,,homophone_substitution,phoneme overlap 5/5=1.00 (high)
MEN WANT TO BE HIM,MEN WANT TO BE HIM,M EH N | W AA N T | T UW | B IY | HH IH M,M EH N | W AA N T | T UW | B IY | HH IH M,True,True,,homophone_substitution,phoneme overlap 5/5=1.00 (high)
HE ABSOLUTELY INSISTED ON WRITING HIS OWN INTRO,HE ABSOLUTELY INSISTED ON WRITING HIS OWN INTRO,HH IY | AE B S AH L UW T L IY | IH N S IH S T AH D | AA N | R AY T IH NG | HH IH Z | OW N | IH N T R OW,HH IY | AE B S AH L UW T L IY | IH N S IH S T AH D | AA N | R AY T IH NG | HH IH Z | OW N | IH N T R OW,False,True,,homophone_substitution,phoneme overlap 8/8=1.00 (high)
WITH FAMILY AND FRIENDS,WITH FAMILY AND FRIENDS,W IH DH | F AE M AH L IY | AH N D | F R EH N D Z,W IH DH | F AE M AH L IY | AH N D | F R EH N D Z,False,True,,homophone_substitution,phoneme overlap 4/4=1.00 (high)
IT'S ALL ABOUT THE STRICTLY PRO CHALLENGE,IT'S ALL ABOUT THE STRICTLY PROCHALLENGE,IH T S | AO L | AH B AW T | DH AH | S T R IH K T L IY | P R OW | CH AE L AH N JH,IH T S | AO L | AH B AW T | DH AH | S T R IH K T L IY | ?,False,False,boundary hallucination: PRO CHALLENGE merged to PROCHALLENGE,boundary_hallucination,"same letters, space differs (tgt_words=7 hyp_words=6)"
THE SIX HIGHEST SCORING RUNNERS UP WILL QUALIFY,THE SIX HIGHEST SCORING RUNNERS UP WILL QUALIFY,DH AH | S IH K S | HH AY AH S T | S K AO R IH NG | R AH N ER Z | AH P | W IH L | K W AA L AH F AY,DH AH | S IH K S | HH AY AH S T | S K AO R IH NG | R AH N ER Z | AH P | W IH L | K W AA L AH F AY,False,True,,homophone_substitution,phoneme overlap 8/8=1.00 (high)
JUST BEFORE CHRISTMAS,JUST BEFORE CHRISTMAS,JH AH S T | B IH F AO R | K R IH S M AH S,JH AH S T | B IH F AO R | K R IH S M AH S,False,True,,homophone_substitution,phoneme overlap 3/3=1.00 (high)
I THINK SHE'S COMPLETELY BONKERS,I THINK SHE'S COMPLETELY BONKERS,AY | TH IH NG K | SH IY Z | K AH M P L IY T L IY | B AA NG K ER Z,AY | TH IH NG K | SH IY Z | K AH M P L IY T L IY | B AA NG K ER Z,True,True,,homophone_substitution,phoneme overlap 5/5=1.00 (high)
YOU ARE DYNAMIC,YOU ARE DYNAMIC,Y UW | AA R | D AY N AE M IH K,Y UW | AA R | D AY N AE M IH K,True,True,,homophone_substitution,phoneme overlap 3/3=1.00 (high)
IT'S ACTUALLY A SALSA,IT'S ACTUALLY A SALSA,IH T S | AE K CH AH W AH L IY | AH | S AO L S AH,IH T S | AE K CH AH W AH L IY | AH | S AO L S AH,False,True,,homophone_substitution,phoneme overlap 4/4=1.00 (high)
THE GARDEN OF ENGLAND,THE GARDEN OF ENGLAND,DH AH | G AA R D AH N | AH V | IH NG G L AH N D,DH AH | G AA R D AH N | AH V | IH NG G L AH N D,False,True,,homophone_substitution,phoneme overlap 4/4=1.00 (high)
YOU CAN GET A BETTER STRUCTURE,YOU CAN GET A BETTER STRUCTURE,Y UW | K AE N | G EH T | AH | B EH T ER | S T R AH K CH ER,Y UW | K AE N | G EH T | AH | B EH T ER | S T R AH K CH ER,True,True,,homophone_substitution,phoneme overlap 6/6=1.00 (high)
EVERY YEAR SINCE CHRISTMAS BEGAN,EVERY YEAR SINCE CHRISTMAS BEGAN,EH V ER IY | Y IH R | S IH N S | K R IH S M AH S | B IH G AE N,EH V ER IY | Y IH R | S IH N S | K R IH S M AH S | B IH G AE N,False,True,,homophone_substitution,phoneme overlap 5/5=1.00 (high)
WAY BACK IN THE EARLY,WAY BACK IN THE EARLY,W EY | B AE K | IH N | DH AH | ER L IY,W EY | B AE K | IH N | DH AH | ER L IY,True,True,,homophone_substitution,phoneme overlap 5/5=1.00 (high)
I ACTUALLY WANTED TO BE A HORSE,I ACTUALLY WANTED TO BE A HORSE,AY | AE K CH AH W AH L IY | W AA N T AH D | T UW | B IY | AH | HH AO R S,AY | AE K CH AH W AH L IY | W AA N T AH D | T UW | B IY | AH | HH AO R S,True,True,,homophone_substitution,phoneme overlap 7/7=1.00 (high)
USUALLY A BICYCLE,USUALLY A BICYCLE,Y UW ZH AH W AH L IY | AH | B AY S IH K AH L,Y UW ZH AH W AH L IY | AH | B AY S IH K AH L,False,True,,homophone_substitution,phoneme overlap 3/3=1.00 (high)
THROUGH THE ACCESSIBILITY TO THOSE CHILDREN,THROUGH THE ACCESSIBILITY TO THOSE CHILDREN,TH R UW | DH AH | AE K S EH S AH B IH L IH T IY | T UW | DH OW Z | CH IH L D R AH N,TH R UW | DH AH | AE K S EH S AH B IH L IH T IY | T UW | DH OW Z | CH IH L D R AH N,True,True,,homophone_substitution,phoneme overlap 6/6=1.00 (high)
LIKE MOST OTHER FORMS OF MODERN WARFARE,LIKE MOST OTHER FORMS OF MODERN WARFARE,L AY K | M OW S T | AH DH ER | F AO R M Z | AH V | M AA D ER N | W AO R F EH R,L AY K | M OW S T | AH DH ER | F AO R M Z | AH V | M AA D ER N | W AO R F EH R,False,True,,homophone_substitution,phoneme overlap 7/7=1.00 (high)
YOU DO LOVE YOUR DOLL,YOU DO LOVE YOUR DOLL,Y UW | D UW | L AH V | Y AO R | D AA L,Y UW | D UW | L AH V | Y AO R | D AA L,True,True,,homophone_substitution,phoneme overlap 5/5=1.00 (high)
THEY WERE INNOCENT AND CHARMING,THEY WERE INNOCENT AND CHARMING,DH EY | W ER | IH N AH S AH N T | AH N D | CH AA R M IH NG,DH EY | W ER | IH N AH S AH N T | AH N D | CH AA R M IH NG,False,True,,homophone_substitution,phoneme overlap 5/5=1.00 (high)
YOU WANT TO LOOK,YOU WANT TO LOOK,Y UW | W AA N T | T UW | L UH K,Y UW | W AA N T | T UW | L UH K,True,True,,homophone_substitution,phoneme overlap 4/4=1.00 (high)
OR IS IT THAT YOU ENJOY THOSE TOYS AND IT MAKES YOU INTO A DIFFERENT PERSON,OR IS IT THAT YOU ENJOY THOSE TOYS AND IT MAKES YOU INTO A DIFFERENT PERSON,AO R | IH Z | IH T | DH AE T | Y UW | EH N JH OY | DH OW Z | T OY Z | AH N D | IH T | M EY K S | Y UW | IH N T UW | AH | D IH F ER AH N T | P ER S AH N,AO R | IH Z | IH T | DH AE T | Y UW | EH N JH OY | DH OW Z | T OY Z | AH N D | IH T | M EY K S | Y UW | IH N T UW | AH | D IH F ER AH N T | P ER S AH N,True,True,,homophone_substitution,phoneme overlap 14/14=1.00 (high)
SPACE WAS STILL THE FINAL FRONTIER,SPACE WAS STILL THE FINAL FRONTIER,S P EY S | W AA Z | S T IH L | DH AH | F AY N AH L | F R AH N T IH R,S P EY S | W AA Z | S T IH L | DH AH | F AY N AH L | F R AH N T IH R,False,True,,homophone_substitution,phoneme overlap 6/6=1.00 (high)
IT LOOKS REALLY LIKE IT IS,IT LOOKS REALLY LIKE IT IS,IH T | L UH K S | R IH L IY | L AY K | IH T | IH Z,IH T | L UH K S | R IH L IY | L AY K | IH T | IH Z,False,True,,homophone_substitution,phoneme overlap 5/5=1.00 (high)
WHEN I GET HOME,WHEN I GET HOME,W EH N | AY | G EH T | HH OW M,W EH N | AY | G EH T | HH OW M,True,True,,homophone_substitution,phoneme overlap 4/4=1.00 (high)
THE BALL SHAPED ONE,THE BALL SHAPED ONE,DH AH | B AO L | SH EY P T | W AH N,DH AH | B AO L | SH EY P T | W AH N,True,True,,homophone_substitution,phoneme overlap 4/4=1.00 (high)
YOU SEE THAT PRESENT,YOU SEE THAT PRESENT,Y UW | S IY | DH AE T | P R EH Z AH N T,Y UW | S IY | DH AE T | P R EH Z AH N T,True,True,,homophone_substitution,phoneme overlap 4/4=1.00 (high)
SO WHAT HE DID TO GET ROUND THAT,SO WHAT HE DID TO GET ROUND THAT,S OW | W AH T | HH IY | D IH D | T UW | G EH T | R AW N D | DH AE T,S OW | W AH T | HH IY | D IH D | T UW | G EH T | R AW N D | DH AE T,True,True,,homophone_substitution,phoneme overlap 8/8=1.00 (high)
BUT IN THOSE DAYS,BUT IN THOSE DAYS,B AH T | IH N | DH OW Z | D EY Z,B AH T | IH N | DH OW Z | D EY Z,True,True,,homophone_substitution,phoneme overlap 4/4=1.00 (high)
IT BECOMES A FIRE ENGINE,IT BECOMES A FIRE ENGINE,IH T | B IH K AH M Z | AH | F AY ER | EH N JH AH N,IH T | B IH K AH M Z | AH | F AY ER | EH N JH AH N,False,True,,homophone_substitution,phoneme overlap 5/5=1.00 (high)
FOUR LITTLE TURTLES NAMED AFTER ITALIAN RENAISSANCE ARTISTS,FOUR LITTLE TURTLES NAMED AFTER ITALIAN RENAISSANCE ARTISTS,F AO R | L IH T AH L | T ER T AH L Z | N EY M D | AE F T ER | IH T AE L Y AH N | R EH N AH S AA N S | AA R T AH S T S,F AO R | L IH T AH L | T ER T AH L Z | N EY M D | AE F T ER | IH T AE L Y AH N | R EH N AH S AA N S | AA R T AH S T S,True,True,,homophone_substitution,phoneme overlap 8/8=1.00 (high)
SOME BURN BRIGHTLY FOR A YEAR OR TWO,SUMMER BRIGHTLY FOR A YEAR OR TWO,S AH M | B ER N | B R AY T L IY | F AO R | AH | Y IH R | AO R | T UW,S AH M ER | B R AY T L IY | F AO R | AH | Y IH R | AO R | T UW,True,False,,homophone_substitution,phoneme overlap 6/8=0.75 (high)
IF YOU DIDN'T HAVE ONE,IF YOU DIDN'T HAVE ONE,IH F | Y UW | D IH D AH N T | HH AE V | W AH N,IH F | Y UW | D IH D AH N T | HH AE V | W AH N,True,True,,homophone_substitution,phoneme overlap 5/5=1.00 (high)
WHAT WAS ALL THAT ABOUT,WHAT WAS ALL THAT ABOUT,W AH T | W AA Z | AO L | DH AE T | AH B AW T,W AH T | W AA Z | AO L | DH AE T | AH B AW T,False,True,,homophone_substitution,phoneme overlap 5/5=1.00 (high)
ALREADY IN THE STATES,ALREADY IN THE STATES,AO L R EH D IY | IH N | DH AH | S T EY T S,AO L R EH D IY | IH N | DH AH | S T EY T S,True,True,,homophone_substitution,phoneme overlap 4/4=1.00 (high)
THE RIGHT PLACE,THE RIGHT PLACE,DH AH | R AY T | P L EY S,DH AH | R AY T | P L EY S,True,True,,homophone_substitution,phoneme overlap 3/3=1.00 (high)
NOTHING WRONG WITH THAT IDEA IN PRINCIPLE,NOTHING WRONG WITH THAT IDEA IN PRINCIPLE,N AH TH IH NG | R AO NG | W IH DH | DH AE T | AY D IY AH | IH N | P R IH N S AH P AH L,N AH TH IH NG | R AO NG | W IH DH | DH AE T | AY D IY AH | IH N | P R IH N S AH P AH L,True,True,,homophone_substitution,phoneme overlap 7/7=1.00 (high)
SAUSAGES IN BACON,SAUSAGES IN BACON,S AO S IH JH IH Z | IH N | B EY K AH N,S AO S IH JH IH Z | IH N | B EY K AH N,True,True,,homophone_substitution,phoneme overlap 3/3=1.00 (high)
CHRISTMAS PUDDING THAT NOBODY REALLY LIKES,CHRISTMAS PUDDING THAT NOBODY REALLY LIKES,K R IH S M AH S | P UH D IH NG | DH AE T | N OW B AA D IY | R IH L IY | L AY K S,K R IH S M AH S | P UH D IH NG | DH AE T | N OW B AA D IY | R IH L IY | L AY K S,False,True,,homophone_substitution,phoneme overlap 6/6=1.00 (high)
STICK SOME JAMES BOND ON,STICK SOME JAMES BOND ON,S T IH K | S AH M | JH EY M Z | B AA N D | AA N,S T IH K | S AH M | JH EY M Z | B AA N D | AA N,True,True,,homophone_substitution,phoneme overlap 5/5=1.00 (high)
THAT SOMEONE WAS GOING TO GET,THAT SOMEONE WAS GOING TO GET,DH AE T | S AH M W AH N | W AA Z | G OW IH NG | T UW | G EH T,DH AE T | S AH M W AH N | W AA Z | G OW IH NG | T UW | G EH T,True,True,,homophone_substitution,phoneme overlap 6/6=1.00 (high)
YOU CAN'T REALLY SAY,YOU CAN'T REALLY SAY,Y UW | K AE N T | R IH L IY | S EY,Y UW | K AE N T | R IH L IY | S EY,True,True,,homophone_substitution,phoneme overlap 4/4=1.00 (high)
NOT IN FRONT OF THE WHOLE FAMILY,NOT IN FRONT OF THE WHOLE FAMILY,N AA T | IH N | F R AH N T | AH V | DH AH | HH OW L | F AE M AH L IY,N AA T | IH N | F R AH N T | AH V | DH AH | HH OW L | F AE M AH L IY,True,True,,homophone_substitution,phoneme overlap 7/7=1.00 (high)
YOU UNFOLD THE BOARD,YOU UNFOLD THE BOARD,Y UW | AH N F OW L D | DH AH | B AO R D,Y UW | AH N F OW L D | DH AH | B AO R D,True,True,,homophone_substitution,phoneme overlap 4/4=1.00 (high)
IN VICTORIAN BRITAIN,INVICTORIAN BRITAIN,IH N | V IH K T AO R IY AH N | B R IH T AH N,? | B R IH T AH N,True,False,,boundary_hallucination,"same letters, space differs (tgt_words=3 hyp_words=2)"
ON THE ORDERS OF QUEEN VICTORIA,ON THE ORDERS OF QUEEN VICTORIA,AA N | DH AH | AO R D ER Z | AH V | K W IY N | V IH K T AO R IY AH,AA N | DH AH | AO R D ER Z | AH V | K W IY N | V IH K T AO R IY AH,False,True,,homophone_substitution,phoneme overlap 6/6=1.00 (high)
I THINK HE'S PERFECT,I THINK HE'S PERFECT,AY | TH IH NG K | HH IY Z | P ER F EH K T,AY | TH IH NG K | HH IY Z | P ER F EH K T,True,True,,homophone_substitution,phoneme overlap 4/4=1.00 (high)
WHEN IT COMES TO TOYS,WHEN IT COMES TO TOYS,W EH N | IH T | K AH M Z | T UW | T OY Z,W EH N | IH T | K AH M Z | T UW | T OY Z,True,True,,homophone_substitution,phoneme overlap 5/5=1.00 (high)
MAYBE NOT URANIUM,MAYBE NOT URIANIA,M EY B IY | N AA T | Y ER EY N IY AH M,M EY B IY | N AA T | ?,True,False,,non_word_spelling,prediction has CMU OOV; phoneme-word counts equal (3)
BUT I LIKE TO SEE IT,BUT I LIKE TO SEE IT,B AH T | AY | L AY K | T UW | S IY | IH T,B AH T | AY | L AY K | T UW | S IY | IH T,True,True,,homophone_substitution,phoneme overlap 6/6=1.00 (high)
WE LIKE TO REMINISCE,WE LIKE TO REMINISCE,W IY | L AY K | T UW | R EH M AH N IH S,W IY | L AY K | T UW | R EH M AH N IH S,True,True,,homophone_substitution,phoneme overlap 4/4=1.00 (high)
THIS REALLY MAKES US THINK,THIS REALLY MAKES US THINK,DH IH S | R IH L IY | M EY K S | AH S | TH IH NG K,DH IH S | R IH L IY | M EY K S | AH S | TH IH NG K,False,True,,homophone_substitution,phoneme overlap 5/5=1.00 (high)
MAYBE THERE'S AN EXTENSIVE PATTERN,MAYBE THERE'S AN EXTENSIVE PATTERN,M EY B IY | DH EH R Z | AE N | IH K S T EH N S IH V | P AE T ER N,M EY B IY | DH EH R Z | AE N | IH K S T EH N S IH V | P AE T ER N,True,True,,homophone_substitution,phoneme overlap 5/5=1.00 (high)
WHEN THE ARCHAEOLOGISTS GOT TO WORK,WHEN THE ARCHAEOLOGISTS GOT TO WORK,W EH N | DH AH | AA R K IY AA L AH JH IH S T S | G AA T | T UW | W ER K,W EH N | DH AH | AA R K IY AA L AH JH IH S T S | G AA T | T UW | W ER K,True,True,,homophone_substitution,phoneme overlap 6/6=1.00 (high)
I'M TRYING NOT TO GET CARRIED AWAY,I'M TRYING NOT TO GET CARRIED AWAY,AY M | T R AY IH NG | N AA T | T UW | G EH T | K AE R IY D | AH W EY,AY M | T R AY IH NG | N AA T | T UW | G EH T | K AE R IY D | AH W EY,True,True,,homophone_substitution,phoneme overlap 7/7=1.00 (high)
IT REALLY WAS THAT BAD,IT REALLY WAS THAT BAD,IH T | R IH L IY | W AA Z | DH AE T | B AE D,IH T | R IH L IY | W AA Z | DH AE T | B AE D,False,True,,homophone_substitution,phoneme overlap 5/5=1.00 (high)
THEY WILL NOT DO,THEY WILL NOT DO,DH EY | W IH L | N AA T | D UW,DH EY | W IH L | N AA T | D UW,True,True,,homophone_substitution,phoneme overlap 4/4=1.00 (high)
LET'S TAKE A LOOK BEHIND THE SCENES AT HOW IT ALL CAME,LET'S TAKE A LOOK BEHIND THE SCENES AT HOW IT ALL CAME,L EH T S | T EY K | AH | L UH K | B IH HH AY N D | DH AH | S IY N Z | AE T | HH AW | IH T | AO L | K EY M,L EH T S | T EY K | AH | L UH K | B IH HH AY N D | DH AH | S IY N Z | AE T | HH AW | IH T | AO L | K EY M,False,True,,homophone_substitution,phoneme overlap 12/12=1.00 (high)
TIME NOW FOR OUR NEXT GUEST,TIME NOW FOR OUR NEXT GUEST,T AY M | N AW | F AO R | AW ER | N EH K S T | G EH S T,T AY M | N AW | F AO R | AW ER | N EH K S T | G EH S T,True,True,,homophone_substitution,phoneme overlap 6/6=1.00 (high)
OVER THE LAST 12 YEARS,OVER THE LAST 12 YEARS,OW V ER | DH AH | L AE S T | ? | Y IH R Z,OW V ER | DH AH | L AE S T | ? | Y IH R Z,True,True,,homophone_substitution,phoneme overlap 5/5=1.00 (high)
WHY SHOW ME THIS,WHY SHOW ME THIS,W AY | SH OW | M IY | DH IH S,W AY | SH OW | M IY | DH IH S,True,True,,homophone_substitution,phoneme overlap 4/4=1.00 (high)
I'M ON THE CASE,I'M ON THE CASE,AY M | AA N | DH AH | K EY S,AY M | AA N | DH AH | K EY S,False,True,,homophone_substitution,phoneme overlap 4/4=1.00 (high)
EVEN CHRISTMAS DAY,EVEN CHRISTMAS DAY,IY V IH N | K R IH S M AH S | D EY,IY V IH N | K R IH S M AH S | D EY,True,True,,homophone_substitution,phoneme overlap 3/3=1.00 (high)
BUT TOWARDS THE END,BUT TOWARDS THE END,B AH T | T AH W AO R D Z | DH AH | EH N D,B AH T | T AH W AO R D Z | DH AH | EH N D,True,True,,homophone_substitution,phoneme overlap 4/4=1.00 (high)
HE HAS NOT HELD BACK ANYTHING,HE HAS NOT HELD BACK ANYTHING,HH IY | HH AE Z | N AA T | HH EH L D | B AE K | EH N IY TH IH NG,HH IY | HH AE Z | N AA T | HH EH L D | B AE K | EH N IY TH IH NG,True,True,,homophone_substitution,phoneme overlap 6/6=1.00 (high)
BUT IT WAS SO DISCONCERTINGLY CALM IN THE STUDIO,BUT IT WAS SO DISCONCERTINGLY COME IN THE STUDIO,B AH T | IH T | W AA Z | S OW | ? | K AA M | IH N | DH AH | S T UW D IY OW,B AH T | IH T | W AA Z | S OW | ? | K AH M | IH N | DH AH | S T UW D IY OW,True,False,,homophone_substitution,phoneme overlap 8/9=0.89 (high)
HERE TO REVEAL THE SECRET TO GETTING YOUR HANDS ON THE TROPHY,HERE TO REVEAL THE SECRET TO GETTING YOUR HANDS ON THE TROPHY,HH IY R | T UW | R IH V IY L | DH AH | S IY K R AH T | T UW | G EH T IH NG | Y AO R | HH AE N D Z | AA N | DH AH | T R OW F IY,HH IY R | T UW | R IH V IY L | DH AH | S IY K R AH T | T UW | G EH T IH NG | Y AO R | HH AE N D Z | AA N | DH AH | T R OW F IY,True,True,,homophone_substitution,phoneme overlap 10/10=1.00 (high)
I SHOULDN'T SAY THOSE THINGS,I SHOULDN'T SAY THOSE THINGS,AY | SH UH D AH N T | S EY | DH OW Z | TH IH NG Z,AY | SH UH D AH N T | S EY | DH OW Z | TH IH NG Z,True,True,,homophone_substitution,phoneme overlap 5/5=1.00 (high)
WHAT ELSE CAN I BE,WHAT ELSE CAN I BE,W AH T | EH L S | K AE N | AY | B IY,W AH T | EH L S | K AE N | AY | B IY,True,True,,homophone_substitution,phoneme overlap 5/5=1.00 (high)
NOT WELL DRESSED,NOT WELL DRESSED,N AA T | W EH L | D R EH S T,N AA T | W EH L | D R EH S T,True,True,,homophone_substitution,phoneme overlap 3/3=1.00 (high)
SHE IS MARRIED NOW,SHE IS MARRIED NOW,SH IY | IH Z | M EH R IY D | N AW,SH IY | IH Z | M EH R IY D | N AW,False,True,,homophone_substitution,phoneme overlap 4/4=1.00 (high)
BEST AND HAPPIEST OF ALL,BEST AND HAPPIEST OF ALL,B EH S T | AH N D | HH AE P IY AH S T | AH V | AO L,B EH S T | AH N D | HH AE P IY AH S T | AH V | AO L,False,True,,homophone_substitution,phoneme overlap 5/5=1.00 (high)
THE TIME BEFORE HIM WAS HIS OWN,THE TIME BEFORE HIM WAS HIS OWN,DH AH | T AY M | B IH F AO R | HH IH M | W AA Z | HH IH Z | OW N,DH AH | T AY M | B IH F AO R | HH IH M | W AA Z | HH IH Z | OW N,True,True,,homophone_substitution,phoneme overlap 7/7=1.00 (high)
IT SOUNDS VERY GOOD,IT SOUNDS VERY GOOD,IH T | S AW N D Z | V EH R IY | G UH D,IH T | S AW N D Z | V EH R IY | G UH D,True,True,,homophone_substitution,phoneme overlap 4/4=1.00 (high)
SHE'S DEPRESSED ABOUT DADDY,SHE'S DEPRESSED ABOUT DADDY,SH IY Z | D IH P R EH S T | AH B AW T | D AE D IY,SH IY Z | D IH P R EH S T | AH B AW T | D AE D IY,False,True,,homophone_substitution,phoneme overlap 4/4=1.00 (high)
NOW YOU LISTEN TO ME,NOW YOU LISTEN TO ME,N AW | Y UW | L IH S AH N | T UW | M IY,N AW | Y UW | L IH S AH N | T UW | M IY,True,True,,homophone_substitution,phoneme overlap 5/5=1.00 (high)
EVERY WEEK HE COMES OUT,EVERY WEEK HE COMES OUT,EH V ER IY | W IY K | HH IY | K AH M Z | AW T,EH V ER IY | W IY K | HH IY | K AH M Z | AW T,True,True,,homophone_substitution,phoneme overlap 5/5=1.00 (high)
THE RIVALRY AND ALL THAT,THE RIVALRY AND ALL THAT,DH AH | R AY V AH L R IY | AH N D | AO L | DH AE T,DH AH | R AY V AH L R IY | AH N D | AO L | DH AE T,False,True,,homophone_substitution,phoneme overlap 5/5=1.00 (high)
LEAVE THAT TO ME,LEAVE THAT TO ME,L IY V | DH AE T | T UW | M IY,L IY V | DH AE T | T UW | M IY,True,True,,homophone_substitution,phoneme overlap 4/4=1.00 (high)
BUT FOR ALL THAT,BUT FOR ALL THAT,B AH T | F AO R | AO L | DH AE T,B AH T | F AO R | AO L | DH AE T,True,True,,homophone_substitution,phoneme overlap 4/4=1.00 (high)
I'D LIKE TO HELP YOU,I'D LIKE TO HELP YOU,AY D | L AY K | T UW | HH EH L P | Y UW,AY D | L AY K | T UW | HH EH L P | Y UW,True,True,,homophone_substitution,phoneme overlap 5/5=1.00 (high)
I DON'T WANT TO RESIGN,I DON'T WANT TO RESIGN,AY | D OW N T | W AA N T | T UW | R IH Z AY N,AY | D OW N T | W AA N T | T UW | R IH Z AY N,True,True,,homophone_substitution,phoneme overlap 5/5=1.00 (high)
WHICH IS INCREDIBLE,WHICH IS INCREDIBLE,W IH CH | IH Z | IH N K R EH D AH B AH L,W IH CH | IH Z | IH N K R EH D AH B AH L,True,True,,homophone_substitution,phoneme overlap 3/3=1.00 (high)
I HAD NO IDEA HOW MUCH,I HAD NO IDEA HOW MUCH,AY | HH AE D | N OW | AY D IY AH | HH AW | M AH CH,AY | HH AE D | N OW | AY D IY AH | HH AW | M AH CH,True,True,,homophone_substitution,phoneme overlap 6/6=1.00 (high)
SO LET'S FIND OUT WHO THAT WILL BE,SO LET'S FIND OUT WHO THAT WILL BE,S OW | L EH T S | F AY N D | AW T | HH UW | DH AE T | W IH L | B IY,S OW | L EH T S | F AY N D | AW T | HH UW | DH AE T | W IH L | B IY,True,True,,homophone_substitution,phoneme overlap 8/8=1.00 (high)
SOME DECENT SCORES,SOME DECENT SCORES,S AH M | D IY S AH N T | S K AO R Z,S AH M | D IY S AH N T | S K AO R Z,True,True,,homophone_substitution,phoneme overlap 3/3=1.00 (high)
THE PERFECT HOUSE,THE PERFECT HOUSE,DH AH | P ER F EH K T | HH AW S,DH AH | P ER F EH K T | HH AW S,False,True,,homophone_substitution,phoneme overlap 3/3=1.00 (high)
THE PERFECT FAMILY,THE PERFECT FAMILY,DH AH | P ER F EH K T | F AE M AH L IY,DH AH | P ER F EH K T | F AE M AH L IY,False,True,,homophone_substitution,phoneme overlap 3/3=1.00 (high)
THE FIRST MUSLIM WOMAN TO SERVE AS A CABINET MINISTER,THE FIRST MUSLIM WOMAN TO SERVE AS A CABINET MINISTER,DH AH | F ER S T | M AH Z L AH M | W UH M AH N | T UW | S ER V | AE Z | AH | K AE B AH N AH T | M IH N AH S T ER,DH AH | F ER S T | M AH Z L AH M | W UH M AH N | T UW | S ER V | AE Z | AH | K AE B AH N AH T | M IH N AH S T ER,True,True,,homophone_substitution,phoneme overlap 10/10=1.00 (high)
IT'S NOT THE MIDDLE AGES,IT'S NOT THE MIDDLE AGES,IH T S | N AA T | DH AH | M IH D AH L | EY JH AH Z,IH T S | N AA T | DH AH | M IH D AH L | EY JH AH Z,True,True,,homophone_substitution,phoneme overlap 5/5=1.00 (high)
HE DOESN'T OWN ME,HE DOESN'T OWN ME,HH IY | D AH Z AH N T | OW N | M IY,HH IY | D AH Z AH N T | OW N | M IY,False,True,,homophone_substitution,phoneme overlap 4/4=1.00 (high)
IT WAS ACTUALLY EXTREMELY WELL PLACED,IT WAS ACTUALLY EXTREMELY WELL PLACED,IH T | W AA Z | AE K CH AH W AH L IY | IH K S T R IY M L IY | W EH L | P L EY S T,IH T | W AA Z | AE K CH AH W AH L IY | IH K S T R IY M L IY | W EH L | P L EY S T,False,True,,homophone_substitution,phoneme overlap 6/6=1.00 (high)
PLEASE DON'T TRY TO VOTE IF YOU'RE WATCHING ON DEMAND,PLEASE DON'T TRY TO VOTE IF YOU'RE WATCHING ON DEMAND,P L IY Z | D OW N T | T R AY | T UW | V OW T | IH F | Y UH R | W AA CH IH NG | AA N | D IH M AE N D,P L IY Z | D OW N T | T R AY | T UW | V OW T | IH F | Y UH R | W AA CH IH NG | AA N | D IH M AE N D,True,True,,homophone_substitution,phoneme overlap 10/10=1.00 (high)
TENSION AND EMOTION,TENSION AND EMOTION,T EH N SH AH N | AH N D | IH M OW SH AH N,T EH N SH AH N | AH N D | IH M OW SH AH N,False,True,,homophone_substitution,phoneme overlap 3/3=1.00 (high)
AND IT'S PERFECT FOR TONIGHT,AND IT'S PERFECT FOR TONIGHT,AH N D | IH T S | P ER F EH K T | F AO R | T AH N AY T,AH N D | IH T S | P ER F EH K T | F AO R | T AH N AY T,True,True,,homophone_substitution,phoneme overlap 5/5=1.00 (high)
CAN THEY IMPROVE ON THAT SCORE AND POSSIBLY RUN AWAY WITH THE TROPHY,CAN THEY IMPROVE ON THAT SCORE AND POSSIBLY RUN AWAY WITH THE TROPHY,K AE N | DH EY | IH M P R UW V | AA N | DH AE T | S K AO R | AH N D | P AA S AH B L IY | R AH N | AH W EY | W IH DH | DH AH | T R OW F IY,K AE N | DH EY | IH M P R UW V | AA N | DH AE T | S K AO R | AH N D | P AA S AH B L IY | R AH N | AH W EY | W IH DH | DH AH | T R OW F IY,True,True,,homophone_substitution,phoneme overlap 13/13=1.00 (high)
THAT WAS WITHIN BUDGET,THAT WAS WITHIN BUDGET,DH AE T | W AA Z | W IH DH IH N | B AH JH IH T,DH AE T | W AA Z | W IH DH IH N | B AH JH IH T,False,True,,homophone_substitution,phoneme overlap 4/4=1.00 (high)
THE RISE OF MAY,THE RISE OF MAY,DH AH | R AY Z | AH V | M EY,DH AH | R AY Z | AH V | M EY,False,True,,homophone_substitution,phoneme overlap 4/4=1.00 (high)
PROPER STREET FOOD IS GREAT,PROPER STREET FOOD IS GREAT,P R AA P ER | S T R IY T | F UW D | IH Z | G R EY T,P R AA P ER | S T R IY T | F UW D | IH Z | G R EY T,True,True,,homophone_substitution,phoneme overlap 5/5=1.00 (high)
IF YOU CAN HAVE SEX,IF YOU CAN HAVE SEX,IH F | Y UW | K AE N | HH AE V | S EH K S,IH F | Y UW | K AE N | HH AE V | S EH K S,True,True,,homophone_substitution,phoneme overlap 5/5=1.00 (high)
TICKETS FOR THE MATCH,TICKETS FOR THE MATCH,T IH K AH T S | F AO R | DH AH | M AE CH,T IH K AH T S | F AO R | DH AH | M AE CH,True,True,,homophone_substitution,phoneme overlap 4/4=1.00 (high)
IT'S NOT A CAREER,IT'S NOT A CAREER,IH T S | N AA T | AH | K ER IH R,IH T S | N AA T | AH | K ER IH R,True,True,,homophone_substitution,phoneme overlap 4/4=1.00 (high)
FAME AND FORTUNE,FAME AND FORTUNE,F EY M | AH N D | F AO R CH AH N,F EY M | AH N D | F AO R CH AH N,False,True,,homophone_substitution,phoneme overlap 3/3=1.00 (high)
I'M NOT AFRAID OF BEING CHALLENGED,I'M NOT AFRAID OF BEING CHALLENGED,AY M | N AA T | AH F R EY D | AH V | B IY IH NG | CH AE L AH JH D,AY M | N AA T | AH F R EY D | AH V | B IY IH NG | CH AE L AH JH D,True,True,,homophone_substitution,phoneme overlap 6/6=1.00 (high)
THERE'S NO WRONG WAY,THERE'S NO WRONG WAY,DH EH R Z | N OW | R AO NG | W EY,DH EH R Z | N OW | R AO NG | W EY,True,True,,homophone_substitution,phoneme overlap 4/4=1.00 (high)
IT SEEMED TO BE,IT SEEMED TO BE,IH T | S IY M D | T UW | B IY,IH T | S IY M D | T UW | B IY,True,True,,homophone_substitution,phoneme overlap 4/4=1.00 (high)
I DO MISS IT A LITTLE BIT,I DO MISS IT A LITTLE BIT,AY | D UW | M IH S | IH T | AH | L IH T AH L | B IH T,AY | D UW | M IH S | IH T | AH | L IH T AH L | B IH T,True,True,,homophone_substitution,phoneme overlap 7/7=1.00 (high)
THIS IS ALL YOU,THIS IS ALL YOU,DH IH S | IH Z | AO L | Y UW,DH IH S | IH Z | AO L | Y UW,True,True,,homophone_substitution,phoneme overlap 4/4=1.00 (high)
BEFORE YOU KNOW IT,BEFORE YOU KNOW IT,B IH F AO R | Y UW | N OW | IH T,B IH F AO R | Y UW | N OW | IH T,True,True,,homophone_substitution,phoneme overlap 4/4=1.00 (high)
YOU GO TO BED WITH IT,YOU GO TO BED WITH IT,Y UW | G OW | T UW | B EH D | W IH DH | IH T,Y UW | G OW | T UW | B EH D | W IH DH | IH T,True,True,,homophone_substitution,phoneme overlap 6/6=1.00 (high)
AND YOUR FAMILY AND YOUR KIDS AND YOUR OTHER JOBS,AND YOUR FAMILY AND YOUR KIDS AND YOUR OTHER JOBS,AH N D | Y AO R | F AE M AH L IY | AH N D | Y AO R | K IH D Z | AH N D | Y AO R | AH DH ER | JH AA B Z,AH N D | Y AO R | F AE M AH L IY | AH N D | Y AO R | K IH D Z | AH N D | Y AO R | AH DH ER | JH AA B Z,False,True,,homophone_substitution,phoneme overlap 6/6=1.00 (high)
THAT WAS AMAZING,THAT WAS AMAZING,DH AE T | W AA Z | AH M EY Z IH NG,DH AE T | W AA Z | AH M EY Z IH NG,False,True,,homophone_substitution,phoneme overlap 3/3=1.00 (high)
THE LONGER YOU STAY IN,THE LONGER YOU STAY IN,DH AH | L AO NG G ER | Y UW | S T EY | IH N,DH AH | L AO NG G ER | Y UW | S T EY | IH N,True,True,,homophone_substitution,phoneme overlap 5/5=1.00 (high)
BECAUSE YOU WORK SO HARD,BECAUSE YOU WORK SO HARD,B IH K AO Z | Y UW | W ER K | S OW | HH AA R D,B IH K AO Z | Y UW | W ER K | S OW | HH AA R D,True,True,,homophone_substitution,phoneme overlap 5/5=1.00 (high)
IF YOU GO WRONG,IF YOU GO WRONG,IH F | Y UW | G OW | R AO NG,IH F | Y UW | G OW | R AO NG,True,True,,homophone_substitution,phoneme overlap 4/4=1.00 (high)
GO ABOUT TELLING HIM THAT,GO ABOUT TELLING HIM THAT,G OW | AH B AW T | T EH L IH NG | HH IH M | DH AE T,G OW | AH B AW T | T EH L IH NG | HH IH M | DH AE T,True,True,,homophone_substitution,phoneme overlap 5/5=1.00 (high)
FOR GOOD REASONS AND BAD REASONS,FOR GOOD REASONS AND BAD REASONS,F AO R | G UH D | R IY Z AH N Z | AH N D | B AE D | R IY Z AH N Z,F AO R | G UH D | R IY Z AH N Z | AH N D | B AE D | R IY Z AH N Z,True,True,,homophone_substitution,phoneme overlap 5/5=1.00 (high)
IF THEY START FROM HERE,IF THEY START FROM HERE,IH F | DH EY | S T AA R T | F R AH M | HH IY R,IH F | DH EY | S T AA R T | F R AH M | HH IY R,True,True,,homophone_substitution,phoneme overlap 5/5=1.00 (high)
OBSESSED WITH THIS SHOW,OBSESSED WITH THIS SHOW,AH B S EH S T | W IH DH | DH IH S | SH OW,AH B S EH S T | W IH DH | DH IH S | SH OW,False,True,,homophone_substitution,phoneme overlap 4/4=1.00 (high)
IF I HAD MY WAY,IF I HAD MY WAY,IH F | AY | HH AE D | M AY | W EY,IH F | AY | HH AE D | M AY | W EY,True,True,,homophone_substitution,phoneme overlap 5/5=1.00 (high)
IF WE HAVE A LITTLE ARGUMENT,IF WE HAVE A LITTLE ARGUMENT,IH F | W IY | HH AE V | AH | L IH T AH L | AA R G Y AH M AH N T,IH F | W IY | HH AE V | AH | L IH T AH L | AA R G Y AH M AH N T,True,True,,homophone_substitution,phoneme overlap 6/6=1.00 (high)
SO WHEN HE GETS GRUMPY IT'S LIKE,SO WHEN HE GETS GRUMPY IT'S LIKE,S OW | W EH N | HH IY | G EH T S | G R AH M P IY | IH T S | L AY K,S OW | W EH N | HH IY | G EH T S | G R AH M P IY | IH T S | L AY K,True,True,,homophone_substitution,phoneme overlap 7/7=1.00 (high)
LET'S SAY FOR EXAMPLE,LET'S SAY FOR EXAMPLE,L EH T S | S EY | F AO R | IH G Z AE M P AH L,L EH T S | S EY | F AO R | IH G Z AE M P AH L,True,True,,homophone_substitution,phoneme overlap 4/4=1.00 (high)
I'M SURE YOU CAN IMAGINE,I'M SURE YOU CAN IMAGINE,AY M | SH UH R | Y UW | K AE N | IH M AE JH AH N,AY M | SH UH R | Y UW | K AE N | IH M AE JH AH N,True,True,,homophone_substitution,phoneme overlap 5/5=1.00 (high)
SHE IS HYSTERICAL,SHE IS HYSTERICAL,SH IY | IH Z | HH IH S T EH R IH K AH L,SH IY | IH Z | HH IH S T EH R IH K AH L,False,True,,homophone_substitution,phoneme overlap 3/3=1.00 (high)
VERY HIGH LEVEL,VERY HIGH LEVEL,V EH R IY | HH AY | L EH V AH L,V EH R IY | HH AY | L EH V AH L,True,True,,homophone_substitution,phoneme overlap 3/3=1.00 (high)
GOING ALL OVER THE WORLD,GOING ALL OVER THE WORLD,G OW IH NG | AO L | OW V ER | DH AH | W ER L D,G OW IH NG | AO L | OW V ER | DH AH | W ER L D,False,True,,homophone_substitution,phoneme overlap 5/5=1.00 (high)
PEOPLE ARE HAPPY TO BE THERE AND IT'S A GOOD VIBE,PEOPLE ARE HAPPY TO BE THERE AND IT'S A GOOD VIBE,P IY P AH L | AA R | HH AE P IY | T UW | B IY | DH EH R | AH N D | IH T S | AH | G UH D | V AY B,P IY P AH L | AA R | HH AE P IY | T UW | B IY | DH EH R | AH N D | IH T S | AH | G UH D | V AY B,True,True,,homophone_substitution,phoneme overlap 11/11=1.00 (high)
EVERYWHERE YOU TURN,EVERYWHERE YOU TURN,EH V R IY W EH R | Y UW | T ER N,EH V R IY W EH R | Y UW | T ER N,True,True,,homophone_substitution,phoneme overlap 3/3=1.00 (high)
BECAUSE THEY'VE GOT TO,BECAUSE THEY'VE GOT TO,B IH K AO Z | DH EY V | G AA T | T UW,B IH K AO Z | DH EY V | G AA T | T UW,True,True,,homophone_substitution,phoneme overlap 4/4=1.00 (high)
JUST WORKING WITH HIM EVERY WEEK IS SUCH A TREAT,JUST WORKING WITH HIM EVERY WEEK IS SUCH A TREAT,JH AH S T | W ER K IH NG | W IH DH | HH IH M | EH V ER IY | W IY K | IH Z | S AH CH | AH | T R IY T,JH AH S T | W ER K IH NG | W IH DH | HH IH M | EH V ER IY | W IY K | IH Z | S AH CH | AH | T R IY T,True,True,,homophone_substitution,phoneme overlap 10/10=1.00 (high)
WHICH WAS QUITE AMUSING,WHICH WAS QUITE AMUSING,W IH CH | W AA Z | K W AY T | AH M Y UW Z IH NG,W IH CH | W AA Z | K W AY T | AH M Y UW Z IH NG,True,True,,homophone_substitution,phoneme overlap 4/4=1.00 (high)
THAT'S A PICKLED WALNUT,THAT'S A PICKLED WALNUT,DH AE T S | AH | P IH K AH L D | W AO L N AH T,DH AE T S | AH | P IH K AH L D | W AO L N AH T,False,True,,homophone_substitution,phoneme overlap 4/4=1.00 (high)
YOU HAVE TO GO AND BUY BISCUITS,YOU HAVE TO GO AND BUY BISCUITS,Y UW | HH AE V | T UW | G OW | AH N D | B AY | B IH S K AH T S,Y UW | HH AE V | T UW | G OW | AH N D | B AY | B IH S K AH T S,True,True,,homophone_substitution,phoneme overlap 7/7=1.00 (high)
THEY ALL CAME AND WENT,THEY ALL CAME AND WENT,DH EY | AO L | K EY M | AH N D | W EH N T,DH EY | AO L | K EY M | AH N D | W EH N T,False,True,,homophone_substitution,phoneme overlap 5/5=1.00 (high)
IT DIDN'T SURVIVE,IT DIDN'T SURVIVE,IH T | D IH D AH N T | S ER V AY V,IH T | D IH D AH N T | S ER V AY V,False,True,,homophone_substitution,phoneme overlap 3/3=1.00 (high)
SO YOU SHOULD BE,SO YOU SHOULD BE,S OW | Y UW | SH UH D | B IY,S OW | Y UW | SH UH D | B IY,True,True,,homophone_substitution,phoneme overlap 4/4=1.00 (high)
RIGHT ON THE FRONT,RIGHT ON THE FRONT,R AY T | AA N | DH AH | F R AH N T,R AY T | AA N | DH AH | F R AH N T,True,True,,homophone_substitution,phoneme overlap 4/4=1.00 (high)
TWICE DURING THE FIRST WORLD WAR,TWICE DURING THE FIRST WORLD WAR,T W AY S | D UH R IH NG | DH AH | F ER S T | W ER L D | W AO R,T W AY S | D UH R IH NG | DH AH | F ER S T | W ER L D | W AO R,True,True,,homophone_substitution,phoneme overlap 6/6=1.00 (high)
SHE NEVER LET ON,SHE NEVER LET ON,SH IY | N EH V ER | L EH T | AA N,SH IY | N EH V ER | L EH T | AA N,False,True,,homophone_substitution,phoneme overlap 4/4=1.00 (high)
SO YOU KNOW WHO HE REALLY IS,SO YOU KNOW WHO HE REALLY IS,S OW | Y UW | N OW | HH UW | HH IY | R IH L IY | IH Z,S OW | Y UW | N OW | HH UW | HH IY | R IH L IY | IH Z,True,True,,homophone_substitution,phoneme overlap 7/7=1.00 (high)
THIS COULD BE A FIRST CLASS ROUTINE,THIS COULD BE A FIRST CLASS ROUTINE,DH IH S | K UH D | B IY | AH | F ER S T | K L AE S | R UW T IY N,DH IH S | K UH D | B IY | AH | F ER S T | K L AE S | R UW T IY N,True,True,,homophone_substitution,phoneme overlap 7/7=1.00 (high)
EVERYONE ON THE SHOW REALLY,EVERYONE ON THE SHOW REALLY,EH V R IY W AH N | AA N | DH AH | SH OW | R IH L IY,EH V R IY W AH N | AA N | DH AH | SH OW | R IH L IY,False,True,,homophone_substitution,phoneme overlap 5/5=1.00 (high)
WITH WHITE CHRISTMAS,WITH WHITE CHRISTMAS,W IH DH | W AY T | K R IH S M AH S,W IH DH | W AY T | K R IH S M AH S,True,True,,homophone_substitution,phoneme overlap 3/3=1.00 (high)
ALTHOUGH I CAN'T IMAGINE WHY,ALTHOUGH I CAN'T IMAGINE WHY,AO L DH OW | AY | K AE N T | IH M AE JH AH N | W AY,AO L DH OW | AY | K AE N T | IH M AE JH AH N | W AY,True,True,,homophone_substitution,phoneme overlap 5/5=1.00 (high)
BECAUSE I JUST WANT TO HELP,BECAUSE I JUST WANT TO HELP,B IH K AO Z | AY | JH AH S T | W AA N T | T UW | HH EH L P,B IH K AO Z | AY | JH AH S T | W AA N T | T UW | HH EH L P,True,True,,homophone_substitution,phoneme overlap 6/6=1.00 (high)
PROJECT MANAGEMENT IS REALLY MY SPECIALIST AREA,PROJECT MANAGEMENT IS REALLY MY SPECIALIST AREA,P R AA JH EH K T | M AE N AH JH M AH N T | IH Z | R IH L IY | M AY | S P EH SH AH L AH S T | EH R IY AH,P R AA JH EH K T | M AE N AH JH M AH N T | IH Z | R IH L IY | M AY | S P EH SH AH L AH S T | EH R IY AH,False,True,,homophone_substitution,phoneme overlap 7/7=1.00 (high)
TO BE COMPLETELY HONEST,TO BE COMPLETELY HONEST,T UW | B IY | K AH M P L IY T L IY | AA N AH S T,T UW | B IY | K AH M P L IY T L IY | AA N AH S T,True,True,,homophone_substitution,phoneme overlap 4/4=1.00 (high)
THE SHEER SIZE AND POWER CAN BE INTIMIDATING,THE SHEER SIZE AND POWER CAN BE INTIMIDATING,DH AH | SH IH R | S AY Z | AH N D | P AW ER | K AE N | B IY | IH N T IH M IH D EY T IH NG,DH AH | SH IH R | S AY Z | AH N D | P AW ER | K AE N | B IY | IH N T IH M IH D EY T IH NG,True,True,,homophone_substitution,phoneme overlap 8/8=1.00 (high)
BUT THERE WAS EVEN BETTER NEWS,BUT THERE WAS EVEN BETTER NEWS,B AH T | DH EH R | W AA Z | IY V IH N | B EH T ER | N UW Z,B AH T | DH EH R | W AA Z | IY V IH N | B EH T ER | N UW Z,True,True,,homophone_substitution,phoneme overlap 6/6=1.00 (high)
REPRESENTED BY THIS BUNCH OF BANANAS,REPRESENTED BY THIS BUNCH OF BANANAS,R EH P R AH Z EH N T AH D | B AY | DH IH S | B AH N CH | AH V | B AH N AE N AH Z,R EH P R AH Z EH N T AH D | B AY | DH IH S | B AH N CH | AH V | B AH N AE N AH Z,True,True,,homophone_substitution,phoneme overlap 6/6=1.00 (high)
IT'S DOWN TO OUR BRAIN GETTING THINGS WRONG,IT'S DOWN TO OUR BRAIN GETTING THINGS WRONG,IH T S | D AW N | T UW | AW ER | B R EY N | G EH T IH NG | TH IH NG Z | R AO NG,IH T S | D AW N | T UW | AW ER | B R EY N | G EH T IH NG | TH IH NG Z | R AO NG,True,True,,homophone_substitution,phoneme overlap 8/8=1.00 (high)
HE WAS ABOUT TO FIND OUT,HE WAS ABOUT TO FIND OUT,HH IY | W AA Z | AH B AW T | T UW | F AY N D | AW T,HH IY | W AA Z | AH B AW T | T UW | F AY N D | AW T,True,True,,homophone_substitution,phoneme overlap 6/6=1.00 (high)
THE FORCES OF NATURE SEPARATE OUT,THE FORCES OF NATURE SEPARATE OUT,DH AH | F AO R S IH Z | AH V | N EY CH ER | S EH P ER EY T | AW T,DH AH | F AO R S IH Z | AH V | N EY CH ER | S EH P ER EY T | AW T,False,True,,homophone_substitution,phoneme overlap 6/6=1.00 (high)
NEUTRONS AND ELECTRONS,NUTRONS AND ELECTRONS,N UW T R AA N Z | AH N D | IH L EH K T R AA N Z,? | AH N D | IH L EH K T R AA N Z,False,False,"non-word spelling: NUTRONS is invalid (CMU OOV); initial consonant N UW -> N drop, not a homophone",non_word_spelling,prediction has CMU OOV; phoneme-word counts equal (3)
BUT WHEN YOU OPEN THE BOX,BUT WHEN YOU OPEN THE BOX,B AH T | W EH N | Y UW | OW P AH N | DH AH | B AA K S,B AH T | W EH N | Y UW | OW P AH N | DH AH | B AA K S,True,True,,homophone_substitution,phoneme overlap 6/6=1.00 (high)
THAT'S NOT RIGHT,THAT'S NOT RIGHT,DH AE T S | N AA T | R AY T,DH AE T S | N AA T | R AY T,True,True,,homophone_substitution,phoneme overlap 3/3=1.00 (high)
IN THIS UNIVERSE,IN THIS UNIVERSE,IH N | DH IH S | Y UW N AH V ER S,IH N | DH IH S | Y UW N AH V ER S,True,True,,homophone_substitution,phoneme overlap 3/3=1.00 (high)
AND IT MIGHT SEEM RIDICULOUS,AND IT MIGHT SEEM RIDICULOUS,AH N D | IH T | M AY T | S IY M | R IH D IH K Y AH L AH S,AH N D | IH T | M AY T | S IY M | R IH D IH K Y AH L AH S,False,True,,homophone_substitution,phoneme overlap 5/5=1.00 (high)
12 MILES IN DIAMETER,12 MILES IN DIAMETER,? | M AY L Z | IH N | D AY AE M AH T ER,? | M AY L Z | IH N | D AY AE M AH T ER,True,True,,homophone_substitution,phoneme overlap 4/4=1.00 (high)
STRETCHING BACK 3,STRETCHING BACK THREE,S T R EH CH IH NG | B AE K | ?,S T R EH CH IH NG | B AE K | TH R IY,False,False,digit/word rendering: digit 3 emitted as word THREE,digit_word_rendering,"digit/word side mismatch (tgt_digit=True, hyp_digit=False)"
STAGGERING ON THE EDGE OF SPACE,STAGGERING ON THE EDGE OF SPACE,S T AE G ER IH NG | AA N | DH AH | EH JH | AH V | S P EY S,S T AE G ER IH NG | AA N | DH AH | EH JH | AH V | S P EY S,False,True,,homophone_substitution,phoneme overlap 6/6=1.00 (high)
PONDERING THE IMMENSITY,PONDERING THE IMMANENCE,P AA N D ER IH NG | DH AH | ?,P AA N D ER IH NG | DH AH | IH M AH N AH N S,False,False,"OOV-target -> real-word substitution: IMMENSITY is CMU OOV, IMMANENCE is a valid word",oov_target_substitution,"target has CMU OOV, prediction is real word"
WE LIVE IN A TINY,WE LIVE IN A TINY,W IY | L AY V | IH N | AH | T AY N IY,W IY | L AY V | IH N | AH | T AY N IY,True,True,,homophone_substitution,phoneme overlap 5/5=1.00 (high)
YOU THINK I DID THIS,YOU THINK I DID THIS,Y UW | TH IH NG K | AY | D IH D | DH IH S,Y UW | TH IH NG K | AY | D IH D | DH IH S,True,True,,homophone_substitution,phoneme overlap 5/5=1.00 (high)
IT'S ALL ABOUT RARITY,IT'S ALL ABOUT RETIREMENT,IH T S | AO L | AH B AW T | R EH R AH T IY,IH T S | AO L | AH B AW T | R IY T AY ER M AH N T,False,False,"semantic substitution: phonemes completely different, RARITY -> RETIREMENT (longer, unrelated word)",homophone_substitution,phoneme overlap 3/4=0.75 (high)
AS OPPOSED TO CHINESE,AS OPPOSED TO CHINESE,AE Z | AH P OW Z D | T UW | CH AY N IY Z,AE Z | AH P OW Z D | T UW | CH AY N IY Z,True,True,,homophone_substitution,phoneme overlap 4/4=1.00 (high)
BUT I COULDN'T BELIEVE IT WOULD BE TRUE,BUT I COULDN'T BELIEVE IT WOULD BE TRUE,B AH T | AY | K UH D AH N T | B IH L IY V | IH T | W UH D | B IY | T R UW,B AH T | AY | K UH D AH N T | B IH L IY V | IH T | W UH D | B IY | T R UW,True,True,,homophone_substitution,phoneme overlap 8/8=1.00 (high)
IF YOU'VE GOT A GOOD STORY,IF YOU'VE GOT A GOOD STORY,IH F | Y UW V | G AA T | AH | G UH D | S T AO R IY,IH F | Y UW V | G AA T | AH | G UH D | S T AO R IY,True,True,,homophone_substitution,phoneme overlap 6/6=1.00 (high)
AND THE MAN WHO MADE THE DISCOVERY,AND THE MAN WHO MADE THE DISCOVERY,AH N D | DH AH | M AE N | HH UW | M EY D | DH AH | D IH S K AH V ER IY,AH N D | DH AH | M AE N | HH UW | M EY D | DH AH | D IH S K AH V ER IY,True,True,,homophone_substitution,phoneme overlap 6/6=1.00 (high)
BUT EVERYONE GOING INTO THE DEN GETS A FRESH CHANCE TO TURN THINGS ROUND,BUT EVERYONE GOING INTO THE DEN GETS A FRESH CHANCE TO TURN THINGS ROUND,B AH T | EH V R IY W AH N | G OW IH NG | IH N T UW | DH AH | D EH N | G EH T S | AH | F R EH SH | CH AE N S | T UW | T ER N | TH IH NG Z | R AW N D,B AH T | EH V R IY W AH N | G OW IH NG | IH N T UW | DH AH | D EH N | G EH T S | AH | F R EH SH | CH AE N S | T UW | T ER N | TH IH NG Z | R AW N D,True,True,,homophone_substitution,phoneme overlap 14/14=1.00 (high)
YOU JUST HAVE TO GRAB AN OPPORTUNITY WHEN IT PRESENTS ITSELF,YOU JUST HAVE TO GRAB AN OPPORTUNITY WHEN IT PRESENTS ITSELF,Y UW | JH AH S T | HH AE V | T UW | G R AE B | AE N | AA P ER T UW N AH T IY | W EH N | IH T | P R EH Z AH N T S | IH T S EH L F,Y UW | JH AH S T | HH AE V | T UW | G R AE B | AE N | AA P ER T UW N AH T IY | W EH N | IH T | P R EH Z AH N T S | IH T S EH L F,True,True,,homophone_substitution,phoneme overlap 11/11=1.00 (high)
BUT SLIGHTLY REBELLIOUS SOCKS,BUT SLIGHTLY REBELLIOUS SAX,B AH T | S L AY T L IY | R IH B EH L Y AH S | S AA K S,B AH T | S L AY T L IY | R IH B EH L Y AH S | S AE K S,True,False,,homophone_substitution,phoneme overlap 3/4=0.75 (high)
DON'T FORGET THAT SCARECROW,DON'T FORGET THAT SCARCROW,D OW N T | F ER G EH T | DH AE T | S K AE R K R OW,D OW N T | F ER G EH T | DH AE T | ?,False,False,"vowel-drop non-word: SCARECROW -> SCARCROW, dropped IY (CMU OOV for prediction)",non_word_spelling,prediction has CMU OOV; phoneme-word counts equal (4)
MAYBE TO SOMEWHERE NICE AND SAFE,MAYBE TO SOMEWHERE NICE AND SAFE,M EY B IY | T UW | S AH M W EH R | N AY S | AH N D | S EY F,M EY B IY | T UW | S AH M W EH R | N AY S | AH N D | S EY F,True,True,,homophone_substitution,phoneme overlap 6/6=1.00 (high)
I'M NOT SURE WHAT'S THE MOST DIFFICULT THING TO GET RIGHT,I'M NOT SURE WHAT'S THE MOST DIFFICULT THING TO GET RIGHT,AY M | N AA T | SH UH R | W AH T S | DH AH | M OW S T | D IH F AH K AH L T | TH IH NG | T UW | G EH T | R AY T,AY M | N AA T | SH UH R | W AH T S | DH AH | M OW S T | D IH F AH K AH L T | TH IH NG | T UW | G EH T | R AY T,True,True,,homophone_substitution,phoneme overlap 11/11=1.00 (high)
GARDENS NEVER FINISH,GARDENS NEVER FINISH,G AA R D AH N Z | N EH V ER | F IH N IH SH,G AA R D AH N Z | N EH V ER | F IH N IH SH,False,True,,homophone_substitution,phoneme overlap 3/3=1.00 (high)
YOU SHOULD NEVER BE PUT OFF,YOU SHOULD NEVER BE PUT OFF,Y UW | SH UH D | N EH V ER | B IY | P UH T | AO F,Y UW | SH UH D | N EH V ER | B IY | P UH T | AO F,True,True,,homophone_substitution,phoneme overlap 6/6=1.00 (high)
PEOPLE GETTING IN TOUCH AND WANTING TO RECTIFY WRONGS,PEOPLE GETTING IN TOUCH AND WANTING TO WRECK A FIRE ONGS,P IY P AH L | G EH T IH NG | IH N | T AH CH | AH N D | W AA N T IH NG | T UW | R EH K T AH F AY | R AO NG Z,P IY P AH L | G EH T IH NG | IH N | T AH CH | AH N D | W AA N T IH NG | T UW | R EH K | AH | F AY ER | ?,True,False,,semantic_substitution,prediction has CMU OOV AND phoneme-word count differs (tgt=9 hyp=11)
THERE ARE TIMES I LIKE TO LISTEN TO BANANARAMA,THERE ARE TIMES I LIKE TO LISTEN TO BANANARAMA,DH EH R | AA R | T AY M Z | AY | L AY K | T UW | L IH S AH N | T UW | ?,DH EH R | AA R | T AY M Z | AY | L AY K | T UW | L IH S AH N | T UW | ?,True,True,,homophone_substitution,phoneme overlap 8/8=1.00 (high)
AND YET THAT AND FISH AND CHIPS,AND YET THAT AND FISH AND CHIPS,AH N D | Y EH T | DH AE T | AH N D | F IH SH | AH N D | CH IH P S,AH N D | Y EH T | DH AE T | AH N D | F IH SH | AH N D | CH IH P S,False,True,,homophone_substitution,phoneme overlap 5/5=1.00 (high)
LET'S JUST CALM DOWN,LET'S JUST CALM DOWN,L EH T S | JH AH S T | K AA M | D AW N,L EH T S | JH AH S T | K AA M | D AW N,False,True,,homophone_substitution,phoneme overlap 4/4=1.00 (high)
THE DAY JUST GOT WEIRDER AND WEIRDER,THE DAY JUST GOT WEIRD AND WEIRDER,DH AH | D EY | JH AH S T | G AA T | W IH R D ER | AH N D | W IH R D ER,DH AH | D EY | JH AH S T | G AA T | W IH R D | AH N D | W IH R D ER,True,False,,homophone_substitution,phoneme overlap 6/7=0.86 (high)
BACK TO THE HISTORY BOOKS,BACK TO THE HISTORY BOOKS,B AE K | T UW | DH AH | HH IH S T ER IY | B UH K S,B AE K | T UW | DH AH | HH IH S T ER IY | B UH K S,True,True,,homophone_substitution,phoneme overlap 5/5=1.00 (high)
IT'S PRACTICALLY A VEGETARIAN,IT'S PRACTICALLY A VEGETARIAN,IH T S | P R AE K T AH K L IY | AH | V EH JH AH T EH R IY AH N,IH T S | P R AE K T AH K L IY | AH | V EH JH AH T EH R IY AH N,False,True,,homophone_substitution,phoneme overlap 4/4=1.00 (high)
HOW DOES THE PLANT ATTRACT THE BAT,HOW DOES THE PLANT ATTRACT THE BAT,HH AW | D AH Z | DH AH | P L AE N T | AH T R AE K T | DH AH | B AE T,HH AW | D AH Z | DH AH | P L AE N T | AH T R AE K T | DH AH | B AE T,True,True,,homophone_substitution,phoneme overlap 6/6=1.00 (high)
THE BAT BENEFITS,THE BAT BENEFITS,DH AH | B AE T | B EH N AH F IH T S,DH AH | B AE T | B EH N AH F IH T S,True,True,,homophone_substitution,phoneme overlap 3/3=1.00 (high)
IT'S ALSO COME UP WITH A STRUCTURE THAT ACTS AS AN ADVERTISEMENT WHICH SAYS,IT'S ALSO COME UP WITH A STRUCTURE THAT ACTS AS AN ADVERTISMENT WHICH SAYS,IH T S | AO L S OW | K AH M | AH P | W IH DH | AH | S T R AH K CH ER | DH AE T | AE K T S | AE Z | AE N | AH D V ER T AH Z M AH N T | W IH CH | S EH Z,IH T S | AO L S OW | K AH M | AH P | W IH DH | AH | S T R AH K CH ER | DH AE T | AE K T S | AE Z | AE N | ? | W IH CH | S EH Z,True,False,,non_word_spelling,prediction has CMU OOV; phoneme-word counts equal (14)
THIS IS THE BEST BAT HOTEL IN TOWN,THIS IS THE BEST BAT HOTEL IN TOWN,DH IH S | IH Z | DH AH | B EH S T | B AE T | HH OW T EH L | IH N | T AW N,DH IH S | IH Z | DH AH | B EH S T | B AE T | HH OW T EH L | IH N | T AW N,True,True,,homophone_substitution,phoneme overlap 8/8=1.00 (high)
THAT'S WHY I GET UP IN THE MORNING,THAT'S WHY I GET UP IN THE MORNING,DH AE T S | W AY | AY | G EH T | AH P | IH N | DH AH | M AO R N IH NG,DH AE T S | W AY | AY | G EH T | AH P | IH N | DH AH | M AO R N IH NG,True,True,,homophone_substitution,phoneme overlap 8/8=1.00 (high)
ALL IN THE GLARE OF THE SPOTLIGHT,ALL IN THE GLARE OF THE SPOTLIGHT,AO L | IH N | DH AH | G L EH R | AH V | DH AH | S P AA T L AY T,AO L | IH N | DH AH | G L EH R | AH V | DH AH | S P AA T L AY T,True,True,,homophone_substitution,phoneme overlap 6/6=1.00 (high)
SO WHAT DID YOU DO BEFORE,SO WHAT DID YOU DO BEFORE,S OW | W AH T | D IH D | Y UW | D UW | B IH F AO R,S OW | W AH T | D IH D | Y UW | D UW | B IH F AO R,True,True,,homophone_substitution,phoneme overlap 6/6=1.00 (high)
BUT YOU HAVE TO GO,BUT YOU HAVE TO GO,B AH T | Y UW | HH AE V | T UW | G OW,B AH T | Y UW | HH AE V | T UW | G OW,True,True,,homophone_substitution,phoneme overlap 5/5=1.00 (high)
AND SHE WAS BEING INTERVIEWED BY THE AMERICAN JOURNALISTS,AND SHE WAS BEING INTERVIEWED BY THE AMERICAN JOURNALISTS,AH N D | SH IY | W AA Z | B IY IH NG | IH N T ER V Y UW D | B AY | DH AH | AH M EH R AH K AH N | JH ER N AH L AH S T S,AH N D | SH IY | W AA Z | B IY IH NG | IH N T ER V Y UW D | B AY | DH AH | AH M EH R AH K AH N | JH ER N AH L AH S T S,True,True,,homophone_substitution,phoneme overlap 9/9=1.00 (high)
IN ALL SERIOUSNESS,IN ALL SERIOUSNESS,IH N | AO L | S IH R IY AH S N AH S,IH N | AO L | S IH R IY AH S N AH S,True,True,,homophone_substitution,phoneme overlap 3/3=1.00 (high)
WE DID A DIFFERENT VERSION OF THINGS AND THEN,WE DID A DIFFERENT VERSION OF THINGS AND THEN,W IY | D IH D | AH | D IH F ER AH N T | V ER ZH AH N | AH V | TH IH NG Z | AH N D | DH EH N,W IY | D IH D | AH | D IH F ER AH N T | V ER ZH AH N | AH V | TH IH NG Z | AH N D | DH EH N,True,True,,homophone_substitution,phoneme overlap 9/9=1.00 (high)
AND THEN TURNED TO ME AND SAID,AND THEN TURNED TO ME AND SAID,AH N D | DH EH N | T ER N D | T UW | M IY | AH N D | S EH D,AH N D | DH EH N | T ER N D | T UW | M IY | AH N D | S EH D,True,True,,homophone_substitution,phoneme overlap 6/6=1.00 (high)
I HADN'T THOUGHT THAT,I HADN'T THOUGHT THAT,AY | HH AE D AH N T | TH AO T | DH AE T,AY | HH AE D AH N T | TH AO T | DH AE T,True,True,,homophone_substitution,phoneme overlap 4/4=1.00 (high)
PLAYED BY JIM BROADBENT,PLAYED BY JIM BROADBENT,P L EY D | B AY | JH IH M | B R AO D B EH N T,P L EY D | B AY | JH IH M | B R AO D B EH N T,True,True,,homophone_substitution,phoneme overlap 4/4=1.00 (high)
EVERY TWO WEEKS,EVERY TWO WEEKS,EH V ER IY | T UW | W IY K S,EH V ER IY | T UW | W IY K S,True,True,,homophone_substitution,phoneme overlap 3/3=1.00 (high)
THAT'S WHAT THEY DO,THAT'S WHAT THEY DO,DH AE T S | W AH T | DH EY | D UW,DH AE T S | W AH T | DH EY | D UW,True,True,,homophone_substitution,phoneme overlap 4/4=1.00 (high)
BEFORE WE BEGIN,BEFORE WE BEGIN,B IH F AO R | W IY | B IH G IH N,B IH F AO R | W IY | B IH G IH N,True,True,,homophone_substitution,phoneme overlap 3/3=1.00 (high)
AND ON THIS FATEFUL EVENING,AND ON THIS FATEFUL EVENING,AH N D | AA N | DH IH S | F EY T F AH L | IY V N IH NG,AH N D | AA N | DH IH S | F EY T F AH L | IY V N IH NG,False,True,,homophone_substitution,phoneme overlap 5/5=1.00 (high)
I DON'T BELIEVE IN FAIRIES,I DON'T BELIEVE IN FAIRIES,AY | D OW N T | B IH L IY V | IH N | F EH R IY Z,AY | D OW N T | B IH L IY V | IH N | F EH R IY Z,True,True,,homophone_substitution,phoneme overlap 5/5=1.00 (high)
THEN WE MUST RESCUE HER,THEN WE MUST RESCUE HER,DH EH N | W IY | M AH S T | R EH S K Y UW | HH ER,DH EH N | W IY | M AH S T | R EH S K Y UW | HH ER,True,True,,homophone_substitution,phoneme overlap 5/5=1.00 (high)
AND WITH STEALTH,AND WITH STELLA,AH N D | W IH DH | S T EH L TH,AH N D | W IH DH | S T EH L AH,False,False,consonant-cluster substitution: TH -> AH (STEALTH -> STELLA),homophone_substitution,phoneme overlap 2/3=0.67 (high)
HE MADE A MOVE ON ME,HE MADE A MOVE ON ME,HH IY | M EY D | AH | M UW V | AA N | M IY,HH IY | M EY D | AH | M UW V | AA N | M IY,True,True,,homophone_substitution,phoneme overlap 6/6=1.00 (high)
WE'VE NOT DISCUSSED IT,WE'VE NOT DISCUSSED IT,W IY V | N AA T | D IH S K AH S T | IH T,W IY V | N AA T | D IH S K AH S T | IH T,True,True,,homophone_substitution,phoneme overlap 4/4=1.00 (high)
AND WE RUN LOVE,AND WE RUN LOVE,AH N D | W IY | R AH N | L AH V,AH N D | W IY | R AH N | L AH V,True,True,,homophone_substitution,phoneme overlap 4/4=1.00 (high)
HOW DO I CHOOSE THIS,HOW DO I CHOOSE THIS,HH AW | D UW | AY | CH UW Z | DH IH S,HH AW | D UW | AY | CH UW Z | DH IH S,True,True,,homophone_substitution,phoneme overlap 5/5=1.00 (high)
WE'VE GOT 24 CHARACTERS,WE'VE GOT 24 CHARACTERS,W IY V | G AA T | ? | K AE R IH K T ER Z,W IY V | G AA T | ? | K AE R IH K T ER Z,False,True,,homophone_substitution,phoneme overlap 4/4=1.00 (high)
FOLLOWING THOSE WORDS,FOLLOWING THOSE WORDS,F AA L OW IH NG | DH OW Z | W ER D Z,F AA L OW IH NG | DH OW Z | W ER D Z,False,True,,homophone_substitution,phoneme overlap 3/3=1.00 (high)
I THINK YOU DESERVE,I THINK YOU DESERVE,AY | TH IH NG K | Y UW | D IH Z ER V,AY | TH IH NG K | Y UW | D IH Z ER V,True,True,,homophone_substitution,phoneme overlap 4/4=1.00 (high)
A STRIKING CONTRAST,A STRIKING CONTRAST,AH | S T R AY K IH NG | K AA N T R AE S T,AH | S T R AY K IH NG | K AA N T R AE S T,False,True,,homophone_substitution,phoneme overlap 3/3=1.00 (high)
VERY SIMILAR TO FISHING,VERY SIMILAR TO FISHING,V EH R IY | S IH M AH L ER | T UW | F IH SH IH NG,V EH R IY | S IH M AH L ER | T UW | F IH SH IH NG,True,True,,homophone_substitution,phoneme overlap 4/4=1.00 (high)
IT'S LIKE LOOKING AT ART,IT'S LIKE LOOKING AT ART,IH T S | L AY K | L UH K IH NG | AE T | AA R T,IH T S | L AY K | L UH K IH NG | AE T | AA R T,False,True,,homophone_substitution,phoneme overlap 5/5=1.00 (high)
IT MIGHT BE CONCEPTUAL,IT MIGHT BE CONCEPTUAL,IH T | M AY T | B IY | K AH N S EH P CH UW AH L,IH T | M AY T | B IY | K AH N S EH P CH UW AH L,True,True,,homophone_substitution,phoneme overlap 4/4=1.00 (high)
HERE'S SOME IDEAS,HERE'S SOME IDEAS,HH IH R Z | S AH M | AY D IY AH Z,HH IH R Z | S AH M | AY D IY AH Z,True,True,,homophone_substitution,phoneme overlap 3/3=1.00 (high)
A PLACE WHICH IS HARD TO LIVE,A PLACE WHICH IS HARD TO LIVE,AH | P L EY S | W IH CH | IH Z | HH AA R D | T UW | L AY V,AH | P L EY S | W IH CH | IH Z | HH AA R D | T UW | L AY V,True,True,,homophone_substitution,phoneme overlap 7/7=1.00 (high)
AND THE FARMERS OPENING IT UP,AND THE FARMERS OPENING IT UP,AH N D | DH AH | F AA R M ER Z | OW P AH N IH NG | IH T | AH P,AH N D | DH AH | F AA R M ER Z | OW P AH N IH NG | IH T | AH P,False,True,,homophone_substitution,phoneme overlap 6/6=1.00 (high)
SO WHEN THE FARMERS COME,SO WHEN THE FARMERS COME,S OW | W EH N | DH AH | F AA R M ER Z | K AH M,S OW | W EH N | DH AH | F AA R M ER Z | K AH M,True,True,,homophone_substitution,phoneme overlap 5/5=1.00 (high)
THERE'S MORE WOODLAND,THERE'S MORE WOODLAND,DH EH R Z | M AO R | W UH D L AE N D,DH EH R Z | M AO R | W UH D L AE N D,True,True,,homophone_substitution,phoneme overlap 3/3=1.00 (high)
DON'T TELL ANYONE,DON'T TELL ANYONE,D OW N T | T EH L | EH N IY W AH N,D OW N T | T EH L | EH N IY W AH N,False,True,,homophone_substitution,phoneme overlap 3/3=1.00 (high)
WE HAVE NO MORE MONEY,WE HAVE NO MORE MONEY,W IY | HH AE V | N OW | M AO R | M AH N IY,W IY | HH AE V | N OW | M AO R | M AH N IY,True,True,,homophone_substitution,phoneme overlap 5/5=1.00 (high)
WE ARE THE CRIMINALS,WE ARE THE CRIMINALS,W IY | AA R | DH AH | K R IH M AH N AH L Z,W IY | AA R | DH AH | K R IH M AH N AH L Z,True,True,,homophone_substitution,phoneme overlap 4/4=1.00 (high)
NO MORE SUICIDE BOMBERS,NO MORE SUICIDE BOMBERS,N OW | M AO R | S UW AH S AY D | B AA M ER Z,N OW | M AO R | S UW AH S AY D | B AA M ER Z,True,True,,homophone_substitution,phoneme overlap 4/4=1.00 (high)
THAT'S ACCORDING TO THE POLICE WATCHDOG,THAT'S ACCORDING TO THE POLICE WATCHDOG,DH AE T S | AH K AO R D IH NG | T UW | DH AH | P AH L IY S | W AA CH D AO G,DH AE T S | AH K AO R D IH NG | T UW | DH AH | P AH L IY S | W AA CH D AO G,True,True,,homophone_substitution,phoneme overlap 6/6=1.00 (high)
THE QUEEN MARY AND THE QUEEN ELIZABETH,THE QWEEN MARY AND THE QUEEN ELIZABETH,DH AH | K W IY N | M EH R IY | AH N D | DH AH | K W IY N | IH L IH Z AH B AH TH,DH AH | ? | M EH R IY | AH N D | DH AH | K W IY N | IH L IH Z AH B AH TH,True,False,,non_word_spelling,prediction has CMU OOV; phoneme-word counts equal (7)
ITS DESIGN VALUES,ITS DESIGN VALUES,IH T S | D IH Z AY N | V AE L Y UW Z,IH T S | D IH Z AY N | V AE L Y UW Z,False,True,,homophone_substitution,phoneme overlap 3/3=1.00 (high)
THEY WERE IN THE MINORITY,THEY WERE IN THE MINORITY,DH EY | W ER | IH N | DH AH | M AY N AO R AH T IY,DH EY | W ER | IH N | DH AH | M AY N AO R AH T IY,True,True,,homophone_substitution,phoneme overlap 5/5=1.00 (high)
500 TONS OF OCEAN LINER,500 TONS OF OCEAN LINER,? | T AH N Z | AH V | OW SH AH N | L AY N ER,? | T AH N Z | AH V | OW SH AH N | L AY N ER,True,True,,homophone_substitution,phoneme overlap 5/5=1.00 (high)
ONE OF THE ARTICLES HERE IS ABOUT THE QUEEN ELIZABETH,ONE OF THE ARTICLES HERE IS ABOUT THE QUEEN ELIZABETH,W AH N | AH V | DH AH | AA R T AH K AH L Z | HH IY R | IH Z | AH B AW T | DH AH | K W IY N | IH L IH Z AH B AH TH,W AH N | AH V | DH AH | AA R T AH K AH L Z | HH IY R | IH Z | AH B AW T | DH AH | K W IY N | IH L IH Z AH B AH TH,True,True,,homophone_substitution,phoneme overlap 9/9=1.00 (high)
THE JOB WAS DONE,THE JOB WAS DONE,DH AH | JH AA B | W AA Z | D AH N,DH AH | JH AA B | W AA Z | D AH N,True,True,,homophone_substitution,phoneme overlap 4/4=1.00 (high)
FLOWERS AND EVEN VEGETABLES,FLOWERS AND EVEN VEGETABLES,F L AW ER Z | AH N D | IY V IH N | V EH JH T AH B AH L Z,F L AW ER Z | AH N D | IY V IH N | V EH JH T AH B AH L Z,False,True,,homophone_substitution,phoneme overlap 4/4=1.00 (high)
FOR SOMETHING COMPLETELY DIFFERENT,FOR SOMETHING COMPLETELY DIFFERENT,F AO R | S AH M TH IH NG | K AH M P L IY T L IY | D IH F ER AH N T,F AO R | S AH M TH IH NG | K AH M P L IY T L IY | D IH F ER AH N T,True,True,,homophone_substitution,phoneme overlap 4/4=1.00 (high)
WHEN IT COMES TO PUBLICITY,WHEN IT COMES TO PUBLICITY,W EH N | IH T | K AH M Z | T UW | P AH B L IH S AH T IY,W EH N | IH T | K AH M Z | T UW | P AH B L IH S AH T IY,True,True,,homophone_substitution,phoneme overlap 5/5=1.00 (high)
HOW GREAT IS THIS,HOW GREAT IS THIS,HH AW | G R EY T | IH Z | DH IH S,HH AW | G R EY T | IH Z | DH IH S,False,True,,homophone_substitution,phoneme overlap 4/4=1.00 (high)
I JUST LOVE THAT,I JUST LOVE THAT,AY | JH AH S T | L AH V | DH AE T,AY | JH AH S T | L AH V | DH AE T,True,True,,homophone_substitution,phoneme overlap 4/4=1.00 (high)
THEY WERE FRIENDS,THEY WERE FRIENDS,DH EY | W ER | F R EH N D Z,DH EY | W ER | F R EH N D Z,False,True,,homophone_substitution,phoneme overlap 3/3=1.00 (high)
TO BE A SUCCESSFUL ENTREPRENEUR,TO BE A SUCCESSFUL ENTREPRENEUR,T UW | B IY | AH | S AH K S EH S F AH L | AA N T R AH P R AH N ER,T UW | B IY | AH | S AH K S EH S F AH L | AA N T R AH P R AH N ER,True,True,,homophone_substitution,phoneme overlap 5/5=1.00 (high)
I JUST DON'T GET IT,I JUST DON'T GET IT,AY | JH AH S T | D OW N T | G EH T | IH T,AY | JH AH S T | D OW N T | G EH T | IH T,True,True,,homophone_substitution,phoneme overlap 5/5=1.00 (high)
AND I THINK THIS IS ONE,AND I THINK THIS IS ONE,AH N D | AY | TH IH NG K | DH IH S | IH Z | W AH N,AH N D | AY | TH IH NG K | DH IH S | IH Z | W AH N,True,True,,homophone_substitution,phoneme overlap 6/6=1.00 (high)
IT'LL MEAN MORE MATCHES,IT'LL MEAN MORE MATCHES,IH T AH L | M IY N | M AO R | M AE CH AH Z,IH T AH L | M IY N | M AO R | M AE CH AH Z,True,True,,homophone_substitution,phoneme overlap 4/4=1.00 (high)
AND MORE MONEY FOR FIFA,AND MORE MONEY FOR NHS,AH N D | M AO R | M AH N IY | F AO R | ?,AH N D | M AO R | M AH N IY | F AO R | ?,True,False,,homophone_substitution,phoneme overlap 5/5=1.00 (high)
PLEASED WITH HIMSELF,PLEASED WITH HIMSELF,P L IY Z D | W IH DH | HH IH M S EH L F,P L IY Z D | W IH DH | HH IH M S EH L F,False,True,,homophone_substitution,phoneme overlap 3/3=1.00 (high)
SERBIA IS PANDEMONIUM LET LOOSE,SERBIA IS PANDEMONIUM LET LOOSE,S ER B IY AH | IH Z | P AE N D IH M OW N IY AH M | L EH T | L UW S,S ER B IY AH | IH Z | P AE N D IH M OW N IY AH M | L EH T | L UW S,False,True,,homophone_substitution,phoneme overlap 5/5=1.00 (high)
THERE ARE NO RECORDINGS OF LLOYD GEORGE AT THE PEAK OF HIS POWERS,THERE ARE NO RECORDINGS OF LOYD GEORGE AT THE PEAK OF HIS POWERS,DH EH R | AA R | N OW | R IH K AO R D IH NG Z | AH V | L OY D | JH AO R JH | AE T | DH AH | P IY K | AH V | HH IH Z | P AW ER Z,DH EH R | AA R | N OW | R IH K AO R D IH NG Z | AH V | L OY D | JH AO R JH | AE T | DH AH | P IY K | AH V | HH IH Z | P AW ER Z,True,False,,homophone_substitution,phoneme overlap 12/12=1.00 (high)
WHICH WAS THE MASS NEWSPAPER,WHICH WAS THE MASS NEWSPAPER,W IH CH | W AA Z | DH AH | M AE S | N UW Z P EY P ER,W IH CH | W AA Z | DH AH | M AE S | N UW Z P EY P ER,True,True,,homophone_substitution,phoneme overlap 5/5=1.00 (high)
AND HE WAS VERY DEVOTED TO HIS CHILDREN,AND HE WAS VERY DEVOTED TO HIS CHILDREN,AH N D | HH IY | W AA Z | V EH R IY | D IH V OW T AH D | T UW | HH IH Z | CH IH L D R AH N,AH N D | HH IY | W AA Z | V EH R IY | D IH V OW T AH D | T UW | HH IH Z | CH IH L D R AH N,True,True,,homophone_substitution,phoneme overlap 8/8=1.00 (high)
AND WOULD EVENTUALLY MARRY HER AFTER HIS WIFE,AND WOULD EVENTUALLY MARRY HER AFTER HIS WIFE,AH N D | W UH D | IH V EH N CH AH W AH L IY | M EH R IY | HH ER | AE F T ER | HH IH Z | W AY F,AH N D | W UH D | IH V EH N CH AH W AH L IY | M EH R IY | HH ER | AE F T ER | HH IH Z | W AY F,True,True,,homophone_substitution,phoneme overlap 8/8=1.00 (high)
WITH THAT FLOURISH,WITH THAT FLURRY,W IH DH | DH AE T | F L ER IH SH,W IH DH | DH AE T | F L ER IY,False,False,syllable collapse: F L ER IH SH collapsed to F L ER IY (FLURRY is a valid word),homophone_substitution,phoneme overlap 2/3=0.67 (high)
WHAT YOU NEED TO DO IS GET THE VERY BEST BRAINS,WHAT YOU NEED TO DO IS GET THE VERY BEST BRAINS,W AH T | Y UW | N IY D | T UW | D UW | IH Z | G EH T | DH AH | V EH R IY | B EH S T | B R EY N Z,W AH T | Y UW | N IY D | T UW | D UW | IH Z | G EH T | DH AH | V EH R IY | B EH S T | B R EY N Z,True,True,,homophone_substitution,phoneme overlap 11/11=1.00 (high)
THE VERY BEST TALENTS,THE VERY BEST TALENTS,DH AH | V EH R IY | B EH S T | T AE L AH N T S,DH AH | V EH R IY | B EH S T | T AE L AH N T S,True,True,,homophone_substitution,phoneme overlap 4/4=1.00 (high)
THE MOST ENERGETIC PEOPLE IN,THE MOST ENERGETIC PEOPLE IN,DH AH | M OW S T | EH N ER JH EH T IH K | P IY P AH L | IH N,DH AH | M OW S T | EH N ER JH EH T IH K | P IY P AH L | IH N,True,True,,homophone_substitution,phoneme overlap 5/5=1.00 (high)
BECAUSE THE EMPIRE,BECAUSE THE EMPIRE,B IH K AO Z | DH AH | EH M P AY ER,B IH K AO Z | DH AH | EH M P AY ER,False,True,,homophone_substitution,phoneme overlap 3/3=1.00 (high)
IT'S OFTEN FORGOTTEN,IT'S OFTEN FORGOTTEN,IH T S | AO F AH N | F ER G AA T AH N,IH T S | AO F AH N | F ER G AA T AH N,False,True,,homophone_substitution,phoneme overlap 3/3=1.00 (high)
WHICH IS ABSOLUTELY UNDERSTANDABLE,WHICH IS ABSOLUTELY UNDERSTANDABLE,W IH CH | IH Z | AE B S AH L UW T L IY | AH N D ER S T AE N D AH B AH L,W IH CH | IH Z | AE B S AH L UW T L IY | AH N D ER S T AE N D AH B AH L,True,True,,homophone_substitution,phoneme overlap 4/4=1.00 (high)
HE HOPED TO RETURN TO POWER,HE HOPED TO RETURN TO POWER,HH IY | HH OW P T | T UW | R IH T ER N | T UW | P AW ER,HH IY | HH OW P T | T UW | R IH T ER N | T UW | P AW ER,True,True,,homophone_substitution,phoneme overlap 5/5=1.00 (high)
WOULD NOT BE A HAPPY PLACE,WOULD NOT BE A HAPPY PLACE,W UH D | N AA T | B IY | AH | HH AE P IY | P L EY S,W UH D | N AA T | B IY | AH | HH AE P IY | P L EY S,True,True,,homophone_substitution,phoneme overlap 6/6=1.00 (high)
DEPENDED ON TRADE,DEPENDED ON TRADE,D IH P EH N D AH D | AA N | T R EY D,D IH P EH N D AH D | AA N | T R EY D,False,True,,homophone_substitution,phoneme overlap 3/3=1.00 (high)
MY GREAT GREAT GRANDFATHER,MY GREAT GREAT GRANDFATHER,M AY | G R EY T | G R EY T | G R AE N D F AA DH ER,M AY | G R EY T | G R EY T | G R AE N D F AA DH ER,False,True,,homophone_substitution,phoneme overlap 3/3=1.00 (high)
MUCH MORE DRIVEN,MUCH MORE DRIVEN,M AH CH | M AO R | D R IH V AH N,M AH CH | M AO R | D R IH V AH N,True,True,,homophone_substitution,phoneme overlap 3/3=1.00 (high)
IF IT GIVES ME SOME SORT OF CONTROL BACK,IF IT GIVES ME SOME SORT OF CONTROL BACK,IH F | IH T | G IH V Z | M IY | S AH M | S AO R T | AH V | K AH N T R OW L | B AE K,IH F | IH T | G IH V Z | M IY | S AH M | S AO R T | AH V | K AH N T R OW L | B AE K,True,True,,homophone_substitution,phoneme overlap 9/9=1.00 (high)
WITH STRONG WINDS,WITH STRONG WINDS,W IH DH | S T R AO NG | W IH N D Z,W IH DH | S T R AO NG | W IH N D Z,False,True,,homophone_substitution,phoneme overlap 3/3=1.00 (high)
I DON'T REMEMBER THAT HAPPENING BEFORE,I DON'T REMEMBER THAT HAPPENING BEFORE,AY | D OW N T | R IH M EH M B ER | DH AE T | HH AE P AH N IH NG | B IH F AO R,AY | D OW N T | R IH M EH M B ER | DH AE T | HH AE P AH N IH NG | B IH F AO R,True,True,,homophone_substitution,phoneme overlap 6/6=1.00 (high)
BY SOME MIRACLE,BUY SOME MIRACLE,B AY | S AH M | M IH R AH K AH L,B AY | S AH M | M IH R AH K AH L,True,False,,homophone_substitution,phoneme overlap 3/3=1.00 (high)
COMES FROM ONE OF THE MOST BEAUTIFUL PARTS OF THE WORLD,COMES FROM ONE OF THE MOST BEAUTIFUL PARTS OF THE WORLD,K AH M Z | F R AH M | W AH N | AH V | DH AH | M OW S T | B Y UW T AH F AH L | P AA R T S | AH V | DH AH | W ER L D,K AH M Z | F R AH M | W AH N | AH V | DH AH | M OW S T | B Y UW T AH F AH L | P AA R T S | AH V | DH AH | W ER L D,True,True,,homophone_substitution,phoneme overlap 9/9=1.00 (high)
IT'S NOT A MASSIVE SUM OF MONEY,IT'S NOT A MASSIVE SUM OF MONEY,IH T S | N AA T | AH | M AE S IH V | S AH M | AH V | M AH N IY,IH T S | N AA T | AH | M AE S IH V | S AH M | AH V | M AH N IY,True,True,,homophone_substitution,phoneme overlap 7/7=1.00 (high)
I WOULDN'T SAY I'M A STAR,I WOULDN'T SAY I'M A STAR,AY | W UH D AH N T | S EY | AY M | AH | S T AA R,AY | W UH D AH N T | S EY | AY M | AH | S T AA R,True,True,,homophone_substitution,phoneme overlap 6/6=1.00 (high)
MANCHESTER UNITED FANS,MANCHESTER UNITED FANS,M AE N CH EH S T ER | Y UW N AY T AH D | F AE N Z,M AE N CH EH S T ER | Y UW N AY T AH D | F AE N Z,False,True,,homophone_substitution,phoneme overlap 3/3=1.00 (high)
SET UP BY THE GOVERNMENT,SET UP BY THE GOVERNMENT,S EH T | AH P | B AY | DH AH | G AH V ER M AH N T,S EH T | AH P | B AY | DH AH | G AH V ER M AH N T,True,True,,homophone_substitution,phoneme overlap 5/5=1.00 (high)
IT WAS A BRUTAL EXPERIENCE,IT WAS A BRUTAL EXPERIENCE,IH T | W AA Z | AH | B R UW T AH L | IH K S P IH R IY AH N S,IH T | W AA Z | AH | B R UW T AH L | IH K S P IH R IY AH N S,False,True,,homophone_substitution,phoneme overlap 5/5=1.00 (high)
MANY PEOPLE DID SLIP AND FALL AND BREAK A LEG,MANY PEOPLE DID SLIP AND FALL AND BREAK A LEG,M EH N IY | P IY P AH L | D IH D | S L IH P | AH N D | F AO L | AH N D | B R EY K | AH | L EH G,M EH N IY | P IY P AH L | D IH D | S L IH P | AH N D | F AO L | AH N D | B R EY K | AH | L EH G,True,True,,homophone_substitution,phoneme overlap 9/9=1.00 (high)
THEY KEPT LIVING,THEY KEPT LIVING,DH EY | K EH P T | L IH V IH NG,DH EY | K EH P T | L IH V IH NG,False,True,,homophone_substitution,phoneme overlap 3/3=1.00 (high)
AND IN THE MORNING,AND IN THE MORNING,AH N D | IH N | DH AH | M AO R N IH NG,AH N D | IH N | DH AH | M AO R N IH NG,True,True,,homophone_substitution,phoneme overlap 4/4=1.00 (high)
IN EXACT DETAIL,IN EXACT DETAIL,IH N | IH G Z AE K T | D IH T EY L,IH N | IH G Z AE K T | D IH T EY L,True,True,,homophone_substitution,phoneme overlap 3/3=1.00 (high)
AND THE SECOND GENERATION,AND THE SECOND GENERATION,AH N D | DH AH | S EH K AH N D | JH EH N ER EY SH AH N,AH N D | DH AH | S EH K AH N D | JH EH N ER EY SH AH N,False,True,,homophone_substitution,phoneme overlap 4/4=1.00 (high)
BEEN INTENSELY SAD,BEEN INTENSELY SAD,B IH N | IH N T EH N S L IY | S AE D,B IH N | IH N T EH N S L IY | S AE D,True,True,,homophone_substitution,phoneme overlap 3/3=1.00 (high)
AND ALL THE SURVIVORS OF THE HOLOCAUST,AND ALL THE SURVIVORS OF THE HOLOCAUST,AH N D | AO L | DH AH | S ER V AY V ER Z | AH V | DH AH | HH AA L AH K AO S T,AH N D | AO L | DH AH | S ER V AY V ER Z | AH V | DH AH | HH AA L AH K AO S T,False,True,,homophone_substitution,phoneme overlap 6/6=1.00 (high)
WITH THEIR DATABASE,WITH THEIR DATA BASE,W IH DH | DH EH R | D EY T AH B EY S,W IH DH | DH EH R | D EY T AH | B EY S,True,False,,boundary_hallucination,"same letters, space differs (tgt_words=3 hyp_words=4)"
GET A NEW LOYAL CUSTOMER AND DEBENHAMS,GET A NEW LOYAL CUSTOMER AND DEBINOMES,G EH T | AH | N UW | L OY AH L | K AH S T AH M ER | AH N D | ?,G EH T | AH | N UW | L OY AH L | K AH S T AH M ER | AH N D | ?,True,False,,homophone_substitution,phoneme overlap 7/7=1.00 (high)
AS LONG AS THEY SEE THE SPARK OF SUCCESS,AS LONG AS THEY SEE THE SPARK OF SUCCESS,AE Z | L AO NG | AE Z | DH EY | S IY | DH AH | S P AA R K | AH V | S AH K S EH S,AE Z | L AO NG | AE Z | DH EY | S IY | DH AH | S P AA R K | AH V | S AH K S EH S,True,True,,homophone_substitution,phoneme overlap 8/8=1.00 (high)
THERE WAS A STONE CIRCLE HERE,THERE WAS A STONE CIRCLE HERE,DH EH R | W AA Z | AH | S T OW N | S ER K AH L | HH IY R,DH EH R | W AA Z | AH | S T OW N | S ER K AH L | HH IY R,True,True,,homophone_substitution,phoneme overlap 6/6=1.00 (high)
THAT IS A SOLD SOUND,THAT IS A SOLD SOUND,DH AE T | IH Z | AH | S OW L D | S AW N D,DH AE T | IH Z | AH | S OW L D | S AW N D,False,True,,homophone_substitution,phoneme overlap 5/5=1.00 (high)
THERE'S PLENTY TO INDULGE IN,THERE'S PLENTY TO INDULGE IN,DH EH R Z | P L EH N T IY | T UW | IH N D AH L JH | IH N,DH EH R Z | P L EH N T IY | T UW | IH N D AH L JH | IH N,True,True,,homophone_substitution,phoneme overlap 5/5=1.00 (high)
SHE WAS STRUGGLING,SHE WAS STRUGGLING,SH IY | W AA Z | S T R AH G AH L IH NG,SH IY | W AA Z | S T R AH G AH L IH NG,False,True,,homophone_substitution,phoneme overlap 3/3=1.00 (high)
WHEN HE WENT TO LOOK FOR HER,WHEN HE WENT TO LOOK FOR HER,W EH N | HH IY | W EH N T | T UW | L UH K | F AO R | HH ER,W EH N | HH IY | W EH N T | T UW | L UH K | F AO R | HH ER,True,True,,homophone_substitution,phoneme overlap 7/7=1.00 (high)
25 YEARS TO COMPLETE,25 YEARS TO COMPLETE,? | Y IH R Z | T UW | K AH M P L IY T,? | Y IH R Z | T UW | K AH M P L IY T,True,True,,homophone_substitution,phoneme overlap 4/4=1.00 (high)
SHE WILL BE VERY PLEASED,SHE WILL BE VERY PLEASED,SH IY | W IH L | B IY | V EH R IY | P L IY Z D,SH IY | W IH L | B IY | V EH R IY | P L IY Z D,True,True,,homophone_substitution,phoneme overlap 5/5=1.00 (high)
BECAUSE THERE WAS NO ROLE MODEL,BECAUSE THERE WAS NO ROLE MODEL,B IH K AO Z | DH EH R | W AA Z | N OW | R OW L | M AA D AH L,B IH K AO Z | DH EH R | W AA Z | N OW | R OW L | M AA D AH L,True,True,,homophone_substitution,phoneme overlap 6/6=1.00 (high)
ONE MALE OFFICIAL COMMENTED,ONE MALE OFFICIAL COMMENTED,W AH N | M EY L | AH F IH SH AH L | K AA M EH N T AH D,W AH N | M EY L | AH F IH SH AH L | K AA M EH N T AH D,True,True,,homophone_substitution,phoneme overlap 4/4=1.00 (high)
BUT DESPITE ALL THIS,BUT DESPITE ALL THIS,B AH T | D IH S P AY T | AO L | DH IH S,B AH T | D IH S P AY T | AO L | DH IH S,True,True,,homophone_substitution,phoneme overlap 4/4=1.00 (high)
THEY CARRIED ON COMPETING,THEY CARRIED ON COMPETING,DH EY | K AE R IY D | AA N | K AH M P IY T IH NG,DH EY | K AE R IY D | AA N | K AH M P IY T IH NG,False,True,,homophone_substitution,phoneme overlap 4/4=1.00 (high)
BUT DESPITE ALL THIS,BUT DESPITE ALL THIS,B AH T | D IH S P AY T | AO L | DH IH S,B AH T | D IH S P AY T | AO L | DH IH S,True,True,,homophone_substitution,phoneme overlap 4/4=1.00 (high)
IF YOU WANT TO EXPERIENCE SOME OF THAT,IF YOU WANT TO EXPERIENCE SOME OF THAT,IH F | Y UW | W AA N T | T UW | IH K S P IH R IY AH N S | S AH M | AH V | DH AE T,IH F | Y UW | W AA N T | T UW | IH K S P IH R IY AH N S | S AH M | AH V | DH AE T,True,True,,homophone_substitution,phoneme overlap 8/8=1.00 (high)
INCLUDING A BABY,INCLUDING A BABY,IH N K L UW D IH NG | AH | B EY B IY,IH N K L UW D IH NG | AH | B EY B IY,False,True,,homophone_substitution,phoneme overlap 3/3=1.00 (high)
THIS IS A SEMIFINAL,THIS IS A SEMIFINAL,DH IH S | IH Z | AH | S EH M IY F AY N AH L,DH IH S | IH Z | AH | S EH M IY F AY N AH L,False,True,,homophone_substitution,phoneme overlap 4/4=1.00 (high)
I'M SORRY THAT DOESN'T MEET WITH YOUR APPROVAL,I'M SORRY THAT DOESN'T MEET WITH YOUR APPROVAL,AY M | S AA R IY | DH AE T | D AH Z AH N T | M IY T | W IH DH | Y AO R | AH P R UW V AH L,AY M | S AA R IY | DH AE T | D AH Z AH N T | M IY T | W IH DH | Y AO R | AH P R UW V AH L,True,True,,homophone_substitution,phoneme overlap 8/8=1.00 (high)
I'M NOT HAVING A GO AT YOU,I'M NOT HAVING A GO AT YOU,AY M | N AA T | HH AE V IH NG | AH | G OW | AE T | Y UW,AY M | N AA T | HH AE V IH NG | AH | G OW | AE T | Y UW,True,True,,homophone_substitution,phoneme overlap 7/7=1.00 (high)
I'M JUST SAYING THAT DENISE BROUGHT ME UP,I'M JUST SAYING THAT DENISE BROUGHT ME UP,AY M | JH AH S T | S EY IH NG | DH AE T | D IH N IY S | B R AO T | M IY | AH P,AY M | JH AH S T | S EY IH NG | DH AE T | D IH N IY S | B R AO T | M IY | AH P,False,True,,homophone_substitution,phoneme overlap 8/8=1.00 (high)
WE HAD NO MONEY,WE HAD NO MONEY,W IY | HH AE D | N OW | M AH N IY,W IY | HH AE D | N OW | M AH N IY,True,True,,homophone_substitution,phoneme overlap 4/4=1.00 (high)
WHEN YOU CAME BACK,WHEN YOU CAME BACK,W EH N | Y UW | K EY M | B AE K,W EH N | Y UW | K EY M | B AE K,True,True,,homophone_substitution,phoneme overlap 4/4=1.00 (high)
THAT'S WHY I'M LOSING MY VOICE,THAT'S WHY I'M LOSING MY VOICE,DH AE T S | W AY | AY M | L UW Z IH NG | M AY | V OY S,DH AE T S | W AY | AY M | L UW Z IH NG | M AY | V OY S,True,True,,homophone_substitution,phoneme overlap 6/6=1.00 (high)
IS IN THE DRYING,IS IN THE DRYING,IH Z | IH N | DH AH | D R AY IH NG,IH Z | IH N | DH AH | D R AY IH NG,True,True,,homophone_substitution,phoneme overlap 4/4=1.00 (high)
RIGHT IN FRONT OF ME,RIGHT IN FRONT OF ME,R AY T | IH N | F R AH N T | AH V | M IY,R AY T | IH N | F R AH N T | AH V | M IY,True,True,,homophone_substitution,phoneme overlap 5/5=1.00 (high)
WE TALKED ABOUT IT,WE TALKED ABOUT IT,W IY | T AO K T | AH B AW T | IH T,W IY | T AO K T | AH B AW T | IH T,True,True,,homophone_substitution,phoneme overlap 4/4=1.00 (high)
I HONESTLY DON'T KNOW WHAT TO DO,HONESTLY DON'T KNOW WHAT TO DO,AY | AA N AH S T L IY | D OW N T | N OW | W AH T | T UW | D UW,AA N AH S T L IY | D OW N T | N OW | W AH T | T UW | D UW,True,False,,boundary_hallucination,near-letter-match (1 edit) with word-count delta=1 (tgt_words=7 hyp_words=6)
JUDGING BY WHAT I SAW TODAY,JUDGING BY WHAT I SAW TODAY,JH AH JH IH NG | B AY | W AH T | AY | S AO | T AH D EY,JH AH JH IH NG | B AY | W AH T | AY | S AO | T AH D EY,True,True,,homophone_substitution,phoneme overlap 6/6=1.00 (high)
SOME GOT WHAT THEY WANT,SOME GOT WHAT THEY WANT,S AH M | G AA T | W AH T | DH EY | W AA N T,S AH M | G AA T | W AH T | DH EY | W AA N T,True,True,,homophone_substitution,phoneme overlap 5/5=1.00 (high)
GET DOWN TO YOUR LOCAL ONE,GET DOWN TO YOUR LOCAL ONE,G EH T | D AW N | T UW | Y AO R | L OW K AH L | W AH N,G EH T | D AW N | T UW | Y AO R | L OW K AH L | W AH N,True,True,,homophone_substitution,phoneme overlap 6/6=1.00 (high)
HAVE YOU GOT IT,HAVE YOU GOT IT,HH AE V | Y UW | G AA T | IH T,HH AE V | Y UW | G AA T | IH T,True,True,,homophone_substitution,phoneme overlap 4/4=1.00 (high)
YOU BETTER STAY WELL AWAY FROM ME,YOU BETTER STAY WELL AWAY FROM ME,Y UW | B EH T ER | S T EY | W EH L | AH W EY | F R AH M | M IY,Y UW | B EH T ER | S T EY | W EH L | AH W EY | F R AH M | M IY,True,True,,homophone_substitution,phoneme overlap 7/7=1.00 (high)
THAT I'LL BE OK,THAT I'LL BE OK,DH AE T | AY L | B IY | OW K EY,DH AE T | AY L | B IY | OW K EY,True,True,,homophone_substitution,phoneme overlap 4/4=1.00 (high)
WE NEED TO DO SOMETHING BIGGER,WE NEED TO DO SOMETHING BIGGER,W IY | N IY D | T UW | D UW | S AH M TH IH NG | B IH G ER,W IY | N IY D | T UW | D UW | S AH M TH IH NG | B IH G ER,True,True,,homophone_substitution,phoneme overlap 6/6=1.00 (high)
TRYING TO BRING THEM DOWN OVER THE CENTURIES,TRYING TO BRING THEM DOWN OVER THE CENTURIES,T R AY IH NG | T UW | B R IH NG | DH EH M | D AW N | OW V ER | DH AH | S EH N CH ER IY Z,T R AY IH NG | T UW | B R IH NG | DH EH M | D AW N | OW V ER | DH AH | S EH N CH ER IY Z,True,True,,homophone_substitution,phoneme overlap 8/8=1.00 (high)
BUT YOU DON'T NEED TO WORRY,BUT YOU DON'T NEED TO WORRY,B AH T | Y UW | D OW N T | N IY D | T UW | W ER IY,B AH T | Y UW | D OW N T | N IY D | T UW | W ER IY,True,True,,homophone_substitution,phoneme overlap 6/6=1.00 (high)
THE EXPERTS DON'T KNOW WHAT CAUSED IT,THE EXPERTS DON'T KNOW WHAT CAUSED IT,DH AH | EH K S P ER T S | D OW N T | N OW | W AH T | K AA Z D | IH T,DH AH | EH K S P ER T S | D OW N T | N OW | W AH T | K AA Z D | IH T,True,True,,homophone_substitution,phoneme overlap 7/7=1.00 (high)
THE FATHER DIED FIVE YEARS AGO,THE FATHER DIED FIVE YEARS AGO,DH AH | F AA DH ER | D AY D | F AY V | Y IH R Z | AH G OW,DH AH | F AA DH ER | D AY D | F AY V | Y IH R Z | AH G OW,True,True,,homophone_substitution,phoneme overlap 6/6=1.00 (high)
IT'S ALL ABOUT MYTH MAKING,IT'S ALL ABOUT MYTH MAKING,IH T S | AO L | AH B AW T | M IH TH | M EY K IH NG,IH T S | AO L | AH B AW T | M IH TH | M EY K IH NG,False,True,,homophone_substitution,phoneme overlap 5/5=1.00 (high)
COME TO MY ROOM,COME TO MY ROOM,K AH M | T UW | M AY | R UW M,K AH M | T UW | M AY | R UW M,True,True,,homophone_substitution,phoneme overlap 4/4=1.00 (high)
AS THE MORNING SPREAD UPON THE MOUNTAINS,AS THE MORNING SPREAD UP ON THE MOUNTAINS,AE Z | DH AH | M AO R N IH NG | S P R EH D | AH P AA N | DH AH | M AW N T AH N Z,AE Z | DH AH | M AO R N IH NG | S P R EH D | AH P | AA N | DH AH | M AW N T AH N Z,True,False,,boundary_hallucination,"same letters, space differs (tgt_words=7 hyp_words=8)"
WITH PEOPLE WITHOUT CREATING,WITH PEOPLE WITHOUT CREATING,W IH DH | P IY P AH L | W IH TH AW T | K R IY EY T IH NG,W IH DH | P IY P AH L | W IH TH AW T | K R IY EY T IH NG,False,True,,homophone_substitution,phoneme overlap 4/4=1.00 (high)
WITH OTHER PEOPLE,WITH OTHER PEOPLE,W IH DH | AH DH ER | P IY P AH L,W IH DH | AH DH ER | P IY P AH L,False,True,,homophone_substitution,phoneme overlap 3/3=1.00 (high)
AND THE INITIALS STAND FOR THE INTERNATIONAL MARXIST GROUP,AND THE INITIALS STAND FOR THE INTERNATIONAL MARKS ASSOCIATION,AH N D | DH AH | IH N IH SH AH L Z | S T AE N D | F AO R | DH AH | IH N T ER N AE SH AH N AH L | M AA R K S AH S T | G R UW P,AH N D | DH AH | IH N IH SH AH L Z | S T AE N D | F AO R | DH AH | IH N T ER N AE SH AH N AH L | M AA R K S | AH S OW S IY EY SH AH N,True,False,,homophone_substitution,phoneme overlap 6/8=0.75 (high)
AS YOU MAY KNOW,AS YOU MAY KNOW,AE Z | Y UW | M EY | N OW,AE Z | Y UW | M EY | N OW,True,True,,homophone_substitution,phoneme overlap 4/4=1.00 (high)
THIS CAME FROM THE BIG,THIS CAME FROM THE BIG,DH IH S | K EY M | F R AH M | DH AH | B IH G,DH IH S | K EY M | F R AH M | DH AH | B IH G,False,True,,homophone_substitution,phoneme overlap 5/5=1.00 (high)
THAT'S REALLY SAD,THAT'S REALLY SAD,DH AE T S | R IH L IY | S AE D,DH AE T S | R IH L IY | S AE D,False,True,,homophone_substitution,phoneme overlap 3/3=1.00 (high)
I NEED TO GET TO WORK,I NEED TO GET TO WORK,AY | N IY D | T UW | G EH T | T UW | W ER K,AY | N IY D | T UW | G EH T | T UW | W ER K,True,True,,homophone_substitution,phoneme overlap 5/5=1.00 (high)
BEFORE I ANNOUNCE THE WINNER,BEFORE I ANNOUNCE THE WINNER,B IH F AO R | AY | AH N AW N S | DH AH | W IH N ER,B IH F AO R | AY | AH N AW N S | DH AH | W IH N ER,True,True,,homophone_substitution,phoneme overlap 5/5=1.00 (high)
WE DON'T HAVE BROWN BEAR,WE DON'T HAVE BROWN BEAR,W IY | D OW N T | HH AE V | B R AW N | B EH R,W IY | D OW N T | HH AE V | B R AW N | B EH R,True,True,,homophone_substitution,phoneme overlap 5/5=1.00 (high)
IF THE ANSWER IS NO,IF THE ANSWER IS NO,IH F | DH AH | AE N S ER | IH Z | N OW,IH F | DH AH | AE N S ER | IH Z | N OW,True,True,,homophone_substitution,phoneme overlap 5/5=1.00 (high)
WE MAY ENJOY THE THRILL OF MORE REGULAR SIGHTINGS,WE MAY ENJOY THE THRILL OF MORE REGULAR SIGHTINGS,W IY | M EY | EH N JH OY | DH AH | TH R IH L | AH V | M AO R | R EH G Y AH L ER | S AY T IH NG Z,W IY | M EY | EH N JH OY | DH AH | TH R IH L | AH V | M AO R | R EH G Y AH L ER | S AY T IH NG Z,True,True,,homophone_substitution,phoneme overlap 9/9=1.00 (high)
WHAT THEIR ASPIRATIONS ARE,WHAT THEIR ASPIRATIONS ARE,W AH T | DH EH R | AE S P ER EY SH AH N Z | AA R,W AH T | DH EH R | AE S P ER EY SH AH N Z | AA R,True,True,,homophone_substitution,phoneme overlap 4/4=1.00 (high)
WITHOUT THE DIALOGUE,WITHOUT THE DIALOGUE,W IH TH AW T | DH AH | D AY AH L AO G,W IH TH AW T | DH AH | D AY AH L AO G,False,True,,homophone_substitution,phoneme overlap 3/3=1.00 (high)
VERY HEAVILY TAXED,VERY HEAVILY TAXED,V EH R IY | HH EH V AH L IY | T AE K S T,V EH R IY | HH EH V AH L IY | T AE K S T,True,True,,homophone_substitution,phoneme overlap 3/3=1.00 (high)
AND THE SCOTTISH CUSTOMERS TO BUY,AND THE SCOTTISH CUSTOMERS TO BUY,AH N D | DH AH | S K AA T IH SH | K AH S T AH M ER Z | T UW | B AY,AH N D | DH AH | S K AA T IH SH | K AH S T AH M ER Z | T UW | B AY,True,True,,homophone_substitution,phoneme overlap 6/6=1.00 (high)
AND IT WAS BUILT TOTALLY BY PUBLIC SUBSCRIPTION,AND IT WAS BUILT TOTALLY BY PUBLIC SUBSCRIPTION,AH N D | IH T | W AA Z | B IH L T | T OW T AH L IY | B AY | P AH B L IH K | S AH B S K R IH P SH AH N,AH N D | IH T | W AA Z | B IH L T | T OW T AH L IY | B AY | P AH B L IH K | S AH B S K R IH P SH AH N,True,True,,homophone_substitution,phoneme overlap 8/8=1.00 (high)
TODAY ALMOST 50,TODAY ALMOST 50,T AH D EY | AO L M OW S T | ?,T AH D EY | AO L M OW S T | ?,False,True,,homophone_substitution,phoneme overlap 3/3=1.00 (high)
THE GOVERNMENT LOOKS SET TO WIN,THE GOVERNMENT LOOKS SET TO WIN,DH AH | G AH V ER M AH N T | L UH K S | S EH T | T UW | W IH N,DH AH | G AH V ER M AH N T | L UH K S | S EH T | T UW | W IH N,True,True,,homophone_substitution,phoneme overlap 6/6=1.00 (high)
WHICH THE NORWEGIAN GOVERNMENT WAS SUPPORTING,WHICH THE NORWEGIAN GOVERNMENT WAS SUPPORTING,W IH CH | DH AH | N AO R W IY JH AH N | G AH V ER M AH N T | W AA Z | S AH P AO R T IH NG,W IH CH | DH AH | N AO R W IY JH AH N | G AH V ER M AH N T | W AA Z | S AH P AO R T IH NG,True,True,,homophone_substitution,phoneme overlap 6/6=1.00 (high)
A RATHER SPECIAL,A RATHER SPECIAL,AH | R AE DH ER | S P EH SH AH L,AH | R AE DH ER | S P EH SH AH L,False,True,,homophone_substitution,phoneme overlap 3/3=1.00 (high)
YOU SHOULD THINK ABOUT IT,YOU SHOULD THINK ABOUT IT,Y UW | SH UH D | TH IH NG K | AH B AW T | IH T,Y UW | SH UH D | TH IH NG K | AH B AW T | IH T,True,True,,homophone_substitution,phoneme overlap 5/5=1.00 (high)
WE FOUND OUT ABOUT THE SUFFOLK PUNCH HORSES,WE FOUND OUT ABOUT THE SUFFOLK PUNCH HORSES,W IY | F AW N D | AW T | AH B AW T | DH AH | S AH F AH K | P AH N CH | HH AO R S AH Z,W IY | F AW N D | AW T | AH B AW T | DH AH | S AH F AH K | P AH N CH | HH AO R S AH Z,True,True,,homophone_substitution,phoneme overlap 8/8=1.00 (high)
BUT IT'S A DIFFERENT TYPE OF ANIMAL I WANT TO SHOW YOU RIGHT NOW,BUT IT'S A DIFFERENT TYPE OF ANIMAL I WANT TO SHOW YOU RIGHT NOW,B AH T | IH T S | AH | D IH F ER AH N T | T AY P | AH V | AE N AH M AH L | AY | W AA N T | T UW | SH OW | Y UW | R AY T | N AW,B AH T | IH T S | AH | D IH F ER AH N T | T AY P | AH V | AE N AH M AH L | AY | W AA N T | T UW | SH OW | Y UW | R AY T | N AW,True,True,,homophone_substitution,phoneme overlap 14/14=1.00 (high)
THINGS LIKE THIS BECAME VERY,THINGS LIKE THIS BECAME VERY,TH IH NG Z | L AY K | DH IH S | B IH K EY M | V EH R IY,TH IH NG Z | L AY K | DH IH S | B IH K EY M | V EH R IY,True,True,,homophone_substitution,phoneme overlap 5/5=1.00 (high)
THE QUALITY OF THAT SLIDING ACROSS,THE QUALITY OF THAT SLIDING ACROSS,DH AH | K W AA L AH T IY | AH V | DH AE T | S L AY D IH NG | AH K R AO S,DH AH | K W AA L AH T IY | AH V | DH AE T | S L AY D IH NG | AH K R AO S,False,True,,homophone_substitution,phoneme overlap 6/6=1.00 (high)
JOIN US NEXT TIME FOR MANY MORE SURPRISES,JOIN US NEXT TIME FOR MANY MORE SURPRISES,JH OY N | AH S | N EH K S T | T AY M | F AO R | M EH N IY | M AO R | S ER P R AY Z IH Z,JH OY N | AH S | N EH K S T | T AY M | F AO R | M EH N IY | M AO R | S ER P R AY Z IH Z,True,True,,homophone_substitution,phoneme overlap 8/8=1.00 (high)
GOES OUT THE OTHER,GOES OUT THE OTHER,G OW Z | AW T | DH AH | AH DH ER,G OW Z | AW T | DH AH | AH DH ER,False,True,,homophone_substitution,phoneme overlap 4/4=1.00 (high)
WE DON'T CLIP IT FOR THE MONEY,WE DON'T CLIP IT FOR THE MONEY,W IY | D OW N T | K L IH P | IH T | F AO R | DH AH | M AH N IY,W IY | D OW N T | K L IH P | IH T | F AO R | DH AH | M AH N IY,True,True,,homophone_substitution,phoneme overlap 7/7=1.00 (high)
I DON'T REALLY MIND,I DON'T REALLY MIND,AY | D OW N T | R IH L IY | M AY N D,AY | D OW N T | R IH L IY | M AY N D,True,True,,homophone_substitution,phoneme overlap 4/4=1.00 (high)
A NEW CHANCE AT LIFE,A NEW CHANCE AT LIFE,AH | N UW | CH AE N S | AE T | L AY F,AH | N UW | CH AE N S | AE T | L AY F,True,True,,homophone_substitution,phoneme overlap 5/5=1.00 (high)
BUT I'M NOT SURE WHERE,BUT I'M NOT SURE WHERE,B AH T | AY M | N AA T | SH UH R | W EH R,B AH T | AY M | N AA T | SH UH R | W EH R,True,True,,homophone_substitution,phoneme overlap 5/5=1.00 (high)
IT'S HIGHER THAN BEFORE,IT'S HIGHER THAN BEFORE,IH T S | HH AY ER | DH AE N | B IH F AO R,IH T S | HH AY ER | DH AE N | B IH F AO R,True,True,,homophone_substitution,phoneme overlap 4/4=1.00 (high)
BUT ANOTHER STRIKING UNION,BUT ANOTHER STRIKING UNION,B AH T | AH N AH DH ER | S T R AY K IH NG | Y UW N Y AH N,B AH T | AH N AH DH ER | S T R AY K IH NG | Y UW N Y AH N,True,True,,homophone_substitution,phoneme overlap 4/4=1.00 (high)
THERE WAS A GLIMMER OF HOPE,THERE WAS A GLIMMER OF HOPE,DH EH R | W AA Z | AH | G L IH M ER | AH V | HH OW P,DH EH R | W AA Z | AH | G L IH M ER | AH V | HH OW P,True,True,,homophone_substitution,phoneme overlap 6/6=1.00 (high)
MORE OPEN MINDED PERHAPS,MORE OPEN MINDED PERHAPS,M AO R | OW P AH N | M AY N D AH D | P ER HH AE P S,M AO R | OW P AH N | M AY N D AH D | P ER HH AE P S,True,True,,homophone_substitution,phoneme overlap 4/4=1.00 (high)
AND MORE OPEN TO THE PARLIAMENT,AND MORE OPEN TO THE PARLIAMENT,AH N D | M AO R | OW P AH N | T UW | DH AH | P AA R L AH M AH N T,AH N D | M AO R | OW P AH N | T UW | DH AH | P AA R L AH M AH N T,True,True,,homophone_substitution,phoneme overlap 6/6=1.00 (high)
TO DIVIDE THE ROOM INTO TWO PARTS,TO DIVIDE THE ROOM INTO TWO PARTS,T UW | D IH V AY D | DH AH | R UW M | IH N T UW | T UW | P AA R T S,T UW | D IH V AY D | DH AH | R UW M | IH N T UW | T UW | P AA R T S,True,True,,homophone_substitution,phoneme overlap 6/6=1.00 (high)
THEN THE INVITATION,THEN THE INVITATION,DH EH N | DH AH | IH N V IH T EY SH AH N,DH EH N | DH AH | IH N V IH T EY SH AH N,False,True,,homophone_substitution,phoneme overlap 3/3=1.00 (high)
HE WAS HALFWAY THERE,HE WAS HALFWAY THERE,HH IY | W AA Z | HH AE F W EY | DH EH R,HH IY | W AA Z | HH AE F W EY | DH EH R,True,True,,homophone_substitution,phoneme overlap 4/4=1.00 (high)
PART TWO IS THE DECLARATION OF RIGHTS,PART TWO IS THE DECLARATION OF RIGHTS,P AA R T | T UW | IH Z | DH AH | D EH K L ER EY SH AH N | AH V | R AY T S,P AA R T | T UW | IH Z | DH AH | D EH K L ER EY SH AH N | AH V | R AY T S,True,True,,homophone_substitution,phoneme overlap 7/7=1.00 (high)
