phonemes,target,prediction,is_homophone
AH N D F AO R M IY DH AH S ER P R AY Z W AA Z,AND FOR ME THE SURPRISE WAS,AND FOR ME THE SURPRISE WAS,True
DH EY ' R EY M UW V IH NG ER AW N D,THEY'RE MOVING AROUND,THEY'RE MOVING AROUND,False
AH N D W IY W ER R AY T,AND WE WERE RIGHT,AND WE WERE RIGHT,True
AH N D DH AH N EH K S T D EY,AND THE NEXT DAY,AND THE NEXT DAY,True
W EH N DH EH R IH Z EH N T AY M AH CH EH L S IH N DH AH G AA R D AH N,WHEN THERE ISN'T MUCH ELSE IN THE GARDEN,WHEN THERE ISN'T MUCH ELSE IN THE GARDEN,True
S AO R T AH V S EH K AH N D HH AE F AH V AA K T OW B ER,SORT OF SECOND HALF OF OCTOBER,SORT OF SECOND HALF OF OCTOBER,False
W EH L IH N T UW N OW V EH M B ER,WELL INTO NOVEMBER,WELL INTO NOVEMBER,False
W IY K AE N JH AH S T AH B AW T G EH T AH W EY W IH DH IH T N AW,WE CAN JUST ABOUT GET AWAY WITH IT NOW,WE CAN JUST ABOUT GET AWAY WITH IT NOW,True
S AH M TH IH NG L AY K AH G AA R D AH N K AA M P OW S T,SOMETHING LIKE A GARDEN COMPOST,SOMETHING LIKE A GARDEN COMPOST,False
IH T EH S N AA T AO L AH B AW T S AY Z,IT'S NOT ALL ABOUT SIZE,IT'S NOT ALL ABOUT SIZE,True
AH N D IH F Y UW W AA N T W AH N D ER F AH L,AND IF YOU WANT WONDERFUL,AND IF YOU WANT WONDERFUL,True
S T AA R T IH NG W IH DH DH AH K AA M P OW S T,STARTING WITH THE COMPOST,STARTING WITH THE COMPOST,False
F AO R AH B R IY F T AY M,FOR A BRIEF TIME,FOR A BRIEF TIME,True
IH T W IH L CH EY N JH L IH V Z,IT WILL CHANGE LIVES,IT WILL CHANGE LIVES,False
W EH N M AY HH AH Z B AH N D AH N D AY AA R N AA T ER AW N D,WHEN MY HUSBAND AND I ARE NOT AROUND,WHEN MY HUSBAND AND I ARE NOT AROUND,True
P L IY Z D OW N EY T N AW,PLEASE DONATE NOW,PLEASE DONATE NOW,False
D UW EH N T AY F ER G EH T M IY,DON'T FORGET ME,DON'T FORGET ME,False
DH IY Z AA R M AY W ER D Z,THESE ARE MY WORDS,THESE ARE MY WORDS,True
IH T W UH D HH AE V B IH N K AH M P L IY T L IY EY L IY AH N T UW DH AH R EH S T AH V L AH N D AH N,IT WOULD HAVE BEEN COMPLETELY ALIEN TO THE REST OF LONDON,IT WOULD HAVE BEEN COMPLETELY ALIEN TO THE REST OF LONDON,True
B AH T AY TH IH NG K W AH T W IY ' R EY S IY IH NG HH IY R IH Z K AY N D AH V DH AH B L UW P R IH N T,BUT I THINK WHAT WE'RE SEEING HERE IS KIND OF THE BLUEPRINT,BUT I THINK WHAT WE'RE SEEING HERE IS KIND OF THE BLUEPRINT,True
HH IY W AA Z S OW P AA P Y AH L ER,HE WAS SO POPULAR,HE WAS SO POPULAR,True
IH N S T EH D AH V B IY IH NG S AH M W AH N EH S AA R M K AE N D IY,INSTEAD OF BEING SOMEONE'S ARM CANDY,INSTEAD OF BEING SOMEONE'S ARM CANDY,False
AY IH K S P EH K T AH D Y UW T UW HH AE V AH P AE S T,I EXPECTED YOU TO HAVE A PAST,I EXPECTED YOU TO HAVE A PAST,True
S IY HH AW M AH CH IH T K AH M Z T UW,SEE HOW MUCH IT COMES TO,SEE HOW MUCH IT COMES TO,True
AY P EY DH AH M AH N IY,I PAY THE MONEY,I PAY THE MONEY,True
OW V ER DH AH K AO R S AH V HH IH Z L AY F,OVER THE COURSE OF HIS LIFE,OVER THE COURSE OF HIS LIFE,True
W EH N IH T EH S F IH N IH SH T,WHEN IT'S FINISHED,WHEN IT'S FINISHED,True
B AH T B IH F AO R AY D UW,BUT BEFORE I DO,BUT BEFORE I DO,True
DH IH S HH AW S W IH L JH AH S T K AH M T AH G EH DH ER AH N D F L ER IH SH,THIS HOUSE WILL JUST COME TOGETHER AND FLOURISH,THIS HOUSE WILL JUST COME TOGETHER AND FLOURISH,False
EH N IY M AE N W UH D B IY P R AW D T UW HH AE V Y UW AE Z AH S AH N,ANY MAN WOULD BE PROUD TO HAVE YOU AS A SON,ANY MAN WOULD BE PROUD TO HAVE YOU AS A SON,True
AE T DH AH EH N D AH V DH AH D EY,AT THE END OF THE DAY,AT THE END OF THE DAY,True
G EH T DH EH M IH N T UW DH AH G AA R D AH N,GET THEM INTO THE GARDEN,GET THEM INTO THE GARDEN,False
DH IH S W AH N IH Z T OW T AH L IY AW T AH V K AH N T R OW L,THIS ONE IS TOTALLY OUT OF CONTROL,THIS ONE IS TOTALLY OUT OF CONTROL,True
B AH T IH T K AH M Z AH N D G OW Z,BUT IT COMES AND GOES,BUT IT COMES AND GOES,True
IH T EH S P AA R T AH V DH AH N AE SH AH N AH L G AA R D AH N Z S K IY M,IT'S PART OF THE NATIONAL GARDENS SCHEME,IT'S PART OF THE NATIONAL GARDENS SCHEME,False
AY TH IH NG K IH T EH S B R IH L Y AH N T,I THINK IT'S BRILLIANT,I THINK IT'S BRILLIANT,True
AH W AH N B EH D R UW M F ER S T F L AO R F L AE T,A ONE BEDROOM FIRST FLOOR FLAT,A ONE BEDROOM FIRST FLOOR FLAT,True
IH F IH T W AA Z G OW IH NG T UW B IY IH N K R IY S T,IF IT WAS GOING TO BE INCREASED,IF IT WAS GOING TO BE INCREASED,True
B AH T IH T EH S AH D IY S AH N T S AY Z,BUT IT'S A DECENT SIZE,BUT IT'S A DECENT SIZE,True
AY AH M N AA T M AE S IH V L IY HH AE P IY,I'M NOT MASSIVELY HAPPY,I'M NOT MASSIVELY HAPPY,True
IH F Y UW AA R L UH K IH NG R AW N D AA K SH AH N P R AA P ER T IY Z B IH F AO R DH AH AA K SH AH N,IF YOU ARE LOOKING ROUND AUCTION PROPERTIES BEFORE THE AUCTION,IF YOU ARE LOOKING ROUND AUCTION PROPERTIES BEFORE THE AUCTION,True
IH T EH S AH V EH R IY AH T R AE K T IH V G AY D P R AY S F AO R AH S AH B S T AE N CH AH L HH AW S S OW W EH L,IT'S A VERY ATTRACTIVE GUIDE PRICE FOR A SUBSTANTIAL HOUSE SO WELL,IT'S A VERY ATTRACTIVE GUIDE PRICE FOR A SUBSTANTIAL HOUSE SO WELL,True
D IH D DH EY G EH T IH T D AH N AA N T AY M AH N D F AO R DH AH R AY T M AH N IY,DID THEY GET IT DONE ON TIME AND FOR THE RIGHT MONEY,DID THEY GET IT DONE ON TIME AND FOR THE RIGHT MONEY,True
B AH T W AH T AH S ER P R AY Z W EH N Y UW K AH M IH N,BUT WHAT A SURPRISE WHEN YOU COME IN,BUT WHAT A SURPRISE WHEN YOU COME IN,True
B IH K AO Z IH T EH S F AE N T AE S T IH K,BECAUSE IT'S FANTASTIC,BECAUSE IT'S FANTASTIC,False
W AH T D UW Y UW TH IH NG K AH B AW T DH AE T,WHAT DO YOU THINK ABOUT THAT,WHAT DO YOU THINK ABOUT THAT,True
HH IY EH S L UH K IH NG T UW S EH L IH T,HE'S LOOKING TO SELL IT,HE'S LOOKING TO SELL IT,True
IH T EH S N AA T AE Z IY Z IY AE Z IH T L UH K S,IT'S NOT AS EASY AS IT LOOKS,IT'S NOT AS EASY AS IT LOOKS,True
S T IH K T UW W AH T Y UW ' R EY G UH D AE T,STICK TO WHAT YOU'RE GOOD AT,STICK TO WHAT YOU'RE GOOD AT,True
DH AE T IH Z IH M P AO R T AH N T,THAT IS IMPORTANT,THAT IS IMPORTANT,False
B AH T HH IY D IH D R IH L IY W EH L,BUT HE DID REALLY WELL,BUT HE DID REALLY WELL,True
AH N D D UW W AH T AY Y UW Z D T UW D UW W EH N AY W AA Z AH L IH T AH L B OY,AND DO WHAT I USED TO DO WHEN I WAS A LITTLE BOY,AND DO WHAT I USED TO DO WHEN I WAS A LITTLE BOY,True
AY AH M S T AA R T IH NG AH P AH V EH N Y UW F AO R Y AE NG K HH AA L AH D EY M EY K ER Z AA N AE N AY L AH N D AE T B AH HH AA M AH Z,I'M STARTING UP A VENUE FOR YANK HOLIDAY MAKERS ON AN ISLAND AT BAHAMAS,I'M STARTING UP A VENUE FOR YANK HOLIDAY MAKERS ON AN ISLAND AT BAHAMAS,True
AY K UH D EH N T AY R EH D IH T,I COULDN'T READ IT,I COULDN'T READ IT,True
IH K S EH P T AE Z AH L AE S T R IH Z AO R T,EXCEPT AS A LAST RESORT,EXCEPT AS A LAST RESORT,True
Y UW N EH V ER N OW B AY DH AH EH N D AH V DH AH B IH L D,YOU NEVER KNOW BY THE END OF THE BUILD,YOU NEVER KNOW BY THE END OF THE BUILD,True
AY N OW IH T K AH M Z W IH DH P L AE N IH NG P ER M IH SH AH N,I KNOW IT COMES WITH PLANNING PERMISSION,I KNOW IT COMES WITH PLANNING PERMISSION,True
B AH T W IY ' R EY G OW IH NG T UW IH M P R UW V AA N TH IH NG Z L AY K DH AH G R IY N R UW F,BUT WE'RE GOING TO IMPROVE ON THINGS LIKE THE GREEN ROOF,BUT WE'RE GOING TO IMPROVE ON THINGS LIKE THE GREEN ROOF,True
W IY ' V IY G AA T AH G R EY T R IY L EY SH AH N SH IH P,WE'VE GOT A GREAT RELATIONSHIP,WE'VE GOT A GREAT RELATIONSHIP,False
W EH R IH Z DH AH G AE S,WHERE IS THE GAS,WHERE IS THE GAS,True
S AH M M EH M B ER Z AH V DH AH P AH B L IH K D UW EH N T AY K W AY T AH N D ER S T AE N D L IY S HH OW L D,SOME MEMBERS OF THE PUBLIC DON'T QUITE UNDERSTAND LEASEHOLD,SOME MEMBERS OF THE PUBLIC DON'T QUITE UNDERSTAND LEASEHOLD,True
IH F Y UW L AY V D IH N DH AH B IH L D IH NG,IF YOU LIVED IN THE BUILDING,IF YOU LIVED IN THE BUILDING,True
W UH D Y UW W AA N T N UW N EY B ER Z EH V ER IY W IY K AO R EH V ER IY F AO R T N AY T,WOULD YOU WANT NEW NEIGHBOURS EVERY WEEK OR EVERY FORTNIGHT,WOULD YOU WANT NEW NEIGHBOURS EVERY WEEK OR EVERY FORTNIGHT,True
B AH T AY TH IH NG K HH IY EH S AO L R EH D IY L ER N D S AH M R IH L IY IH M P AO R T AH N T P R AA P ER T IY L EH S AH N Z,BUT I THINK HE'S ALREADY LEARNED SOME REALLY IMPORTANT PROPERTY LESSONS,BUT I THINK HE'S ALREADY LEARNED SOME REALLY IMPORTANT PROPERTY LESSONS,True
CH UW Z IH NG AH G UH D L OW K EY SH AH N,CHOOSING A GOOD LOCATION,CHOOSING A GOOD LOCATION,False
Y UW HH AE V T UW HH OW L D Y AO R N ER V,YOU HAVE TO HOLD YOUR NERVE,YOU HAVE TO HOLD YOUR NERVE,True
HH UW EH S V EH R IY M AH CH IH N T UW F AE M AH L IY HH IH S T ER IY,WHO'S VERY MUCH INTO FAMILY HISTORY,WHO'S VERY MUCH INTO FAMILY HISTORY,True
W IY D UW EH N T AY W AA N T T UW S P EH N D M AO R DH AE N,WE DON'T WANT TO SPEND MORE THAN,WE DON'T WANT TO SPEND MORE THAN,True
IH T S ER T AH N L IY W OW EH N T AY B IY,IT CERTAINLY WON'T BE,IT CERTAINLY WON'T BE,True
AY TH IH NG K S AH M TH IH NG D R AE S T IH K N IY D Z T UW B IY D AH N,I THINK SOMETHING DRASTIC NEEDS TO BE DONE,I THINK SOMETHING DRASTIC NEEDS TO BE DONE,True
W AH T D UW Y UW N OW AH B AW T IH T,WHAT DO YOU KNOW ABOUT IT,WHAT DO YOU KNOW ABOUT IT,True
AY AH M R AY T IH N S EY IH NG DH AE T,I'M RIGHT IN SAYING THAT,I'M RIGHT IN SAYING THAT,True
T AY M HH AE Z P AE S T,TIME HAS PASSED,TIME HAS PASSED,True
S OW L EH T EH S G OW B AE K AH N D F AY N D AW T,SO LET'S GO BACK AND FIND OUT,SO LET'S GO BACK AND FIND OUT,True
AY AH M V EH R IY IH M P R EH S T,I'M VERY IMPRESSED,I'M VERY IMPRESSED,True
DH AH B EH S T B AA R G AH N Z,THE BEST BARGAINS,THE BEST BARGAINS,False
N AA T K W AY T AE Z HH AY,NOT QUITE AS HIGH,NOT QUITE AS HIGH,True
IH T EH S AH P L AH S P OY N T,IT'S A PLUS POINT,IT'S A PLUS POINT,False
AA N DH AH F EY S AH V IH T,ON THE FACE OF IT,ON THE FACE OF IT,False
DH AH F ER S T AH N D S EH K AH N D F L AO R F L AE T S,THE FIRST AND SECOND FLOOR FLATS,THE FIRST AND SECOND FLOOR FLATS,False
AE Z AH R IH Z AH L T AH V S M OW K IH NG,AS A RESULT OF SMOKING,AS A RESULT OF SMOKING,False
W IY ' L EH L G IH V IH T AH T R AY,WE'LL GIVE IT A TRY,WE'LL GIVE IT A TRY,False
G OW T UW DH AH P R EH S,GO TO THE PRESS,GO TO THE PRESS,True
L ER N IH NG DH AH R OW P S,LEARNING THE ROPES,LEARNING THE ROPES,False
EY T F IY T T AO L,EIGHT FEET TALL,EIGHT FEET TALL,True
AH N D DH AH R IY Z AH N F AO R DH AE T,AND THE REASON FOR THAT,AND THE REASON FOR THAT,True
AH L IH T AH L S AE K S AH F R AE G T,A LITTLE SAXIFRAGE,A LITTLE SAXOPHONE RAG,False
W EH R EH V ER Y UW AA R,WHEREVER YOU ARE,WHEREVER YOU ARE,True
IH T M EY B IY AH M IH N IY AH CH UH R K AH M P EH R D T UW DH AE T,IT MAY BE A MINIATURE COMPARED TO THAT,IT MAY BE A MINIATURE COMPARED TO THAT,True
AY K AE N P L AE N T DH EH M IH N DH AE T S P AA T,I CAN PLANT THEM IN THAT SPOT,I CAN PLANT THEM IN THAT SPOT,True
S AH M T AY M Z IH T D AH Z EH N T AY,SOMETIMES IT DOESN'T,SOMETIMES IT DOESN'T,False
AY TH IH NG K IH T L UH K S G R EY T,I THINK IT LOOKS GREAT,I THINK IT LOOKS GREAT,True
DH AE T EH S K W AY T AH L AA R JH L IY F,THAT'S QUITE A LARGE LEAF,THAT'S QUITE A LARGE LEAF,False
AH N D IH T EH S AH G R EY T W EY T UW IY T IH T,AND IT'S A GREAT WAY TO EAT IT,AND IT'S A GREAT WAY TO EAT IT,True
DH AE T F ER S T M IY T IH NG,THAT FIRST MEETING,THAT FIRST MEETING,False
B AH T N AW W IY HH AE V DH IY Z V AY R AH S AH Z,BUT NOW WE HAVE THESE VIRUSES,BUT NOW WE HAVE THESE VIRUSES,True
S K W ER AH L P AA K S V AY R AH S,SQUIRREL POX VIRUS,SQUIRELL POX VIRUS,False
K AA Z AH Z IH T N OW HH AA R M,CAUSES IT NO HARM,CAUSES IT NO HARM,True
B AH T N AA T F AO R M IY AE Z AH F AA R M ER,BUT NOT FOR ME AS A FARMER,BUT NOT FOR ME AS A FARMER,True
IH T EH S DH AE T S IH M P AH L,IT'S THAT SIMPLE,IT'S THAT SIMPLE,False
DH IH S R IH L IY IH Z AH T EY L AH V T UW S IH T IY Z,THIS REALLY IS A TALE OF TWO CITIES,THIS REALLY IS A TALE OF TWO CITIES,True
IH T EH S AH L AO NG W EY F R AH M HH OW M,IT'S A LONG WAY FROM HOME,IT'S A LONG WAY FROM HOME,True
AE Z Y UW EH N T ER DH AH R IH R P AA R T AH V DH AH SH AA P,AS YOU ENTER THE REAR PART OF THE SHOP,AS YOU ENTER THE REAR PART OF THE SHOP,True
L AA T S AH V TH IH NG Z T UW TH IH NG K AH B AW T,LOTS OF THINGS TO THINK ABOUT,LOTS OF THINGS TO THINK ABOUT,True
AY AH M S T IH L HH AE P IY,I'M STILL HAPPY,I'M STILL HAPPY,False
Y UW M AH S T HH AE V AH P ER S IH N IH L K IY,YOU MUST HAVE A PERSONAL KEY,YOU MUST HAVE A PERSONAL KEY,True
W IY W IH L OW N IH T T AH G EH DH ER,WE WILL OWN IT TOGETHER,WE WILL OWN IT TOGETHER,True
IH T W IH L B IY AH G R EY T IH N V EH S T M AH N T,IT WILL BE A GREAT INVESTMENT,IT WILL BE A GREAT INVESTMENT,True
AO R P R AA P ER T IY Z SH UH D AY S EY,OR PROPERTIES SHOULD I SAY,OR PROPERTIES SHOULD I SAY,True
P R IH T IY AA N DH AH AW T S AY D,PRETTY ON THE OUTSIDE,PRETTY ON THE OUTSIDE,False
B IH K AO Z IH T W AA Z AO F AH S AH Z,BECAUSE IT WAS OFFICES,BECAUSE IT WAS OFFICES,False
V EH R IY K L OW S B AY DH AH Y UW N AH V ER S AH T IY,VERY CLOSE BY THE UNIVERSITY,VERY CLOSE BY THE UNIVERSITY,True
G R AW N D F L AO R F L AE T,GROUND FLOOR FLAT,GROUND FLOOR FLAT,False
AY W UH D M AA R K AH T DH AE T,I WOULD MARKET THAT,I WOULD MARKET THAT,True
AE D AH N AH DH ER T EH N AA N,ADD ANOTHER TEN ON,ADD ANOTHER 10 ON,True
F AO R DH IH S P R AA P ER T IY,FOR THIS PROPERTY,FOR THIS PROPERTY,True
B AH T IH N DH IH S K EY S,BUT IN THIS CASE,BUT IN THIS CASE,True
W AH N B EH D R UW M AH P AA R T M AH N T S ER AW N D HH IY R AE T DH AH M OW M AH N T,ONE BEDROOM APARTMENTS AROUND HERE AT THE MOMENT,ONE BEDROOM APARTMENTS AROUND HERE AT THE MOMENT,True
P R AA B AH B L IY ER AW N D EY T AY V IH F,PROBABLY AROUND 85,PROBABLY AROUND 85,False
AH N D S IH N S DH AH K AH N V ER ZH AH N,AND SINCE THE CONVERSION,AND SINCE THE CONVERSION,False
R IY AH L IH S T IH K V AE L Y UW W AY Z,REALISTIC VALUE WISE,REALISTIC VALUE WISE,True
SH IY W AA Z AH F L AO D SH IH P,SHE WAS A FLAWED SHIP,SHE WAS A FLAWED SHIP,False
IY V IH N B IH F AO R SH IY EH N T ER D DH AH W AO T ER,EVEN BEFORE SHE ENTERED THE WATER,EVEN BEFORE SHE ENTERED THE WATER,False
V IH Z AH T IH NG AO L M OW S T AO L P AA R T S AH V DH AH EH M P AY ER,VISITING ALMOST ALL PARTS OF THE EMPIRE,VISITING ALMOST ALL PARTS OF THE EMPIRE,False
F R AH M S M AO L SH IH P S,FROM SMALL SHIPS,FROM SMALL SHIPS,False
IH Z IH T T R UW SH IY W AA Z,IS IT TRUE SHE WAS,IS IT TRUE SHE WAS,False
S AH M T AY M Z IH T EH S D IH F AH K AH L T T UW N OW W EH R,SOMETIMES IT'S DIFFICULT TO KNOW WHERE,SOMETIMES IT'S DIFFICULT TO KNOW WHERE,True
IH F Y UW IH N T EH N D T UW B IH D AA N AH P L EY S,IF YOU INTEND TO BID ON A PLACE,IF YOU INTEND TO BID ON A PLACE,True
IH T EH S HH AA R D T UW K AH M AH W EY F R AH M IH T,IT'S HARD TO COME AWAY FROM IT,IT'S HARD TO COME AWAY FROM IT,True
IH T S IY M Z AH V EH R IY G UH D L OW K EY SH AH N,IT SEEMS A VERY GOOD LOCATION,IT SEEMS A VERY GOOD LOCATION,True
B IH K AO Z AH V DH AH D IH M AE N D AH V DH AH M AA R K AH T,BECAUSE OF THE DEMAND OF THE MARKET,BECAUSE OF THE DEMAND OF THE MARKET,False
IH T M AY T B IY V AY AH B AH L,IT MIGHT BE VIABLE,IT MIGHT BE VIABLE,True
DH AE T EH S M AY K AY N D AH V L OW K EY SH AH N,THAT'S MY KIND OF LOCATION,THAT'S MY KIND OF LOCATION,False
W AH T W AA Z IH T DH AE T M EY D Y UW TH IH NG K,WHAT WAS IT THAT MADE YOU THINK,WHAT WAS IT THAT MADE YOU THINK,True
HH AW K AE N AY D UW DH AE T,HOW CAN I DO THAT,HOW CAN I DO THAT,True
D IH S T R OY IH NG DH AH P R AA P ER T IY,DESTROYING THE PROPERTY,DESTROYING THE PROPERTY,False
P Y UH R L IY B AY CH AE N S,PURELY BY CHANCE,PURELY BY CHANCE,True
AA R DH EY S T R AH G AH L IH NG AO R AA R DH EY F L AH SH T W IH DH S AH K S EH S,ARE THEY STRUGGLING OR ARE THEY FLUSHED WITH SUCCESS,ARE THEY STRUGGLING OR ARE THEY FLUSHED WITH SUCCESS,True
HH IY EH S M AY B IH L D ER,HE'S MY BUILDER,HE'S MY BUILDER,False
W IY P L EY D IH N AH B AE N D T AH G EH DH ER,WE PLAYED IN A BAND TOGETHER,WE PLAYED IN A BAND TOGETHER,True
AE F T ER JH AH S T AH K AH P AH L AH V D EY Z,AFTER JUST A COUPLE OF DAYS,AFTER JUST A COUPLE OF DAYS,False
JH AH S T L AY K EH N IY G UH D K AA M IH K B UH K V IH L AH N,JUST LIKE ANY GOOD COMIC BOOK VILLAIN,JUST LIKE ANY GOOD COMIC BOOK VILLAIN,False
AH N D DH EH N AH V K AO R S,AND THEN OF COURSE,AND THEN OF COURSE,True
D EH S P R IH T T UW P R UW V Y AO R B AH Z AA R TH IH R IY,DESPERATE TO PROVE YOUR BIZARRE THEORY,DESPERATE TO PROVE YOUR BIZARRE THEORY,True
B AH T S IH N S JH AE K EH S F ER S T D IH S K AH V ER IY,BUT SINCE JACK'S FIRST DISCOVERY,BUT SINCE JACK'S FIRST DISCOVERY,True
P R AH T EH K T AH D F R AH M DH AH P R IH V EY L IH NG W IH N D Z,PROTECTED FROM THE PREVAILING WINDS,PROTECTED FROM THE PREVAILING WINDS,False
S ER CH IH NG F AO R AE N S ER Z,SEARCHING FOR ANSWERS,SEARCHING FOR ANSWERS,True
W IY N OW W AH T DH EY AA R,WE KNOW WHAT THEY ARE,WE KNOW WHAT THEY ARE,True
DH EH R EH S N OW AA B V IY AH S R IY Z AH N,THERE'S NO OBVIOUS REASON,THERE'S NO OBVIOUS REASON,True
T EY K IH NG HH AO R T IH K AH L CH ER T UW DH AH IH K S T R IY M,TAKING HORTICULTURE TO THE EXTREME,TAKING HORTICULTURE TO THE EXTREME,True
DH AH HH OW L G AA R D AH N Z AA R IH K S T R AO R D AH N EH R IY AH N D,THE WHOLE GARDENS ARE EXTRAORDINARY AND,THE WHOLE GARDENS ARE EXTRAORDINARY AND,True
L AY K HH AH N D R AH D Z AH V TH AW Z AH N D Z AH V P IY P AH L D UW EH V ER IY Y IH R,LIKE HUNDREDS OF THOUSANDS OF PEOPLE DO EVERY YEAR,LIKE HUNDREDS OF THOUSANDS OF PEOPLE DO EVERY YEAR,True
B AH T N AW DH EH R EH S M AO R P R AH T EH K SH AH N,BUT NOW THERE'S MORE PROTECTION,BUT NOW THERE'S MORE PROTECTION,True
AH B AW T T W EH N T IY Y IH R Z AH G OW,ABOUT 20 YEARS AGO,ABOUT 20 YEARS AGO,True
AH N D AH K AH P AH L AH V W IY K S AH G OW,AND A COUPLE OF WEEKS AGO,AND A COUPLE OF WEEKS AGO,False
EH N JH OY DH AH S AH M ER,ENJOY THE SUMMER,ENJOY THE SUMMER,False
AA R DH EY R EH L AH T IH V Z AH V Y UH R Z,ARE THEY RELATIVES OF YOURS,ARE THEY RELATIVES OF YOURS,True
N AA T JH AH S T AH HH OW T EH L,NOT JUST A HOTEL,NOT JUST A HOTEL,True
B AH T DH AH W AO L D AO R F AE S T AO R IY AH,BUT THE WALDORF ASTORIA,BUT THE WALLDORF STORY,True
DH EY W UH D B IY EY B AH L T UW G OW B AE K,THEY WOULD BE ABLE TO GO BACK,THEY WOULD BE ABLE TO GO BACK,True
N AA T JH AH S T AH HH OW T EH L,NOT JUST A HOTEL,NOT JUST A HOTEL,True
N AA T JH AH S T IH N DH IH S T AW N,NOT JUST IN THIS TOWN,NOT JUST IN THIS TOWN,True
EH V ER IY S EH P T EH M B ER DH IH S P L EY S W UH D B IY T R AE N S F AO R M D IH N T UW W AH T W AA Z,EVERY SEPTEMBER THIS PLACE WOULD BE TRANSFORMED INTO WHAT WAS,EVERY SEPTEMBER THIS PLACE WOULD BE TRANSFORMED INTO WHAT WAS,True
F AO R OW V ER S EH V AH N HH AH N D R AH D Y IH R Z,FOR OVER 700 YEARS,FOR OVER 700 YEARS,True
S OW F R AH M HH IH Z V AE N T AH JH P OY N T,SO FROM HIS VANTAGE POINT,SO FROM HIS VANTAGE POINT,True
DH EH R IH Z N OW EH R S OW DH EH R IH Z N OW S AW N D,THERE IS NO AIR SO THERE IS NO SOUND,THERE IS NO AIR SO THERE IS_NO SOUND,True
W IH DH W AH N AH V DH AH R UW M Z AH P S T EH R Z,WITH ONE OF THE ROOMS UPSTAIRS,WITH ONE OF THE ROOMS UPSTAIRS,True
W IH CH IH Z OW N L IY T EH N M IH N AH T S AH W EY,WHICH IS ONLY 10 MINUTES AWAY,WHICH IS ONLY TEN MINUTES AWAY,True
DH IH S IH Z AH S W IY T,THIS IS A SWEET,THIS IS A SWEET,False
B IH F AO R W IY AO L G EH T T UW IH K S AY T AH D AH B AW T DH AE T P R AA S P EH K T,BEFORE WE ALL GET TOO EXCITED ABOUT THAT PROSPECT,BEFORE WE ALL GET TOO EXCITED ABOUT THAT PROSPECT,True
IH T K AE N B IY K W AY T IH K S P EH N S IH V,IT CAN BE QUITE EXPENSIVE,IT CAN BE QUITE EXPENSIVE,True
IH T EH S AH M AH L T IY K AH L CH ER AH L,IT'S A MULTICULTURAL,IT'S A MULTICULTURAL,False
AA N DH AH F EY S AH V IH T,ON THE FACE OF IT,ON THE FACE OF IT,False
B AY IH NG AH N UW B IH L D P R AA P ER T IY SH UH D M IY N Y UW D UW EH N T AY HH AE V EH N IY W ER K T UW D UW,BUYING A NEW BUILD PROPERTY SHOULD MEAN YOU DON'T HAVE ANY WORK TO DO,BUYING A NEW BUILD PROPERTY SHOULD MEAN YOU DON'T HAVE ANY WORK TO DO,True
S AH M IH SH UW Z W IH DH P AH T EH N SH AH L D AE M P,SOME ISSUES WITH POTENTIAL DAMP,SOME ISSUES WITH POTENTIAL DAMP,True
AH G R EY T P L EY S F AO R HH IH M T UW B IY,A GREAT PLACE FOR HIM TO BE,A GREAT PLACE FOR HIM TO BE,True
W IY HH AE V T UW P EY F AO R DH AE T,WE HAVE TO PAY FOR THAT,WE HAVE TO PAY FOR THAT,True
S OW R AE DH ER DH AE N JH AH S T R IY L AY IH NG AA N DH IH S IH N F ER M EY SH AH N,SO RATHER THAN JUST RELYING ON THIS INFORMATION,SO RATHER THAN JUST RELYING ON THIS INFORMATION,True
AO L AH V DH AH B R EY N IH Z K AH M B AY N IH NG AO L DH AH D IH F ER AH N T S EH N S IH Z,ALL OF THE BRAIN IS COMBINING ALL THE DIFFERENT SENSES,ALL OF THE BRAIN IS COMBINING ALL THE DIFFERENT SENSES,False
HH UW D AH Z EH N T AY HH AE V V IH ZH AH N,WHO DOESN'T HAVE VISION,WHO DOESN'T HAVE VISION,True
S OW Y UW HH AE V Y AO R B AE TH R UW M IH N DH IH S EH R IY AH AH N D DH EH N,SO YOU HAVE YOUR BATHROOM IN THIS AREA AND THEN,SO YOU HAVE YOUR BATHROOM IN THIS AREA AND THEN,True
W EH N AY S IY DH AE T,WHEN I SEE THAT,WHEN I SEE THAT,True
AH N D AY W UH D EH N T AY B IY S ER P R AY Z D,AND I WOULDN'T BE SURPRISED,AND I WOULDN'T BE SURPRISED,True
DH IH S IH Z V EH R IY S IH M AH L ER,THIS IS VERY SIMILAR,THIS IS VERY SIMILAR,True
AO R HH AE V DH EY IH N K AW N T ER D P R AA B L AH M Z,OR HAVE THEY ENCOUNTERED PROBLEMS,OR HAVE THEY ENCOUNTERED PROBLEMS,True
AH N D T ER N IH NG AH P S T EH R Z IH N T UW AE N OW P AH N P L AE N EH R IY AH IH Z D EH F AH N AH T L IY DH AH W EY T UW G OW,AND TURNING UPSTAIRS INTO AN OPEN PLAN AREA IS DEFINITELY THE WAY TO GO,AND TURNING UPSTAIRS INTO AN OPEN PLAN AREA IS DEFINITELY THE WAY TO GO,True
T R AE V AH L TH R IY M AY L Z F ER DH ER W EH S T AH N D Y UW D UW G EH T M AO R F AO R Y AO R M AH N IY,TRAVEL THREE MILES FURTHER WEST AND YOU DO GET MORE FOR YOUR MONEY,TRAVEL THREE MILES FURTHER WEST AND YOU DO GET MORE FOR YOUR MONEY,True
IH F DH AE T W AA Z F IH T AH D AW T,IF THAT WAS FITTED OUT,IF THAT WAS FITTED OUT,False
W IH L IH T B IY AH F AH N,WILL IT BE A FUN,WILL IT BE A FUN,True
F AE B Y AH L AH S P R AA JH EH K T F AO R DH EH M,FABULOUS PROJECT FOR THEM,FABULOUS PROJECT FOR THEM,True
W IH L IH T B IY AH B AH V P AA R,WILL IT BE ABOVE PAR,WILL IT BE ABOVE PAR,True
DH AE T EH S AE N AA P SH AH N,THAT'S AN OPTION,THAT'S AN OPTION,True
DH AE T EH S V EH R IY B AE D N UW Z,THAT'S VERY BAD NEWS,THAT'S VERY BAD NEWS,True
AH N D DH AE T EH S R IH L IY W EH L D AH N,AND THAT'S REALLY WELL DONE,AND THAT'S REALLY WELL DONE,True
IH T T EY K S HH AA R D W ER K,IT TAKES HARD WORK,IT TAKES HARD WORK,False
AH N D TH IH NG Z L AY K DH AE T W IY ' L EH L D UW AW ER S EH L V Z,AND THINGS LIKE THAT WE'LL DO OURSELVES,AND THINGS LIKE THAT WE'LL DO OURSELVES,True
DH IH S AA K SH AH N L AA T HH AE Z IH T IH N S P EY D Z,THIS AUCTION LOT HAS IT IN SPADES,THIS AUCTION LOT HAS IT IN SPACES,True
IH F Y UW K AH EH N T AY G OW AH P,IF YOU CAN'T GO UP,IF YOU CAN'T GO UP,True
IH T EH S K AO Z M EH T IH K L IY IH M P R UW V D K W AY T D R AE S T IH K L IY HH IY R,IT'S COSMETICALLY IMPROVED QUITE DRASTICALLY HERE,IT'S COS METICALLY IMPROVED QUITE DRASTICALLY HERE,True
AA N DH AH S EH K AH N D F L AO R,ON THE SECOND FLOOR,ON THE SECOND FLOOR,False
IH T EH S V EH R IY K L IY N,IT'S VERY CLEAN,IT'S VERY CLEAN,True
DH AH AH P L AY AH N S AH Z HH AE V B IH N D AH N N AY S L IY,THE APPLIANCES HAVE BEEN DONE NICELY,THE APPLIANCES HAVE BEEN DONE NICELY,True
IH T K UH D B IY Y AO R P AE S P AO R T T UW AH S M AO L F AO R CH AH N,IT COULD BE YOUR PASSPORT TO A SMALL FORTUNE,IT COULD BE YOUR PASSPORT TO A SMALL FORTUNE,True
IH N AH DH ER W ER D Z M EY D DH AH B EY S,IN OTHER WORDS MADE THE BASE,IN OTHER WORDS MADE THE BASE,True
G ER AA ZH AH N D T EH K N OW F AH NG K,GARAGE AND TECHNO FUNK,GARAGE AND TECHNO FUNK,False
EH N D AH V N OW V EH M B ER,END OF NOVEMBER,END OF NOVEMBER,False
L UH K AE T M IY AE T AO L,LOOK AT ME AT ALL,LOOK AT ME AT ALL,False
B IH K AO Z AY M AH S T S EY,BECAUSE I MUST SAY,BECAUSE I MUST SAY,True
DH AH F AA L OW IH NG S P R IH NG,THE FOLLOWING SPRING,THE FOLLOWING SPRING,False
OW V ER DH AH L AE S T F Y UW W IY K S,OVER THE LAST FEW WEEKS,OVER THE LAST FEW WEEKS,True
AH N D DH AE T EH S AO L AH B AW T,AND THAT'S ALL ABOUT,AND THAT'S ALL ABOUT,False
AY T EH N D T UW Y UW S N AE CH ER AH L B R IH T IH SH S T OW N,I TEND TO USE NATURAL BRITISH STONE,I TEND TO USE NATURAL BRITISH STONE,True
IH F Y UW T R AE V AH L DH AH W ER L D,IF YOU TRAVEL THE WORLD,IF YOU TRAVEL THE WORLD,True
HH IY R IH N DH IH S G R IY N HH AW S AH N D DH AH AH DH ER W AH N,HERE IN THIS GREENHOUSE AND THE OTHER ONE,HERE IN THIS GREENHOUSE AND THE OTHER ONE,True
AE Z L AO NG AE Z Y UW ' R EY K AA M,AS LONG AS YOU'RE CALM,AS LONG AS YOU'RE CALM,False
IH Z IH T AO L G UH D N UW Z,IS IT ALL GOOD NEWS,IS IT ALL GOOD NEWS,False
W AY AA R M EH N IY S UW P ER M AA R K IH T S S T AA P IH NG S EH L IH NG K EY JH D EH G Z,WHY ARE MANY SUPERMARKETS STOPPING SELLING CAGED EGGS,WHY ARE MANY SUPERMARKETS STOPPING SELLING CAGED EGGS,True
F R IY R EY N JH G UH D,FREE RANGE GOOD,FREE RANGE GOOD,False
T UW M EY K IH T W ER K,TO MAKE IT WORK,TO MAKE IT WORK,True
V EH R IY F Y UW R IH M EY N,VERY FEW REMAIN,VERY FEW REMAIN,True
T EY K IH NG IH T AO L IH N,TAKING IT ALL IN,TAKING IT ALL IN,True
W AH N N AO R DH ER N W EH L CH R UW L ER,ONE NORTHERN WELSH RULER,ONE NORTHERN WELSH RULER,True
F AO R DH AH F ER S T T AY M,FOR THE FIRST TIME,FOR THE FIRST TIME,True
F AO R M AH L IY AE K N AA L IH JH D HH IH Z T AY T AH L AE Z DH AH P R IH N S AH V W EY L Z,FORMALLY ACKNOWLEDGED HIS TITLE AS THE PRINCE OF WALES,FORMALLY ANALYSED HIS TITLE AS THE PRINCE OF WALES,True
AH N D HH IY R AA N T AA P AH V DH AH IY G AH L T AW ER,AND HERE ON TOP OF THE EAGLE TOWER,AND HERE ON TOP OF THE EAGLE TOWER,True
W IH CH IH Z N AW IH N S IH R IY AH,WHICH IS NOW IN SYRIA,WHICH IS NOW IN SURREY,True
AH K AO R D IH NG T UW L EH JH AH N D,ACCORDING TO LEGEND,ACCORDING TO LEGEND,True
IH T W AA Z AH B L AE NG K K AE N V AH S,IT WAS A BLANK CANVAS,IT WAS A BLANK CANVAS,True
IH N DH AH F ER S T Y IH R AH L OW N,IN THE FIRST YEAR ALONE,IN THE FIRST YEAR ALONE,True
AE Z SH IY L EY D AY IH NG,AS SHE LAY DYING,AS SHE LAY DYING,False
DH AH G AE R IH S AH N R IH S P AA N D IH D W IH DH AH HH EY L AH V AE R OW Z,THE GARRISON RESPONDED WITH A HAIL OF ARROWS,THE GARRISON RESPONDED WITH A HAIL OF ARROWS,True
AH N D W EH N Y UW ' R EY M UW V IH NG TH R UW EH N AH M IY T EH R IH T AO R IY,AND WHEN YOU'RE MOVING THROUGH ENEMY TERRITORY,AND WHEN YOU'RE MOVING THROUGH ENEMY TERRITORY,True
DH AH G AE R IH S AH N T R AY D T UW S ER EH N D ER B IH F AO R HH IY K UH D T R AY AW T HH IH Z N UW T OY,THE GARRISON TRIED TO SURRENDER BEFORE HE COULD TRY OUT HIS NEW TOY,THE GARRISON TRIED TO SENDER BIFF OR HE COULD TRY OUT HIS NEW TOY,True
HH IY AO R D ER D DH EH M B AE K IH N S AY D,HE ORDERED THEM BACK INSIDE,HE ORDERED THEM BACK INSIDE,False
Y UW D UW EH N T AY D IH Z ER V M AY G R EY S,YOU DON'T DESERVE MY GRACE,YOU DON'T DESERVE MY GRACE,True
T EY K IH NG N OW CH AE N S AH Z,TAKING NO CHANCES,TAKING NO CHANCES,True
T EH R IH NG IH T T UW DH AH G R AW N D,TEARING IT TO THE GROUND,TERRORISING TO THE GROUND,True
AH K AO R D IH NG T UW L EH JH AH N D,ACCORDING TO LEGEND,ACCORDING TO LEGEND,True
DH EH R W AA Z AH P ER K T EH L IH S,THERE WAS A PORTCULLIS,THERE WAS A URCELLA,True
P IY P AH L S AE T AA N DH AH S T EH R Z,PEOPLE SAT ON THE STAIRS,PEOPLE SAT ON THE STAIRS,False
W IH CH IH Z AY D IY L F AO R IH T,WHICH IS IDEAL FOR IT,WHICH IS IDEAL FOR IT,True
K R AE K S W IH L AH P IH R,CRACKS WILL APPEAR,CRACKS WILL APPEAR,False
S AH M W AH N K EY M AW T AH V AH N EY B ER IH NG P R AA P ER T IY AH N D S EH D,SOMEONE CAME OUT OF A NEIGHBOURING PROPERTY AND SAID,SOMEONE CAME OUT OF A NEIGHBOURING PROPERTY AND SAID,False
V EH R IY IH K S P EH N S IH V SH EH D,VERY EXPENSIVE SHED,VERY EXPENSIVE SHED,True
W IH TH AW T M AY S AH N G L AE S IH Z,WITHOUT MY SUNGLASSES,WITHOUT MY SUNGLASSES,False
IY V IH N DH AH F AO R P L EY,EVEN THE FOREPLAY,EVEN THE FOREPLAY,False
AH N D DH EH N W EH N IH T K EY M T UW HH IH Z S IH G N AH CH ER,AND THEN WHEN IT CAME TO HIS SIGNATURE,AND THEN WHEN IT CAME TO HIS SIGNATURE,True
IH T EH S AH B EY K IH NG SH OW,IT'S A BAKING SHOW,IT'S A BAKING SHOW,False
SH IY EH S P UH SH T HH ER S EH L F,SHE'S PUSHED HERSELF,SHE'S PUSHED HERSELF,False
IH T S AW N D Z R AO NG,IT SOUNDS WRONG,IT SOUNDS WRONG,False
W AH T HH AE V Y UW L ER N D,WHAT HAVE YOU LEARNED,WHAT HAVE YOU LEARNED,True
CH IH L D R AH N AH N D AH D AH L T S AH L AY K,CHILDREN AND ADULTS ALIKE,CHILDREN AND ADULTS ALIKE,False
DH AE T EH S AH SH AA K IH NG P ER S EH N T AH JH,THAT'S A SHOCKING PERCENTAGE,THAT'S A SHOCKING PERCENTAGE,False
AY AH M JH AH S T HH OW P F AH L,I'M JUST HOPEFUL,I'M JUST HOPEFUL,False
W IY HH AE V AH L AA T L EH S AE T M AH S F IH R AH B AH V AH S,WE HAVE A LOT LESS ATMOSPHERE ABOVE US,WE HAVE A LOT LESS ATMOSPHERE ABOVE US,True
N OW L AO NG G ER W UH D M EH ZH ER M AH N T B IY B EY S T AA N DH AH HH Y UW M AH N B AA D IY,NO LONGER WOULD MEASUREMENT BE BASED ON THE HUMAN BODY,NO LONGER WOULD MEASUREMENT BE BASED ON THE HUMAN BODY,True
N OW L AO NG G ER D IH P EH N D AH N T AA N DH AH S AH N,NO LONGER DEPENDENT ON THE SUN,NO LONGER DEPENDENT ON THE SUN,True
W AY L AY AH M S ER AW N D AH D B AY W AO T ER R AY T N AW,WHILE I'M SURROUNDED BY WATER RIGHT NOW,WHILE I'M SURROUNDED BY WATER RIGHT NOW,True
TH AE NG K S F AO R W AA CH IH NG,THANKS FOR WATCHING,THANKS FOR WATCHING,True
AW ER K AH N T IH N Y UW D P R EH SH ER,OUR CONTINUED PRESSURE,OUR CONTINUED PRESSURE,True
AH N D IH N F L AE M AH T AO R IY F OW T AH G R AE F,AND INFLAMMATORY PHOTOGRAPH,AND IN FLAMENCO PHOTOGRAPH,False
IH N F L AE M AH T AO R IY AO R T EH R AH B AH L IH M AH JH AH Z,INFLAMMATORY OR TERRIBLE IMAGES,IN FLAMMABLE OR TERRIBLE IMAGES,True
W IY HH AE V T UW L UH K AE T HH AW S AO D IY ER EY B IY AH,WE HAVE TO LOOK AT HOW SAUDI ARABIA,WE HAVE TO LOOK AT HOUSE AUDIERE ABY,True
IH N T ER M Z AH V B R IH T AH N,IN TERMS OF BRITAIN,IN TERMS OF BRITAIN,True
T UW DH AH AE V ER IH JH P ER S AH N,TO THE AVERAGE PERSON,TO THE AVERAGE PERSON,True
DH EH R EH S AH F EH R CH AE N S Y UW W IH L B IY,THERE'S A FAIR CHANCE YOU WILL BE,THERE'S A FAIR CHANCE YOU WILL BE,True
AH B AW T T UW M IH L Y AH N,ABOUT 2 MILLION,ABOUT 2 MILLION,False
W EH N IH T K AH M Z T UW DH AH IH SH UW AH V IY K W AH L M EH R IH JH,WHEN IT COMES TO THE ISSUE OF EQUAL MARRIAGE,WHEN IT COMES TO THE ISSUE OF EQUAL MARRIAGE,True
T UW AH L AW B AE D S ER V EY L AH N S T UW W IH DH ER AA N DH AH V AY N,TO ALLOW BAD SURVEILLANCE TO WITHER ON THE VINE,TO ALLOW BAD SURVEILLANCE TO WITHER ON THE VYNE,True
IH F Y UW D UW EH N T AY L AY K DH AH S L OW G AH N,IF YOU DON'T LIKE THE SLOGAN,IF YOU DON'T LIKE THE SLOGAN,True
Y UW HH AE V AH P R AA B L AH M W IH DH IH T,YOU HAVE A PROBLEM WITH IT,YOU HAVE A PROBLEM WITH IT,True
IH N AO L S IH R IY AH S N AH S,IN ALL SERIOUSNESS,IN ALL SERIOUSNESS,True
B AH T IH T HH AE Z IH S T AE B L IH SH T DH AH IH N F R AH S T R AH K CH ER AH V AH P AH L IY S S T EY T AH N D IH T K UH D B IY OW P AH N T UW AH B Y UW S IH N DH AH,BUT IT HAS ESTABLISHED THE INFRASTRUCTURE OF A POLICE STATE AND IT COULD BE OPEN TO ABUSE IN THE,BUT IT HAS ESTABLISHED THE INFRASTRUCTURE OF A POLICE STATE AND IT COULD BE OPEN TO ABUSE IN THE,True
AY HH AE V N AH TH IH NG T UW HH AY D,I HAVE NOTHING TO HIDE,I HAVE NOTHING TO HIDE,True
B EH T ER S T R IY T L AY T IH NG K AE N HH EH L P,BETTER STREET LIGHTING CAN HELP,BETTER STREET LIGHTING CAN HELP,True
DH AH N EH K S T JH EH N ER EY SH AH N,THE NEXT GENERATION,THE NEXT GENERATION,True
AY AH M N AA T JH EH R AH M IY V AY N,I'M NOT JEREMY VINE,I'M NOT JEREMY VINE,True
S T AE N D IH NG IH N F AO R Y AO R R EH G Y AH L ER HH OW S T F AO R W AH N W IY K OW N L IY,STANDING IN FOR YOUR REGULAR HOST FOR ONE WEEK ONLY,STANDING IN FOR YOUR REGULAR HOST FOR ONE WEEK ONLY,True
AH N D W AH T AH P R IH V L AH JH DH AE T IH Z,AND WHAT A PRIVILEGE THAT IS,AND WHAT A PRIVILEGE THAT IS,False
IH F Y UW ' R EY W AA CH IH NG,IF YOU'RE WATCHING,IF YOU'RE WATCHING,False
DH AE T EH S AO L F AO R DH IH S W IY K,THAT'S ALL FOR THIS WEEK,THAT'S ALL FOR THIS WEEK,True
D UW EH N T AY Y UW AH G R IY,DON'T YOU AGREE,DON'T YOU AGREE,True
AH K R AO S N AY N T IH F AY T ER M AY L Z,ACROSS 95 MILES,ACROSS 95 MILES,False
AH F L OW T IH NG HH OW T EH L,A FLOATING HOTEL,A FLOATING HOTEL,False
B AH T B IH F AO R DH AE T,BUT BEFORE THAT,BUT BEFORE THAT,True
AY K AH EH N T AY B IH L IY V IH T,I CAN'T BELIEVE IT,I CAN'T BELIEVE IT,True
IH N DH AH F AO R M AH V AH D IH Z ER T P L EY T,IN THE FORM OF A DESSERT PLATE,IN THE FORM OF A DESSERT PLATE,True
R AH G AA R D IH NG W AH N AH V B R IH T AH N EH S M OW S T N OW T AH D,REGARDING ONE OF BRITAIN'S MOST NOTED,REGARDING ONE OF BRITAIN'S MOST NOTED,True
DH AE T M EY K S AH G R AE N D T OW T AH L AH V S IH K S,THAT MAKES A GRAND TOTAL OF SIX,THAT MAKES A GRAND TOTAL OF 6,False
IH N AH M AA D ER N HH AW S,IN A MODERN HOUSE,IN A MODERN HOUSE,True
W IH TH AW T F ER DH ER AH D UW,WITHOUT FURTHER ADO,WITHOUT FURTHER ADO,False
DH AH P ER F EH K T P AY N T,THE PERFECT PINT,THE PERFECT PAINT,False
EH N IY TH IH NG K UH D HH AE P AH N,ANYTHING COULD HAPPEN,ANYTHING COULD HAPPEN,False
DH EY ' R EY AO L AH B AW T DH AH S EY M,THEY'RE ALL ABOUT THE SAME,THEY'RE ALL ABOUT THE SAME,False
W IY HH AE V R AH N AW T AH V T AY M,WE HAVE RUN OUT OF TIME,WE HAVE RUN OUT OF TIME,True
L UW IY Z AH N D K EH V IH N,LOUISE AND KEVIN,LOUISE AND KEVIN,False
N AW DH EY AA R G AE DH ER IH NG,NOW THEY ARE GATHERING,NOW THEY ARE GATHERING,True
AO L L AY F IH N DH AH AA R K T IH K,ALL LIFE IN THE ARCTIC,ALL LIFE IN THE ARCTIC,True
K UH D W IY ER EY N JH DH AE T,COULD WE ARRANGE THAT,COULD WE ARRANGE THAT,True
AY W AA Z F AY N Y EH S T ER D EY,I WAS FINE YESTERDAY,I WAS FINE YESTERDAY,True
L EH T EH S N AA T M EH S AH B AW T,LET'S NOT MESS ABOUT,LET'S NOT MESS ABOUT,True
W AH T AY K AE N T EH L Y UW,WHAT I CAN TELL YOU,WHAT I CAN TELL YOU,True
DH IH S IH Z S AW TH W EH L,THIS IS SOUTH WELL,THIS IS SOUTHWELL,False
DH AH R OW M AH N Z F EH L T DH EH R P R EH Z AH N S W AA Z S T R AO NG IH N AH F HH IY R,THE ROMANS FELT THEIR PRESENCE WAS STRONG ENOUGH HERE,THE ROMANS FELT THEIR PRESENCE WAS STRONG ENOUGH HERE,True
T UW S EY T UW DH AH K IH NG,TO SAY TO THE KING,TO SAY TO THE KING,True
W EH N HH IY W AA Z S T EY IH NG AE T DH AH P AE L AH S,WHEN HE WAS STAYING AT THE PALACE,WHEN HE WAS STAYING AT THE PALACE,True
HH OW M T UW AE N AE N AH M AH L DH AE T IH Z R AY T AE T DH AH T AA P AH V DH AH F UW D CH EY N,HOME TO AN ANIMAL THAT IS RIGHT AT THE TOP OF THE FOOD CHAIN,HOME TO AN ANIMAL THAT IS RIGHT AT THE TOP OF THE FOOD CHAIN,True
L IH T ER AH L IY T UW M IH N AH T S F R AH M DH AH EH R P AO R T,LITERALLY TWO MINUTES FROM THE AIRPORT,LITERALLY TWO MINUTES FROM THE AIRPORT,True
M EY B IY M AO R AH V S T IY L AH N D AY ER N,MAYBE MORE OF STEEL AND IRON,MAYBE MORE OF STEEL AND IRON,True
W IH CH M EH L T S M AO R AY S,WHICH MELTS MORE ICE,WHICH MELTS MORE ICE,True
TH IH NG K AH B AW T DH AH M EH L T IH NG S IY AY S,THINK ABOUT THE MELTING SEA ICE,THINK ABOUT THE MELTING ICE,True
AH G EH N OW P AH N T UW DH AH EH L AH M AH N T S,AGAIN OPEN TO THE ELEMENTS,AGAIN OPEN TO THE ELEMENTS,True
V EH R IY AH T R AE K T IH V Y AH NG W UH M AH N,VERY ATTRACTIVE YOUNG WOMAN,VERY ATTRACTIVE YOUNG WOMAN,True
AH N D DH AE T HH AE D AE N IH M P AO R T AH N T IH F EH K T,AND THAT HAD AN IMPORTANT EFFECT,AND THAT HAD AN IMPORTANT EFFECT,True
P R AH V AY D AH D B AY DH AH R EY L W EY Z,PROVIDED BY THE RAILWAYS,PROVIDED BY THE RAILWAYS,True
DH AH G R EY T TH IH NG AH B AW T DH AH R EY L W EY Z IH Z,THE GREAT THING ABOUT THE RAILWAYS IS,THE GREAT THING ABOUT THE RAILWAYS IS,False
EH V R IY W AH N ER AY V Z AE T DH AH S EY M P L EY S AE T DH AH S EY M T AY M,EVERYONE ARRIVES AT THE SAME PLACE AT THE SAME TIME,EVERYONE ARRIVES AT THESAME PLACE AT THE SAME TIME,False
DH EH R IH Z W AH N TH IH NG,THERE IS ONE THING,THERE IS ONE THING,True
IH T M AY T B IY B AA N F AY ER N AY T,IT MIGHT BE BONFIRE NIGHT,IT MIGHT BE BONFIRE NIGHT,True
AH V K AO R S IH T W IH L,OF COURSE IT WILL,OF COURSE IT WILL,True
T AH D EY EH S K AH N T EH S T AH N T S AA R,TODAY'S CONTESTANTS ARE,TODAY'S CONTESTANTS ARE,True
TH AE NG K S F AO R W AA CH IH NG,THANKS FOR WATCHING,THANKS FOR WATCHING,True
AY F IY L G IH L T IY W EH N AY AH M AE T HH OW M,I FEEL GUILTY WHEN I'M AT HOME,I FEEL GUILTY WHEN I'M AT HOME,True
AY W IH L AO L W EY Z N IY D Y UW,I WILL ALWAYS NEED YOU,I WILL ALWAYS NEED YOU,True
TH AE NG K Y UW V EH R IY M AH CH,THANK YOU VERY MUCH,THANK YOU VERY MUCH,True
AE Z Y UW M AY T S EY,AS YOU MIGHT SAY,AS YOU MIGHT SAY,True
B AH T M AY G UH D N AH S,BUT MY GOODNESS,BUT MY GOODNESS,True
AO L S OW N OW N AE Z AH T AE N D AH M,ALSO KNOWN AS A TANDEM,ALSO KNOWN AS A TANDEM,False
S OW AY TH IH NG K IH T IH Z AH P IY S AH V V EH R IY W AH N D IH M EH N SH AH N AH L L EH F T W IH NG P R AA P AH G AE N D AH,SO I THINK IT IS A PIECE OF VERY ONE DIMENSIONAL LEFT WING PROPAGANDA,SO I THINK IT IS A PIECE OF VERY ONE DIMENSIONAL LEFT WING PROPAGANDA,True
DH EH R IH Z AH HH Y UW JH K R AO S OW V ER B IH T W IY N DH AH T UW,THERE IS A HUGE CROSSOVER BETWEEN THE TWO,THERE IS A HUGE CROSS OVER BETWEEN THE TWO,True
T AE K S K R EH D IH T S AA R B EY S IH K L IY B EH N AH F IH T S,TAX CREDITS ARE BASICALLY BENEFITS,TAX CREDITS ARE BASICALLY BENEFITS,True
F AO R M ER L IY N OW N AE Z S AY M AH N,FORMERLY KNOWN AS SIMON,FORMERLY KNOWN AS SIMON,False
AY F IY L L AY K DH IH S,I FEEL LIKE THIS,I FEEL LIKE THIS,True
B IH K AO Z DH AE T EH S HH AW Y UW AA R AH P AA R T AH V S AH S AY AH T IY,BECAUSE THAT'S HOW YOU ARE A PART OF SOCIETY,BECAUSE THAT'S HOW YOU ARE A PART OF SOCIETY,True
B IH F AO R AY K EY M AW T,BEFORE I CAME OUT,BEFORE I CAME OUT,True
AO R M AO R K ER EH K T L IY K AW N S AH L Z,OR MORE CORRECTLY COUNCILS,OR MORE CORRECTLY COUNSELS,True
AH S P EH SH L IY AE Z IH T R IH L EY T S T UW CH IH L D R AH N,ESPECIALLY AS IT RELATES TO CHILDREN,ESPECIALLY AS IT RELATES TO CHILDREN,True
DH EY AA R CH IH L D R AH N,THEY ARE CHILDREN,THEY ARE CHILDREN,True
AY D UW HH OW P Y UW ' L EH L JH OY N AH S DH EH N,I DO HOPE YOU'LL JOIN US THEN,I DO HOPE YOU'LL JOIN US THEN,True
IH S L AA M AH L AW Z P AH L IH G AH M IY,ISLAM ALLOWS POLYGAMY,ISLAM ALLOWS POLIGAMY,False
IH F Y UW HH AE V EH N T AY K AA T IH T Y EH T,IF YOU HAVEN'T CAUGHT IT YET,IF YOU HAVEN'T CAUGHT IT YET,True
HH ER S EH L F K ER AH N T L IY L ER N IH NG T UW S AY N,HERSELF CURRENTLY LEARNING TO SIGN,HERSELF CURRENTLY LEARNING TO SIGN,True
S AH M P IY P AH L HH IY R T AH N AY T P R AH F ER S AH B T AY T AH L Z,SOME PEOPLE HERE TONIGHT PREFER SUBTITLES,SOME PEOPLE HERE TONIGHT PREFER SUBTITLES,True
SH UH R L IY AE Z AH M AE T ER AH V P R IH N S AH P AH L,SURELY AS A MATTER OF PRINCIPLE,SURELY AS A MATTER OF PRINCIPLE,True
IH F Y UW ' R EY W AA CH IH NG,IF YOU'RE WATCHING,IF YOU'RE WATCHING,False
S T AE N D ER D R EY T S AH P L AY,STANDARD RATES APPLY,STANDARD RATES APPLY,False
HH AE Z EH N T AY T AY M F L OW N,HASN'T TIME FLOWN,HASN'T TIME FLOWN,False
IH N DH AH M IY N T AY M,IN THE MEANTIME,IN THE MEANTIME,True
W EH N M AY HH AH Z B AH N D AH N D AY AA R N AA T ER AW N D,WHEN MY HUSBAND AND I ARE NOT AROUND,WHEN MY HUSBAND AND I ARE NOT AROUND,True
AE S K IH NG F AO R P ER M IH SH AH N,ASKING FOR PERMISSION,ASKING FOR PERMISSION,True
AH N D IH T W AA Z T OW T AH L IY N AO R M AH L,AND IT WAS TOTALLY NORMAL,AND IT WAS TOTALLY NORMAL,False
DH AE T S AW N D Z L AY K AH P R IH T IY K R EY Z IY JH AA B F AO R EH N IY W AH N T UW B IY D UW IH NG,THAT SOUNDS LIKE A PRETTY CRAZY JOB FOR ANYONE TO BE DOING,THAT SOUNDS LIKE A PRETTY CRAZY JOB FOR ANYONE TO BE DOING,True
AO L M AY F IH NG G ER Z W ER HH AE NG IH NG AO F,ALL MY FINGERS WERE HANGING OFF,ALL MY FINGERS WERE HANGING OFF,False
AY W EH N T T UW Y UW S M AY R AY T AA R M,I WENT TO USE MY RIGHT ARM,I WENT TO USE MY RIGHT ARM,True
HH IY W AA Z SH AA T AH N D K IH L D,HE WAS SHOT AND KILLED,HE WAS SHOT AND KILLED,False
IH F AY D IH D EH N T AY HH AE V HH ER,IF I DIDN'T HAVE HER,IF I DIDN'T HAVE HER,True
B AH T AE T DH AH S EY M T AY M,BUT AT THE SAME TIME,BUT AT THE SAME TIME,True
AY AH M W IH DH M AA R K T W EY N L AY Z,I'M WITH MARK TWAIN LIES,I'M WITH MARK TWAIN LIES,True
IH T EH S DH AH IH N T ER N EH T,IT'S THE INTERNET,IT'S THE INTERNET,False
AH N D AY AH M W AO R N IH NG Y UW,AND I'M WARNING YOU,AND I'M WARNING YOU,True
IH N DH AH B EY S M AH N T,IN THE BASEMENT,IN THE BASEMENT,True
DH EY HH AE V EH N T AY G AO N F AA R,THEY HAVEN'T GONE FAR,THEY HAVEN'T GONE FAR,False
T AY M N AW F AO R W AH N AH V DH AH G R EY T AH S T T IY V IY K AH M B AE K S AH V AW ER T AY M,TIME NOW FOR ONE OF THE GREATEST TV COMEBACKS OF OUR TIME,TIME NOW FOR ONE OF THE GREATEST TV COME BACKS OF OUR TIME,True
HH EH R AH L D IH N N EY B ER Z,HAROLD IN NEIGHBOURS,HAROLD IN NEIGHBOURS,True
W IY N IY D T UW S T AA R T L EY ER IH NG,WE NEED TO START LAYERING,WE NEED TO START LAYERING,True
W AH N W AA Z AH P AY L AH T,ONE WAS A PILOT,ONE WAS A PILOT,True
S ER EH N D ER W AA Z N AA T AE N AA P SH AH N,SURRENDER WAS NOT AN OPTION,SURRENDER WAS NOT AN OPTION,True
M EH N IY W ER T IY N EY JH ER Z AH B AW T T UW G EH T DH EH R F ER S T T EY S T AH V W AO R,MANY WERE TEENAGERS ABOUT TO GET THEIR FIRST TASTE OF WAR,MANY WERE TEENAGERS ABOUT TO GET THEIR FIRST TASTE OF WAR,True
AY AH M T EH R AH B L IY S AA R IY,I'M TERRIBLY SORRY,I'M TERRIBLY SORRY,False
HH IY D AY D DH AE T V EH R IY F ER S T D EY,HE DIED THAT VERY FIRST DAY,HE DIED THAT VERY FIRST DAY,True
DH IH S IH Z W AH N AH V DH AH K W EH S CH AH N Z,THIS IS ONE OF THE QUESTIONS,THIS IS ONE OF THE QUESTIONS,True
S EH L AH B R EY T IH NG W AH N HH AH N D R AH D Y IH R Z AH V W AO R F IH L M Z,CELEBRATING 100 YEARS OF WAR FILMS,CELEBRATING 100 YEARS OF WAR FILMS,True
W EH R AY AH M G OW IH NG,WHERE I'M GOING,WHERE I'M GOING,True
B AH T T EH N Y IH R Z AH G OW,BUT TEN YEARS AGO,BUT TEN YEARS AGO,True
IH T K UH D EH N D T AH N AY T,IT COULD END TONIGHT,IT COULD END TONIGHT,False
B AE K IH N S IY EH R AH L IY OW N,BACK IN SIERRA LEONE,BACK IN SIERRA LEONE,True
AH N D DH IH S W AA Z EH N T AY AH N Y UW ZH AH W AH L,AND THIS WASN'T UNUSUAL,AND THIS WASN'T UNUSUAL,False
AE Z W EH L AE Z DH AH B AA D IY,AS WELL AS THE BODY,AS WELL AS THE BODY,False
G IH V IH NG HH OW P AH N D K EH R T UW AH DH ER Z IH Z S AH M TH IH NG AW ER AA R M D F AO R S IH Z D UW W IH TH AW T K W EH S CH AH N,GIVING HOPE AND CARE TO OTHERS IS SOMETHING OUR ARMED FORCES DO WITHOUT QUESTION,GIVING HOPE AND CARE TO OTHERS IS SOMETHING OUR ARMED FORCES DO WITHOUT QUESTION,True
W IY HH ER D DH AH S T AO R IY AH V DH AH N ER S AE N AH K R AO S,WE HEARD THE STORY OF THE NURSE ANNA CROSS,WE HEARD THE STORY OF THE NURSE ANNE ACROSS,True
T UW HH AE V N OW K AA N T AE K T AE T AO L,TO HAVE NO CONTACT AT ALL,TO HAVE NO CONTACT AT ALL,True
SH IY N IY D Z T UW M EY K SH UH R DH AE T,SHE NEEDS TO MAKE SURE THAT,SHE NEEDS TO MAKE SURE THAT,True
DH EY D UW EH N T AY K AO L DH EH M T IY M P AA K AH T R AA K AH T F AO R N AH TH IH NG,THEY DON'T CALL THEM TEAM POCKET ROCKET FOR NOTHING,THEY DON'T CALL THEM TEAM POCKET ROCKET FOR NOTHING,True
Y UW ' V IY P R AA B AH B L IY G AA T Y UH R Z,YOU'VE PROBABLY GOT YOURS,YOU'VE PROBABLY GOT YOURS,True
AH N D DH AH W EH DH ER HH AE Z B IH N P ER F EH K T,AND THE WEATHER HAS BEEN PERFECT,AND THE WEATHER HAS BEEN PERFECT,True
K ER AH JH AH N D ER F AY ER,COURAGE UNDER FIRE,COURAGE UNDER FIRE,False
M OW S T AH V HH IH Z L AY F,MOST OF HIS LIFE,MOST OF HIS LIFE,False
DH IH S IH Z DH AH L AO R D AE SH K R AO F T G AE L ER IY,THIS IS THE LORD ASHCROFT GALLERY,THIS IS THE LORD ASHCROFT GALLERY,False
T R AE P T AH N D ER HH EH V IY AA R T IH L ER IY F AY ER,TRAPPED UNDER HEAVY ARTILLERY FIRE,TRAPPED UNDER HEAVY ARTILLERY FIRE,False
T EH N D EY Z B IH F AO R HH AE N D,TEN DAYS BEFOREHAND,TEN DAYS BEFOREHAND,False
DH AH P R EH Z AH D EH N T IH L EH K T HH AE Z M EH T W IH DH P R EH Z AH D EH N T OW B AA M AH,THE PRESIDENT ELECT HAS MET WITH PRESIDENT OBAMA,THE PRESIDENT ELECT HAS MET WITH PRESIDENT OBAMA,False
M IH S T ER T R AH M P T EY K S AO F AH S IH N JH AE N Y UW EH R IY,MR TRUMP TAKES OFFICE IN JANUARY,MR TRUMP TAKES OFFICE IN JANUARY,True
T AH D EY DH EY T AO K T AH B AW T DH AH P R AA S EH S AH V T R AE N Z IH SH AH N,TODAY THEY TALKED ABOUT THE PROCESS OF TRANSITION,TODAY THEY TALKED ABOUT THE PROCESS OF TRANSITION,False
W IY HH AE V AO L DH AH Y UW ZH AH W AH L S AH S P EH K T S,WE HAVE ALL THE USUAL SUSPECTS,WE HAVE ALL THE USUAL SUSPECTS,True
EH N IY W EH R IH N DH AH W ER L D,ANYWHERE IN THE WORLD,ANYWHERE IN THE WORLD,True
D EH M AH N S T R EY T S DH AH V AE L Y UW AH V G R IY N S P EY S,DEMONSTRATES THE VALUE OF GREEN SPACE,DEMONSTRATES THE VALUE OF GREEN SPACE,False
S OW T EH N K Y UW B IH K M EH T R AH S,SO TEN CUBIC METRES,SO 10 CUBIC METRES,True
AY JH AH S T K AH L AE P S T,I JUST COLLAPSED,I JUST COLLAPSED,True
AE Z W IY AH P R OW CH R IY M EH M B R AH N S S AH N D EY,AS WE APPROACH REMEMBRANCE SUNDAY,AS WE APPROACH REMEMBRANCE SUNDAY,True
AY ' V IY B IH N IH N V AA L V D W IH DH DH AH M IH L AH T EH R IY,I'VE BEEN INVOLVED WITH THE MILITARY,I'VE BEEN INVOLVED WITH THE MILITARY,True
DH AH AA R M D F AO R S IH Z,THE ARMED FORCES,THE ARMED FORCES,False
DH AE T N AA K AA N DH AH D AO R IH Z AH M OW M AH N T DH EY W IH L N EH V ER F ER G EH T,THAT KNOCK ON THE DOOR IS A MOMENT THEY WILL NEVER FORGET,THAT KNOCK ON THE DOOR IS A MOMENT THEY WILL NEVER FORGET,False
HH UW W AA Z K IH L D IH N AE F G AE N AH S T AE N,WHO WAS KILLED IN AFGHANISTAN,WHO WAS KILLED IN AFGHANISTAN,True
AA N AH R UW T IY N V IH Z AH T T UW AE N IH R AE K IY P AH L IY S S T EY SH AH N,ON A ROUTINE VISIT TO AN IRAQI POLICE STATION,ON A ROUTINE VISIT TO AN IRAQI POLICE STATION,True
K IH L IH NG HH IH M AH N D F AY V F R EH N D Z,KILLING HIM AND FIVE FRIENDS,KILLING HIM AND FIVE FRIENDS,True
IH T W OW EH N T AY T EY K AH M OW M AH N T,IT WON'T TAKE A MOMENT,IT WON'T TAKE A MOMENT,False
S OW W AH T IH Z DH AH EH T AH K AH T,SO WHAT IS THE ETIQUETTE,SO WHAT IS THE ETICETTE,True
W IH CH IH Z AH SH EY M,WHICH IS A SHAME,WHICH IS A SHAME,True
B IH T W IY N DH EH M N AW,BETWEEN THEM NOW,BETWEEN THEM NOW,False
AY HH AE V HH AE D M AY F IH T IH NG N AW,I HAVE HAD MY FITTING NOW,I HAVE HAD MY FITTING NOW,True
M IH S T ER K AA N S P IY K IH NG,MR KHAN SPEAKING,MR CON SPEAKING,True
IH F W IY HH AE V L ER N D W AH N TH IH NG OW V ER DH AH P AE S T Y IH R,IF WE HAVE LEARNED ONE THING OVER THE PAST YEAR,IF WE HAVE LEARNED ONE THING OVER THE PAST YEAR,True
AY D UW EH N T AY R IH L IY W AA N T T UW G OW,I DON'T REALLY WANT TO GO,I DON'T REALLY WANT TO GO,True
R AY Z IH NG AH B AH V IH T,RISING ABOVE IT,RISING ABOVE IT,False
DH AH OW L IH M P IH K S W IH M ER,THE OLYMPIC SWIMMER,THE OLYMPIC SWIMMER,False
AY W IH SH AY W AA Z M AO R L AY K Y UW,I WISH I WAS MORE LIKE YOU,I WISH I WAS MORE LIKE YOU,True
W AY D UW EH N T AY W IY AO L JH AH S T G EH T AH L AO NG,WHY DON'T WE ALL JUST GET ALONG,WHY DON'T WE ALL JUST GET ALONG,True
AH T R AY B AH L N EY SH AH N,A TRIBAL NATION,A TRIBAL NATION,False
W IH CH AH P S EH T S AH M AH V AW ER F IY M EY L R EH Z IH D AH N T S,WHICH UPSET SOME OF OUR FEMALE RESIDENTS,WHICH UPSETS SOME OF OUR FEMALE RESIDENTS,True
TH AE NG K S F AO R W AA CH IH NG,THANKS FOR WATCHING,THANKS FOR WATCHING,True
P W EH R T OW R IY K AH N S T AY L,PUERTO RICAN STYLE,PWHERE TO RECREATE,False
IH T W AA Z R IH L IY N AY S,IT WAS REALLY NICE,IT WAS REALLY NICE,False
Y UW W OW EH N T AY HH AE V L AO NG,YOU WON'T HAVE LONG,YOU WON'T HAVE LONG,True
AA N DH IH S R IY M EH M B R AH N S W IY K EH N D,ON THIS REMEMBRANCE WEEKEND,ON THIS REMEMBRANCE WEEKEND,False
AE N AA P ER T UW N AH T IY T UW P EY T R IH B Y UW T T UW AO L M EH M B ER Z AH V DH AH AA R M D F AO R S IH Z,AN OPPORTUNITY TO PAY TRIBUTE TO ALL MEMBERS OF THE ARMED FORCES,AN OPPORTUNITY TO PAY TRIBUTE TO ALL MEMBERS OF THE ARMED FORCES,True
IH F Y UW ' V IY G AA T IH T,IF YOU'VE GOT IT,IF YOU'VE GOT IT,False
W IY W UH D L AH V T UW S EH L IH T,WE WOULD LOVE TO SELL IT,WE WOULD LOVE TO SELL IT,True
W IY W UH D L AH V T UW S IY Y UW,WE WOULD LOVE TO SEE YOU,WE WOULD LOVE TO SEE YOU,True
OW N L IY S EH V AH N P L EY S AH Z R IH M EY N,ONLY SEVEN PLACES REMAIN,ONLY SEVEN PLACES REMAIN,False
L AY K M EH N IY AH DH ER Z,LIKE MANY OTHERS,LIKE MANY OTHERS,False
G R EY T L EH N ER D K OW AH N,GREAT LEONARD COHEN,GREAT LENARD COHEN,False
AY L AH V W EH D IH NG Z,I LOVE WEDDINGS,I LOVE WEDDINGS,True
AY ' V IY G AA T AH B EH T ER AY D IY AH,I'VE GOT A BETTER IDEA,I'VE GOT A BETTER IDEA,False
W AY D UW EH N T AY W IY AO L AA B JH EH K T,WHY DON'T WE ALL OBJECT,WHY DON'T WE ALL OBJECT,True
DH AE T W AA Z AH M EY Z IH NG,THAT WAS AMAZING,THAT WAS AMAZING,False
IH T W AA Z AE N IH N K R EH D AH B AH L P ER F AO R M AH N S,IT WAS AN INCREDIBLE PERFORMANCE,IT WAS AN INCREDIBLE PERFORMANCE,True
IH T W AA Z IH N K R EH D AH B AH L EH N T ER T EY N M AH N T,IT WAS INCREDIBLE ENTERTAINMENT,IT WAS INCREDIBLE ENTERTAINMENT,False
AH P AH N T IH L L AE S T W IY K,UP UNTIL LAST WEEK,UP UNTIL LAST WEEK,True
DH AH M AE N T EY K S DH AH L EH D,THE MAN TAKES THE LEAD,THE MAN TAKES THE LEAD,True
IH T EH S T AY M N AW F AO R EH V R IY TH IH NG IH N B IH T W IY N,IT'S TIME NOW FOR EVERYTHING IN BETWEEN,IT'S TIME NOW FOR EVERYTHING IN BETWEEN,True
AY R IH L IY AH P R IY SH IY EY T IH T,I REALLY APPRECIATE IT,I REALLY APPRECIATE IT,True
IH T EH S AO L B EY S T AA N DH IH S F IH F T IY IH T P EY JH R IY P AO R T P R IY P EH R D F AO R DH AH Y UH R AH P IY AH N K AH M IH SH AH N,IT'S ALL BASED ON THIS 58 PAGE REPORT PREPARED FOR THE EUROPEAN COMMISSION,IT'S ALL BASED ON THIS 58 PAGE REPORT PREPARED FOR THE EUROPEAN COMMISSION,True
B AH T W EH N Y UW L UH K IH N S AY D,BUT WHEN YOU LOOK INSIDE,BUT WHEN YOU LOOK INSIDE,True
DH EY G EH T L AO S T AA N DH AH W EY HH OW M,THEY GET LOST ON THE WAY HOME,THEY GET LOST ON THE WAY HOME,True
AH N D Y UW ' V IY G AA T EH V ER IY R AY T T UW B IY,AND YOU'VE GOT EVERY RIGHT TO BE,AND YOU'VE GOT EVERY RIGHT TO BE,True
HH AE V IH NG S EH D DH AE T,HAVING SAID THAT,HAVING SAID THAT,False
DH AE T W AA Z F AE S T AH N D F Y UH R IY AH S,THAT WAS FAST AND FURIOUS,THAT WAS FAST AND FURIOUS,False
D AH N AH N D D AH S T IH D,DONE AND DUSTED,DONE AND DUSTED,True
DH AE T EH S N AA T AE N EY N CH AH N T R OW M AH N M AE S K,THAT'S NOT AN ANCIENT ROMAN MASK,THAT'S NOT AN ANCIENT ROMAN MASK,True
HH IY EH S JH AE P AH N IY Z M EY D,HE'S JAPANESE MADE,HE'S JAPANESE MADE,True
W IH CH AH L AA T AH V DH EH M W ER,WHICH A LOT OF THEM WERE,WHICH A LOT OF THEM WERE,True
AW ER JH ER N IY IH Z EH N T AY OW V ER Y EH T,OUR JOURNEY ISN'T OVER YET,OUR JOURNEY ISN'T OVER YET,True
AH N D IH T EH S N AA T JH AH S T EH N IY OW L D T UW Z D IY,AND IT'S NOT JUST ANY OLD TUESDAY,AND IT'S NOT JUST ANY OLD TUESDAY,True
HH UW N UW DH AE T W AH N M AE N,WHO KNEW THAT ONE MAN,WHO KNEW THAT ONE MAN,True
B AH T IH T M AY T B IY T UW L EY T B AY DH EH N,BUT IT MIGHT BE TOO LATE BY THEN,BUT IT MIGHT BE TOO LATE BY THEN,True
AY D UW EH N T AY TH IH NG K S OW,I DON'T THINK SO,I DON'T THINK SO,True
F R AH M W AH T W IY N OW,FROM WHAT WE KNOW,FROM WHAT WE KNOW,True
TH AE NG K Y UW V EH R IY M AH CH,THANK YOU VERY MUCH,THANK YOU VERY MUCH,True
G R EY AH M B AE R AH N AE SH,GRAHAM BARON ASH,GRAHAM BARRON AS,True
AH N D DH EY W ER DH AH F ER S T P IY P AH L,AND THEY WERE THE FIRST PEOPLE,AND THEY WERE THE FIRST PEOPLE,False
ER L IY ER DH IH S M AH N TH,EARLIER THIS MONTH,EARLIER THIS MONTH,False
IH T W AA Z B R IH L Y AH N T,IT WAS BRILLIANT,IT WAS BRILLIANT,False
F ER N IH CH ER AO R AA B JH EH K T S L AY K DH AE T,FURNITURE OR OBJECTS LIKE THAT,FURNITURE OR OBJECTS LIKE THAT,True
IH T W AA Z M EY D IH N JH ER M AH N IY,IT WAS MADE IN GERMANY,IT WAS MADE IN GERMANY,True
N OW W AH N W UH D L UH K T W AY S,NO ONE WOULD LOOK TWICE,NO ONE WOULD LOOK TWICE,True
AH N D AY AH M P R IH T IY SH UH R HH IH Z P UH SH B AY K K EY M IH N V EH R IY HH AE N D IY,AND I'M PRETTY SURE HIS PUSH BIKE CAME IN VERY HANDY,AND I'M PRETTY SURE HIS PUSH BIKE CAME IN VERY HANDY,True
DH EY W ER S OW IH N S P AY ER D B AY IH T,THEY WERE SO INSPIRED BY IT,THEY WERE SO INSPIRED BY IT,True
CH EH K DH AH D IH T EY L Z AA N AW ER W EH B S AY T,CHECK THE DETAILS ON OUR WEBSITE,CHECK THE DETAILS ON OUR WEBSITE,True
L ER N AE Z M AH CH AE Z P AA S AH B AH L,LEARN AS MUCH AS POSSIBLE,LEARN AS MUCH AS POSSIBLE,False
K IY P G OW IH NG AA N AH B AW T DH IH S,KEEP GOING ON ABOUT THIS,KEEP GOING ON ABOUT THIS,False
AY D UW N AH TH IH NG R AO NG,I DO NOTHING WRONG,I DO NOTHING WRONG,True
W AH T D UW Y UW TH IH NG K,WHAT DO YOU THINK,WHAT DO YOU THINK,True
DH IH S IH Z W EH R DH AH S ER P R AY Z IH Z HH AE P AH N,THIS IS WHERE THE SURPRISES HAPPEN,THIS IS WHERE THE SURPRISES HAPPEN,True
IH T EH S T AY M T UW R IH T ER N T UW W OW L V ER T HH AA M AH N,IT'S TIME TO RETURN TO WOLVERHAMPTON,IT'S TIME TO RETURN TO WOLVERHAMPTON,True
DH EY D IH S AY D IH D T UW T AY DH AH N AA T,THEY DECIDED TO TIE THE KNOT,THEY DECIDED TO TIE THE KNOT,True
EH V R IY W EH R Y UW G OW ER AW N D HH IY R,EVERYWHERE YOU GO AROUND HERE,EVERYWHERE YOU GO AROUND HERE,True
W IY HH AE V S AH M AH N F IH N IH SH T B IH Z N AH S T UW D UW IH N DH AH AA K SH AH N R UW M,WE HAVE SOME UNFINISHED BUSINESS TO DO IN THE AUCTION ROOM,WE HAVE SOME UNFINISHED BUSINESS TO DO IN THE AUCTION ROOM,True
W IY HH AE V G AO N D IH JH AH T AH L,WE HAVE GONE DIGITAL,WE HAVE GONE DIGITAL,True
AH N D AE F T ER R IY CH IH NG AW T T UW HH IH M AA N DH AH SH OW,AND AFTER REACHING OUT TO HIM ON THE SHOW,AND AFTER REACHING OUT TO HIM ON THE SHOW,True
R AH N F AO R K AH V ER IH F Y UW K AE N,RUN FOR COVER IF YOU CAN,RUN FOR COVER IF YOU CAN,True
DH EY AA R AH N D ER AH L AA T AH V S T R EH S,THEY ARE UNDER A LOT OF STRESS,THEY ARE UNDER A LOT OF STRESS,True
W IH DH DH AE T IH N M AY N D,WITH THAT IN MIND,WITH THAT IN MIND,True
W EH L K AH M T UW DH AH T AW ER,WELCOME TO THE TOWER,WELCOME TO THE TOWER,True
W AA Z IH T Y AO R CH OY S,WAS IT YOUR CHOICE,WAS IT YOUR CHOICE,False
Y UW R IH L IY F IY L AH P AA R T AH V IH T,YOU REALLY FEEL A PART OF IT,YOU REALLY FEEL A PART OF IT,True
S OW W AH N D ER F AH L T UW S IY DH AE T,SO WONDERFUL TO SEE THAT,SO WONDERFUL TO SEE THAT,True
T AO K IH NG AH B AW T DH IH S,TALKING ABOUT THIS,TALKING ABOUT THIS,False
F AO R M IY IH T D AH Z EH N T AY M EY K S EH N S,FOR ME IT DOESN'T MAKE SENSE,FOR ME IT DOESN'T MAKE SENSE,True
IH F W IY HH AE V AH B IH L IY F IH N R IY IH N K AA R N EY SH AH N,IF WE HAVE A BELIEF IN REINCARNATION,IF WE HAVE A BELIEF IN REINCARNATION,True
IY V IH N DH OW HH ER F AA DH ER AE T DH AE T T AY M D IH S AH G R IY D,EVEN THOUGH HER FATHER AT THAT TIME DISAGREED,EVEN THOUGH HER FATHER AT THAT TIME DISAGREED,False
S OW W EH N DH AH B AA D IY IH Z B R AO T B AE K,SO WHEN THE BODY IS BROUGHT BACK,SO WHEN THE BODY IS BROUGHT BACK,True
M AY F ER S T G R AE N D AO T ER,MY FIRST GRANDDAUGHTER,MY FIRST GRANDDAUGHTER,False
N AA N V AY AH L AH N T AH F EH N S AH Z,NON VIOLENT OFFENCES,NON VIOLENT OFFENCES,False
DH EH R AA R AH L AA T AH V P IY P AH L,THERE ARE A LOT OF PEOPLE,THERE ARE A LOT OF PEOPLE,True
ER AW N D DH AH W ER L D,AROUND THE WORLD,AROUND THE WORLD,False
B AH T AY K AH M AH K R AO S T R EY N IH NG P R IH Z AH N Z N AW,BUT I COME ACROSS TRAINING PRISONS NOW,BUT I COME ACROSS TRAINING PRISONS NOW,True
DH AH K AA S T AH V DH IH S F EY L Y ER,THE COST OF THIS FAILURE,THE COST OF THIS FAILURE,False
DH AH AE V ER IH JH K AA S T AH V K IY P IH NG AH P ER S AH N IH N P R IH Z AH N IH Z TH ER T IY S IH K S,THE AVERAGE COST OF KEEPING A PERSON IN PRISON IS 36,THE AVERAGE COST OF KEEPING A PERSON IN PRISON IS 36,True
DH AH M OW S T F EY M AH S AH V DH EH M AO L HH AE V T UW B IY DH AH W ER K S AH V DH AH B R AA N T IY S IH S T ER Z,THE MOST FAMOUS OF THEM ALL HAVE TO BE THE WORKS OF THE BRONTE SISTERS,THE MOST FAMOUS OF THEM ALL HAVE TO BE THE WORKS OF THE BRONTË SISTERS,True
IH N T ER M Z AH V F AY ER S ER V AH S R IY S AO R S IH Z,IN TERMS OF FIRE SERVICE RESOURCES,IN TERMS OF FIRE SERVICE RESOURCES,True
R AE DH ER DH AE N Y UW Z IH NG D R AH G Z,RATHER THAN USING DRUGS,RATHER THAN USING DRUGS,False
DH AE T EH S G UH D N UW Z,THAT'S GOOD NEWS,THAT'S GOOD NEWS,False
DH AH B IH G K W EH S CH AH N IH Z,THE BIG QUESTION IS,THE BIG QUESTION IS,False
HH AE V Y UW AO R D ER D Y UH R Z Y EH T,HAVE YOU ORDERED YOURS YET,HAVE YOU ORDERED YOURS YET,True
B AH T DH IY Z AA R W AH N AH V DH AH M OW S T W EH R IY B ER D Z IH N DH AH W ER L D,BUT THESE ARE ONE OF THE MOST WARY BIRDS IN THE WORLD,BUT THESE ARE ONE OF THE MOST WARY BIRDS IN THE WORLD,True
DH AE T EH S N AA T W AH T AY W AA Z IH K S P EH K T IH NG AE T AO L,THAT'S NOT WHAT I WAS EXPECTING AT ALL,THAT'S NOT WHAT I WAS EXPECTING AT ALL,True
AY L AH V S IH L AH B AH L Z,I LOVE SYLLABLES,I LOVE CYLINDERS,True
AH N D Y UW N OW W AH T DH IH S M IY N Z,AND YOU KNOW WHAT THIS MEANS,AND YOU KNOW WHAT THIS MEANS,True
W IY M AY T F AY N D S AH M M EH R AH T AY M M EH M ER AH B IY L Y AH,WE MIGHT FIND SOME MARITIME MEMORABILIA,WE MIGHT FIND SOME MARATIME MEMORABILIA,True
IH T EH S AH W AH N D ER F AH L,IT'S A WONDERFUL,IT'S A WONDERFUL,False
S T AA K S AH N D SH EH R Z,STOCKS AND SHARES,STOCKS AND SHARES,False
AH N D IH N DH AH P R AA S EH S AH V M IY N AA T AH F EH N D IH NG G AA D,AND IN THE PROCESS OF ME NOT OFFENDING GOD,AND IN THE PROCESS OF ME NOT OFFENDING GOD,True
AY D UW EH N T AY K EH R W AH T DH AH K AA S T IH Z,I DON'T CARE WHAT THE COST IS,I DON'T CARE WHAT THE COST IS,True
B IH K AO Z DH AH HH OW L P OY N T AH V N AY N IH L EH V AH N IH Z DH AE T IH T EH S DH AH JH AH S T AH F AH K EY SH AH N F AO R DH AH P AH L IY S S T EY T,BECAUSE THE WHOLE POINT OF 9 11 IS THAT IT'S THE JUSTIFICATION FOR THE POLICE STATE,BECAUSE THE WHOLE POINT OF 911 IS THAT IT'S THE JUSTIFICATION FOR THE POLICE STATE,True
AH N D AY G EH S DH AE T EH S W AH T EH S HH AE P AH N IH NG HH IY R,AND I GUESS THAT'S WHAT'S HAPPENING HERE,AND I GUESS THAT'S WHAT'S HAPPENING HERE,True
AH N D F R AH M W AH T AY ' V IY HH ER D,AND FROM WHAT I'VE HEARD,AND FROM WHAT I'VE HEARD,True
AH N D IH T EH S AO L AH B AW T DH AH K AA N T EH K S T,AND IT'S ALL ABOUT THE CONTEXT,AND IT'S ALL ABOUT THE CONTEXT,False
CH AY L D AH V DH AH M AH L EH N IY AH M,CHILD OF THE MILLENNIUM,CHILD OF THE MOLENAI,False
T UW AH P OY N T M AH N T S L EY T ER,TWO APPOINTMENTS LATER,TWO APPOINTMENTS LATER,True
DH AH M AE N HH UW K EH R Z AH B AW T AE N AH M AH L Z,THE MAN WHO CARES ABOUT ANIMALS,THE MAN WHO CARES ABOUT ANIMALS,False
G EH S W AH T AY AH M T AO K IH NG AH B AW T R AY T N AW,GUESS WHAT I'M TALKING ABOUT RIGHT NOW,GUESS WHAT I'M TALKING ABOUT RIGHT NOW,True
HH IY R T UW G IH V AH S AH R AH N D AW N AH V DH AH G R EY T AH S T F EY SH AH L K AO R IY AA G R AH F IY EH V ER S IY N AA N DH AH B AA K S,HERE TO GIVE US A RUNDOWN OF THE GREATEST FACIAL CHOREOGRAPHY EVER SEEN ON THE BOX,HERE TO GIVE US A RUN DOWN OF THE GREATEST FAMILIAL CHOREOGRAPHY EVER SEEN ON THE BOX,True
F EY S T UW R IH L IY T EH L DH AH S T AO R IY,FACE TO REALLY TELL THE STORY,FACE TO REALLY TELL THE STORY,True
G EH T Y ER S EH L F OW V ER HH IY R B IH K AO Z F ER S T AH P T AH N AY T,GET YOURSELF OVER HERE BECAUSE FIRST UP TONIGHT,GET YOURSELF OVER HERE BECAUSE FIRST UP TONIGHT,True
IH F Y UW W AA N T T UW N OW W AH T DH AH K IH D Z AA R L IH S AH N IH NG T UW DH IY Z D EY Z,IF YOU WANT TO KNOW WHAT THE KIDS ARE LISTENING TO THESE DAYS,IF YOU WANT TO KNOW WHAT THE KIDS ARE LISTENING TO THESE DAYS,True
L UW IY Z AH N D K EH V IH N,LOUISE AND KEVIN,LOUISE AND KEVIN,False
AH N D IH T EH S DH AH W AH N DH AE T,AND IT'S THE ONE THAT,AND IT'S THE ONE THAT,True
DH AE T W AA Z B Y UW T AH F AH L,THAT WAS BEAUTIFUL,THAT WAS BEAUTIFUL,False
AA N IH N T ER N AE SH AH N AH L W IH M AH N EH S D EY,ON INTERNATIONAL WOMEN'S DAY,ON INTERNATIONAL WOMEN'S DAY,True
AH N D W EH N T AA N DH AH AO R D AH N EH R IY W IH NG,AND WENT ON THE ORDINARY WING,AND WENT ON THE ORDINARY WING,False
DH AH D UW K AH V G L AO S T ER,THE DUKE OF GLOUCESTER,THE DUKE OF GLOUCESTER,False
AH N D Y UW N OW DH AE T,AND YOU KNOW THAT,AND YOU KNOW THAT,True
W IY HH AE V DH AH D IH L EH K T AH B AH L N IY L JH OW N Z,WE HAVE THE DELECTABLE NEIL JONES,WE HAVE THE DELICATEABLE NEAL JONES,True
B AH T D UW EH N T AY W ER IY,BUT DON'T WORRY,BUT DON'T WORRY,True
DH AE T W AA Z S AH M T AY M AH G OW,THAT WAS SOME TIME AGO,THAT WAS SOME TIME AGO,True
R IY L F R EH N D Z DH AE T K EH R AH B AW T M IY,REAL FRIENDS THAT CARE ABOUT ME,REAL FRIENDS THAT CARE ABOUT ME,True
K L IH R L IY DH EY D UW,CLEARLY THEY DO,CLEARLY THEY DO,True
Y UW D UW EH N T AY N IY D IH T,YOU DON'T NEED IT,YOU DON'T NEED IT,True
DH AH R IY Z AH N B IY IH NG,THE REASON BEING,THE REASON BEING,False
DH AH P R EH Z AH D EH N T EH S CH EH R,THE PRESIDENT'S CHAIR,THE PRESIDENT'S CHAIR,False
N AA T T UW TH IH NG K F AO R DH EH M S EH L V Z,NOT TO THINK FOR THEMSELVES,NOT TO THINK FOR THEMSELVES,True
DH AE T IH Z AH F ER S T,THAT IS A FIRST,THAT IS A FIRST,False
W IH DH M AY B L EH S IH NG,WITH MY BLESSING,WITH MY BLESSING,False
DH AE T EH S DH AH M EH S AH JH F R AH M IH N D IH P EH N D AH N T IH K AA N AH M IH S T S AE F T ER DH AH CH AE N S AH L ER EH S AO T AH M S T EY T M AH N T,THAT'S THE MESSAGE FROM INDEPENDENT ECONOMISTS AFTER THE CHANCELLOR'S AUTUMN STATEMENT,THAT'S THE MESSAGE FROM Independent Economists AFTER THE CHANCELLOR'S AUTUMN STATEMENT,False
AH N D W IH DH DH AE T IH N M AY N D,AND WITH THAT IN MIND,AND WITH THAT IN MIND,True
HH IH Z F AA DH ER D AY D,HIS FATHER DIED,HIS FATHER DIED,True
N AA T JH AH S T HH IY R IH N N AA T IH NG HH AH Z HH IH R N IY,NOT JUST HERE IN NOTTINGHAMSHIRE,NOT JUST HERE IN NOTTINGHAMSHIRE,True
B AH T IH T S IY M Z DH AH P EH N D AH N T IH Z T UW EH V R IY W AH N EH S P ER S IH N IH L T EY S T,BUT IT SEEMS THE PENDANT IS TO EVERYONE'S PERSONAL TASTE,BUT IT SEEMS THE PENDANT IS TO EVERYONE'S PERSONAL TASTE,True
IH T EH S T AY M T UW F AY N D AW T IH F N AY JH AH L,IT'S TIME TO FIND OUT IF NIGEL,IT'S TIME TO FIND OUT IF NIGEL,True
R IH M EH M B ER DH AE T M AE N W IH DH DH AH K AE M ER AH,REMEMBER THAT MAN WITH THE CAMERA,REMEMBER THAT MAN WITH THE CAMERA,False
AH N D Y UW K AE N F AA L OW AH S,AND YOU CAN FOLLOW US,AND YOU CAN FOLLOW US,True
TH AE NG K S F AO R W AA CH IH NG,THANKS FOR WATCHING,THANKS FOR WATCHING,True
B AH T IH T EH S N AA T AO L B AE D N UW Z,BUT IT'S NOT ALL BAD NEWS,BUT IT'S NOT ALL BAD NEWS,True
AY D UW N OW W AH T IH T M IY N Z,I DO KNOW WHAT IT MEANS,I DO KNOW WHAT IT MEANS,True
W EH N AY F AW N D AW T,WHEN I FOUND OUT,WHEN I FOUND OUT,True
AE F T ER AO L AY ' V IY B IH N TH R UW,AFTER ALL I'VE BEEN THROUGH,AFTER ALL I'VE BEEN THROUGH,True
AY W AA N T T UW T AO K AH B AW T D AE D IY T UW,I WANT TO TALK ABOUT DADDY TOO,I WANT TO TALK ABOUT DADDY TO,True
EH V R IY W AH N W AA Z B L OW N AH W EY,EVERYONE WAS BLOWN AWAY,EVERYONE WAS BLOWN AWAY,False
W IY S T IH L HH AE V AO L AH V DH IH S T UW K AH M,WE STILL HAVE ALL OF THIS TO COME,WE STILL HAVE ALL OF THIS TO COME,True
AY W AA N T T UW T EY K AH S EH L F IY,I WANT TO TAKE A SELFIE,I WANT TO TAKE A SELFIE,True
R EH S K Y UW IH NG AH D AE M Z AH L IH N D IH S T R EH S,RESCUING A DAMSEL IN DISTRESS,RESCUING DAMSEL IN DISTRESS,True
AO L AH V DH AE T K UH D CH EY N JH,ALL OF THAT COULD CHANGE,ALL OF THAT COULD CHANGE,False
B AH T W AH T IH G Z AE K T L IY IH Z IH T,BUT WHAT EXACTLY IS IT,BUT WHAT EXACTLY IS IT,True
HH AW D AH Z IH T W ER K,HOW DOES IT WORK,HOW DOES IT WORK,False
DH EH R EH S AO L W EY Z HH IH S T AO R IH K AH L T R EH ZH ER Z T UW L UH K AE T,THERE'S ALWAYS HISTORICAL TREASURES TO LOOK AT,THERE'S ALWAYS HISTORICAL TREASURES TO LOOK AT,True
F AE S T AH N D F Y UH R IY AH S,FAST AND FURIOUS,FAST AND FURIOUS,False
AH N D L EY T ER IH N T ER N,AND LATER IN TURN,AND LATER IN TURN,True
L EY T ER AA N IH N L AY F,LATER ON IN LIFE,LATER ON IN LIFE,True
HH IY M UW V D ER AW N D AH L AA T,HE MOVED AROUND A LOT,HE MOVED AROUND A LOT,False
AE Z IH Z DH AH T AY T AH L AH V DH IH S P OW AH M,AS IS THE TITLE OF THIS POEM,AS IS THE TITLE OF THIS POEM,False
F AO R K IH L AH M EH R T S W IH TH AW T IY V IH N R IH L IY TH IH NG K IH NG AH B AW T IH T,FOUR KILOMETRES WITHOUT EVEN REALLY THINKING ABOUT IT,FOR KILOMETRES WITHOUT EVEN REALLY THINKING ABOUT IT,True
IH N DH AH HH AY W EY K OW D IH T S EH L F,IN THE HIGHWAY CODE ITSELF,IN THE HIGHWAY CODE ITSELF,True
S OW IH N DH AH M IY N T AY M,SO IN THE MEANTIME,SO IN THE MEANTIME,True
TH R UW AE N T IH B AA D IY D ER EH K T AH D TH EH R AH P IY,THROUGH ANTIBODY DIRECTED THERAPY,THROUGH ANTIBODY DIRECTED THERAPY,True
AH N D AY F IY L V EH R IY,AND I FEEL VERY,AND I FEEL VERY,True
AY AH M Y AO R S AY M AH N K AA W EH L,I'M YOUR SIMON COWELL,I'M YOUR SIMON COWELL,False
F AO R S AH M R IY Z AH N,FOR SOME REASON,FOR SOME REASON,True
AY JH AH S T K AH EH N T AY S IY M T UW W IH N,I JUST CAN'T SEEM TO WIN,I JUST CAN'T SEEM TO WIN,True
IH T ' L EH L B IY AH B R IH L Y AH N T S AH K S EH S,IT'LL BE A BRILLIANT SUCCESS,IT'LL BE A BRILLIANT SUCCESS,True
HH IY R IY T R IY V D DH AH F L AE G,HE RETRIEVED THE FLAG,HE RETRIEVED THE FLAG,False
AY AH M S T R AH G AH L IH NG W IH DH DH AE T W AH N,I'M STRUGGLING WITH THAT ONE,I'M STRUGGLING WITH THAT ONE,True
HH IY EH S AH L AE T AH N S EH N S EY SH AH N,HE'S A LATIN SENSATION,HE'S A LATIN SENSATION,False
B AO R N IH N T UW AH F AE M AH L IY AH V D AE N S ER Z,BORN INTO A FAMILY OF DANCERS,BORN INTO A FAMILY OF DANCERS,True
AY M EY D AH F Y UW K AO L Z,I MADE A FEW CALLS,I MADE A FEW CALLS,True
AE Z W EH L AE Z DH AH G R IY N M AE N,AS WELL AS THE GREEN MAN,AS WELL AS THE GREEN MAN,False
DH IH S IH Z IH K S T R IY M L IY R EH R AH N D V AE L Y AH B AH L,THIS IS EXTREMELY RARE AND VALUABLE,THIS IS EXTREMELY RARE AND VALUABLE,False
N AA T F AO R S AH B JH EH K T M AE T ER,NOT FOR SUBJECT MATTER,NOT FOR SUBJECT MATTER,True
AY HH EY S AH N T UW AE D,I HASTEN TO ADD,I HASEN'T TOO ADD,True
HH IY R AA N DH AH D EY,HERE ON THE DAY,HERE ON THE DAY,True
B AH T AY F EH L T HH IY W AA Z IH K S P OW Z D,BUT I FELT HE WAS EXPOSED,BUT I FELT HE WAS EXPOSED,True
AH N D Y UW AH N D HH IH M,AND YOU AND HIM,AND YOU AND HIM,True
W IH L AH P IH R IH N K AO R T N EH K S T M AH N TH,WILL APPEAR IN COURT NEXT MONTH,WILL APPEAR IN COURT NEXT MONTH,True
AH N D DH AH SH AE M P EY N,AND THE CHAMPAGNE,AND THE CHAMPAGNE,False
B IH F AO R W IY B R IH NG AA N AW ER N EH K S T K AH N T EH N D ER,BEFORE WE BRING ON OUR NEXT CONTENDER,BEFORE WE BRING ON OUR NEXT CONTENDER,True
IH F Y UW ' V IY G AA T AH K W EH S CH AH N F AO R IY DH ER AH V DH EH M,IF YOU'VE GOT A QUESTION FOR EITHER OF THEM,IF YOU'VE GOT A QUESTION FOR EITHER OF THEM,True
S OW T UW D UW B AO L R UW M,SO TO DO BALLROOM,SO TO DO BALLROOM,True
AY AE M DH AH AH L T AH M AH T P AW ER,I AM THE ULTIMATE POWER,I AM THE ULTIMATE POWER,True
IH T IH Z DH AH K W AO R T ER F AY N AH L Z,IT IS THE QUARTER FINALS,IT IS THE QUARTER FINALS,False
W IY HH AE D AH B L EY Z IH NG R OW,WE HAD A BLAZING ROW,WE HAD A BLAZING ROW,True
W EH N HH IY R IH T AY R D,WHEN HE RETIRED,WHEN HE RETIRED,True
DH AH F AE M AH L IY S IY T,THE FAMILY SEAT,THE FAMILY SEAT,False
P L IY Z W EH L K AH M JH EH N IY IH K L EH R,PLEASE WELCOME JENNY ECLAIR,PLEASE WELCOME GENNIE CLARKE,False
IH T EH S AH M UW V IY TH IY M,IT'S A MOVIE THEME,IT'S A MOVIE THEME,False
DH EY HH AE V N OW AY D IY AH W AH T T UW IH K S P EH K T,THEY HAVE NO IDEA WHAT TO EXPECT,THEY HAVE NO IDEA WHAT TO EXPECT,True
T UW AH N D AH HH AE F M IH N AH T S F AO R DH AE T R AW N D,TWO AND A HALF MINUTES FOR THAT ROUND,TWO AND A HALF MINUTES FOR THAT ROUND,True
S OW L EH T EH S G EH T AA N W IH DH IH T,SO LET'S GET ON WITH IT,SO LET'S GET ON WITH IT,True
TH AE NG K S F AO R W AA CH IH NG,THANKS FOR WATCHING,THANKS FOR WATCHING,True
AY AH M N AA T S AE T AH S F AY D,I'M NOT SATISFIED,I'M NOT SATISFIED,True
IH T EH S AA N AW ER K EY B AH L P AE K AH JH,IT'S ON OUR CABLE PACKAGE,IT'S ON OUR CABLE PACKAGE,True
W EH N W IY S IY HH IH M,WHEN WE SEE HIM,WHEN WE SEE HIM,True
Y UW W AA N T M IY T UW B IY HH AE P IY,YOU WANT ME TO BE HAPPY,YOU WANT ME TO BE HAPPY,True
W AH T S IY Z AH N W AA Z DH AE T,WHAT SEASON WAS THAT,WHAT SEASON WAS THAT,False
N OW F UW D L EH F T AW T,NO FOOD LEFT OUT,NO FOOD LEFT OUT,True
AY ' L EH L M IY T Y UW AE T DH AH P AA R T IY,I'LL MEET YOU AT THE PARTY,I'LL MEET YOU AT THE PARTY,True
P R AA B AH B L IY IH N DH AH W ER L D,PROBABLY IN THE WORLD,PROBABLY IN THE WORLD,True
AY AH M R IH L IY L UH K IH NG F AO R W ER D T UW DH IH S,I'M REALLY LOOKING FORWARD TO THIS,I'M REALLY LOOKING FORWARD TO THIS,True
AH N D IH T EH S IY V IH N R EH R ER T UW F AY N D W AH N DH AE T HH AE Z EH N T AY B IH N D AH G IH N T UW B AY AE N T IY K W AO R IY AH N Z,AND IT'S EVEN RARER TO FIND ONE THAT HASN'T BEEN DUG INTO BY ANTIQUARIANS,AND IT'S EVEN RARER TO FIND ONE THAT HASN'T BEEN DUG UP BY ANTIQUARIANS,True
W AH T W IY ' V IY G AA T HH IY R IH Z AE N AA P ER T UW N AH T IY T UW AH N D ER S T AE N D W AH N AH V DH IY Z M AA N Y AH M AH N T S IH N AH M AA D ER N,WHAT WE'VE GOT HERE IS AN OPPORTUNITY TO UNDERSTAND ONE OF THESE MONUMENTS IN A MODERN,WHAT WE'VE GOT HERE IS AN OPPORTUNITY TO UNDERSTAND ONE OF THESE MONUMENTS IN A MODERN,True
AH N D P IY P AH L L IH V IH NG,AND PEOPLE LIVING,AND PEOPLE LIVING,False
IH T EH S AH B AW T DH AH D EH D,IT'S ABOUT THE DEAD,IT'S ABOUT THE DEAD,False
AH P Y UH R AH F AH K EY SH AH N S EH R AH M OW N IY,A PURIFICATION CEREMONY,A PURIFICATION CEREMONY,False
IH T EH S AO L M OW S T AE N OW L D P ER S AH N,IT'S ALMOST AN OLD PERSON,IT'S ALMOST AN OLD PERSON,True
AH N D DH IH S M AY T B IY,AND THIS MIGHT BE,AND THIS MIGHT BE,True
EH V ER IY S IH NG G AH L P ER S AH N,EVERY SINGLE PERSON,EVERY SINGLE PERSON,False
DH AE T EH S DH AH B EH S T K AY N D AH V T IY CH IH NG,THAT'S THE BEST KIND OF TEACHING,THAT'S THE BEST KIND OF TEACHING,False
AY HH AE D AH G R EY T T AY M,I HAD A GREAT TIME,I HAD A GREAT TIME,True
DH AE T EH S W AH T CH AY L D S AH P AO R T S ER V AH S AH Z D AH Z,THAT'S WHAT CHILD SUPPORT SERVICES DOES,THAT'S WHAT CHILD SUPPORT SERVICES DOES,False
N IH K OW L AH IH Z D EH F AH N AH T L IY DH AH L AH V AH V M AY L AY F,NICOLA IS DEFINITELY THE LOVE OF MY LIFE,NICOLA IS DEFINITELY THE LOVE OF MY LIFE,False
SH IY EH S M AY JH UW L IY EH T,SHE'S MY JULIET,SHE'S MY JULIET,False
DH AH R OW SH EH L T UW M AY M AA R V IH N,THE ROCHELLE TO MY MARVIN,THE ROSEHELT TO MY MARVIN,True
AY G EH S AY AH M AH F R EY D,I GUESS I'M AFRAID,I GUESS I'M AFRAID,True
AY L AY K S P EH N D IH NG T AY M W IH DH HH IH M,I LIKE SPENDING TIME WITH HIM,I LIKE SPENDING TIME WITH HIM,True
AH N D IH T IH Z AH S ER V AH S,AND IT IS A SERVICE,AND IT IS A SERVICE,False
SH IY EH S G AA T DH AH B EH S T T AA P L AY N IH N DH AH B IH Z N AH S,SHE'S GOT THE BEST TOP LINE IN THE BUSINESS,SHE'S GOT THE BEST TOP LINE IN THE BUSINESS,True
S OW AY D UW EH N T AY N OW,SO I DON'T KNOW,SO I DON'T KNOW,True
DH AE T EH S W AH T Y UW S EH D,THAT'S WHAT YOU SAID,THAT'S WHAT YOU SAID,True
IH T EH S JH AH S T AH N EY M,IT'S JUST A NAME,IT'S JUST A NAME,False
AY ' V IY B IH N W AE K S T,I'VE BEEN WAXED,I'VE BEEN WAXED,True
T AO K AH B AW T S M AA R T,TALK ABOUT SMART,TALK ABOUT SMART,False
M AY L IH T AH L B OY IH Z,MY LITTLE BOY IS,MY LITTLE BOY IS,False
DH AE T S IY M Z T UW M IY L AY K AH P R IH T IY IH M P R EH S IH V P ER K AH V DH AH JH AA B B AY EH N IY B AH D IY EH S S T AE N D ER D Z,THAT SEEMS TO ME LIKE A PRETTY IMPRESSIVE PERK OF THE JOB BY ANYBODY'S STANDARDS,THAT SEEMS TO ME LIKE A PRETTY IMPRESSIVE PERK OF THE JOB BY ANYBODY'S STANDARDS,True
W IY B AA T DH AH F ER M B AE K,WE BOUGHT THE FIRM BACK,WE BOUGHT THE FIRM BACK,True
EH N JH OY DH AH M AH N IY,ENJOY THE MONEY,ENJOY THE MONEY,False
IH M B AO S T L EH DH ER W AO L P EY P ER,EMBOSSED LEATHER WALLPAPER,EMBOSSED LEATHER WALLPAPER,False
AY AH M G EH T IH NG OW L D ER,I'M GETTING OLDER,I'M GETTING OLDER,False
AY ' L EH L B IY P AA P IH NG IH N IY CH IY V N IH NG,I'LL BE POPPING IN EACH EVENING,I'LL BE POPPING IN EACH EVENING,True
JH OY N M IY T AH M AA R OW,JOIN ME TOMORROW,JOIN ME TOMORROW,False
B AH T SH IY EH S N AA T K AH N F Y UW Z D,BUT SHE'S NOT CONFUSED,BUT SHE'S NOT CONFUSED,True
Y UW N IY D T UW B IY S T R AO NG AH P HH IY R,YOU NEED TO BE STRONG UP HERE,YOU NEED TO BE STRONG UP HERE,True
M EY K SH UH R Y UW N EH V ER G EH T D IH P R EH S T AH G EH N,MAKE SURE YOU NEVER GET DEPRESSED AGAIN,MAKE SURE YOU NEVER GET DEPRESSED AGAIN,True
W IH DH B IH L IY N AA T B IY IH NG Y UH R Z,WITH BILLY NOT BEING YOURS,WITH BILLY NOT BEING YOURS,True
W EH N IH T K AH M Z T UW D IH Z AY N IH NG F AE B Y AH L AH S K AA S T UW M Z,WHEN IT COMES TO DESIGNING FABULOUS COSTUMES,WHEN IT COMES TO DESIGNING FABULOUS COSTUMES,True
DH EY AA R B AE T AH L IH NG T UW B IY K R AW N D P R OW CH AE L AH N JH CH AE M P IY AH N,THEY ARE BATTLING TO BE CROWNED PRO CHALLENGE CHAMPION,THEY ARE BATTLING TO BE CROWNED PROCHALENE CHAMPION,True
DH AH P R AY M M IH N AH S T ER S L AE P S HH IH M D AW N,THE PRIME MINISTER SLAPS HIM DOWN,THE PRIME MINISTER SLAPS HIM DOWN,True
HH AW B IH G IH Z DH AE T,HOW BIG IS THAT,HOW BIG IS THAT,False
S EH P ER EY T AH D F R AH M DH AE T,SEPARATED FROM THAT,SEPARATED FROM THAT,False
K AH M IH NG IH N AA N DH AH AH DH ER S AY D,COMING IN ON THE OTHER SIDE,COMING IN ON THE OTHER SIDE,True
W AH T D IH D Y UW P UH T IH N DH AH M AH L D W AY N,WHAT DID YOU PUT IN THE MULLED WINE,WHAT DID YOU PUT IN THE MULLED WINE,True
IH T EH S AH T EH R AH B AH L AY D IY AH,IT'S A TERRIBLE IDEA,IT'S A TERRIBLE IDEA,False
AH N D DH EY D UW EH N T AY M EY K B IH G M AH N IY,AND THEY DON'T MAKE BIG MONEY,AND THEY DON'T MAKE BIG MONEY,False
EH V R IY W EH R Y UW L UH K,EVERYWHERE YOU LOOK,EVERYWHERE YOU LOOK,True
Y UW ' V IY R IH L IY M EY D M AY D EY,YOU'VE REALLY MADE MY DAY,YOU'VE REALLY MADE MY DAY,True
AH N D W IY HH AE V T AH D EY,AND WE HAVE TODAY,AND WE HAVE TODAY,True
M EH N W AA N T T UW B IY HH IH M,MEN WANT TO BE HIM,MEN WANT TO BE HIM,True
HH IY AE B S AH L UW T L IY IH N S IH S T AH D AA N R AY T IH NG HH IH Z OW N IH N T R OW,HE ABSOLUTELY INSISTED ON WRITING HIS OWN INTRO,HE ABSOLUTELY INSISTED ON WRITING HIS OWN INTRO,False
W IH DH F AE M AH L IY AH N D F R EH N D Z,WITH FAMILY AND FRIENDS,WITH FAMILY AND FRIENDS,False
IH T EH S AO L AH B AW T DH AH S T R IH K T L IY P R OW CH AE L AH N JH,IT'S ALL ABOUT THE STRICTLY PRO CHALLENGE,IT'S ALL ABOUT THE STRICTLY PROCHALLENGE,False
B IH F AO R W IY G OW EH N IY F ER DH ER,BEFORE WE GO ANY FURTHER,BEFORE WE GO ANY FURTHER,True
DH AH S IH K S HH AY AH S T S K AO R IH NG R AH N ER Z AH P W IH L K W AA L AH F AY,THE SIX HIGHEST SCORING RUNNERS UP WILL QUALIFY,THE SIX HIGHEST SCORING RUNNERS UP WILL QUALIFY,False
TH AE NG K S F AO R W AA CH IH NG,THANKS FOR WATCHING,THANKS FOR WATCHING,True
JH AH S T B IH F AO R K R IH S M AH S,JUST BEFORE CHRISTMAS,JUST BEFORE CHRISTMAS,False
DH AE T EH S IH T F AO R DH AH R EH D Z,THAT'S IT FOR THE REDS,THAT'S IT FOR THE REDS,True
AY TH IH NG K SH IY EH S K AH M P L IY T L IY B AA NG K ER Z,I THINK SHE'S COMPLETELY BONKERS,I THINK SHE'S COMPLETELY BONKERS,True
Y UW AA R D AY N AE M IH K,YOU ARE DYNAMIC,YOU ARE DYNAMIC,True
IH T W AA Z F UH L AH V K AA N T EH N T,IT WAS FULL OF CONTENT,IT WAS FULL OF CONTENT,False
AE Z AY W AA Z S EY IH NG,AS I WAS SAYING,AS I WAS SAYING,True
IH T EH S AE K CH AH W AH L IY AH S AO L S AH,IT'S ACTUALLY A SALSA,IT'S ACTUALLY A SALSA,False
DH AH G AA R D AH N AH V IH NG G L AH N D,THE GARDEN OF ENGLAND,THE GARDEN OF ENGLAND,False
Y UW K AE N G EH T AH B EH T ER S T R AH K CH ER,YOU CAN GET A BETTER STRUCTURE,YOU CAN GET A BETTER STRUCTURE,True
EH V ER IY Y IH R S IH N S K R IH S M AH S B IH G AE N,EVERY YEAR SINCE CHRISTMAS BEGAN,EVERY YEAR SINCE CHRISTMAS BEGAN,False
W EY B AE K IH N DH AH ER L IY,WAY BACK IN THE EARLY,WAY BACK IN THE EARLY,True
AY AE K CH AH W AH L IY W AA N T AH D T UW B IY AH HH AO R S,I ACTUALLY WANTED TO BE A HORSE,I ACTUALLY WANTED TO BE A HORSE,True
Y UW ZH AH W AH L IY AH B AY S IH K AH L,USUALLY A BICYCLE,USUALLY A BICYCLE,False
TH R UW DH AH AE K S EH S AH B IH L IH T IY T UW DH OW Z CH IH L D R AH N,THROUGH THE ACCESSIBILITY TO THOSE CHILDREN,THROUGH THE ACCESSIBILITY TO THOSE CHILDREN,True
L AY K M OW S T AH DH ER F AO R M Z AH V M AA D ER N W AO R F EH R,LIKE MOST OTHER FORMS OF MODERN WARFARE,LIKE MOST OTHER FORMS OF MODERN WARFARE,False
Y UW D UW L AH V Y AO R D AA L,YOU DO LOVE YOUR DOLL,YOU DO LOVE YOUR DOLL,True
DH EY W ER IH N AH S AH N T AH N D CH AA R M IH NG,THEY WERE INNOCENT AND CHARMING,THEY WERE INNOCENT AND CHARMING,False
Y UW W AA N T T UW L UH K,YOU WANT TO LOOK,YOU WANT TO LOOK,True
AO R IH Z IH T DH AE T Y UW EH N JH OY DH OW Z T OY Z AH N D IH T M EY K S Y UW IH N T UW AH D IH F ER AH N T P ER S AH N,OR IS IT THAT YOU ENJOY THOSE TOYS AND IT MAKES YOU INTO A DIFFERENT PERSON,OR IS IT THAT YOU ENJOY THOSE TOYS AND IT MAKES YOU INTO A DIFFERENT PERSON,True
S P EY S W AA Z S T IH L DH AH F AY N AH L F R AH N T IH R,SPACE WAS STILL THE FINAL FRONTIER,SPACE WAS STILL THE FINAL FRONTIER,False
IH T L UH K S R IH L IY L AY K IH T IH Z,IT LOOKS REALLY LIKE IT IS,IT LOOKS REALLY LIKE IT IS,False
W EH N AY G EH T HH OW M,WHEN I GET HOME,WHEN I GET HOME,True
DH AH B AO L SH EY P T W AH N,THE BALL SHAPED ONE,THE BALL SHAPED ONE,True
Y UW S IY DH AE T P R EH Z AH N T,YOU SEE THAT PRESENT,YOU SEE THAT PRESENT,True
S OW W AH T HH IY D IH D T UW G EH T R AW N D DH AE T,SO WHAT HE DID TO GET ROUND THAT,SO WHAT HE DID TO GET ROUND THAT,True
B AH T IH N DH OW Z D EY Z,BUT IN THOSE DAYS,BUT IN THOSE DAYS,True
IH T B IH K AH M Z AH F AY ER EH N JH AH N,IT BECOMES A FIRE ENGINE,IT BECOMES A FIRE ENGINE,False
F AO R L IH T AH L T ER T AH L Z N EY M D AE F T ER IH T AE L Y AH N R EH N AH S AA N S AA R T AH S T S,FOUR LITTLE TURTLES NAMED AFTER ITALIAN RENAISSANCE ARTISTS,FOR LITTLE TURTLES NAMED AFTER ITALIAN RENAISSANCE ARTISTS,True
S AH M B ER N B R AY T L IY F AO R AH Y IH R AO R T UW,SOME BURN BRIGHTLY FOR A YEAR OR TWO,SOME BURN BRIGHTLY FOR A YEAR OR TWO,True
IH F Y UW D IH D EH N T AY HH AE V W AH N,IF YOU DIDN'T HAVE ONE,IF YOU DIDN'T HAVE ONE,True
W AH T W AA Z AO L DH AE T AH B AW T,WHAT WAS ALL THAT ABOUT,WHAT WAS ALL THAT ABOUT,False
AO L R EH D IY IH N DH AH S T EY T S,ALREADY IN THE STATES,ALREADY IN THE STATES,True
DH AH R AY T P L EY S,THE RIGHT PLACE,THE RIGHT PLACE,True
N AH TH IH NG R AO NG W IH DH DH AE T AY D IY AH IH N P R IH N S AH P AH L,NOTHING WRONG WITH THAT IDEA IN PRINCIPLE,NOTHING WRONG WITH THAT IDEA IN PRINCIPLE,True
S AO S IH JH IH Z IH N B EY K AH N,SAUSAGES IN BACON,SAUSAGE IS IN BACON,True
K R IH S M AH S P UH D IH NG DH AE T N OW B AA D IY R IH L IY L AY K S,CHRISTMAS PUDDING THAT NOBODY REALLY LIKES,CHRISTMAS PUDDING THAT NOBODY REALLY LIKES,False
S T IH K S AH M JH EY M Z B AA N D AA N,STICK SOME JAMES BOND ON,STICK SOME JAMES BOND ON,True
DH AE T S AH M W AH N W AA Z G OW IH NG T UW G EH T,THAT SOMEONE WAS GOING TO GET,THAT SOMEONE WAS GOING TO GET,True
Y UW K AH EH N T AY R IH L IY S EY,YOU CAN'T REALLY SAY,YOU CAN'T REALLY SAY,True
N AA T IH N F R AH N T AH V DH AH HH OW L F AE M AH L IY,NOT IN FRONT OF THE WHOLE FAMILY,NOT IN FRONT OF THE WHOLE FAMILY,True
Y UW AH N F OW L D DH AH B AO R D,YOU UNFOLD THE BOARD,YOU UNFOLD THE BOARD,True
AE T DH AH S EY M T AY M,AT THE SAME TIME,AT THE SAME TIME,False
IH N V IH K T AO R IY AH N B R IH T AH N,IN VICTORIAN BRITAIN,IN VICTORIAN BRITAIN,True
AA N DH AH AO R D ER Z AH V K W IY N V IH K T AO R IY AH,ON THE ORDERS OF QUEEN VICTORIA,ON THE ORDERS OF QUEEN VICTORIA,False
AY TH IH NG K HH IY EH S P ER F EH K T,I THINK HE'S PERFECT,I THINK HE'S PERFECT,True
W EH N IH T K AH M Z T UW T OY Z,WHEN IT COMES TO TOYS,WHEN IT COMES TO TOYS,True
M EY B IY N AA T Y ER EY N IY AH M,MAYBE NOT URANIUM,MAYBE NOT URINARY,True
B AH T AY L AY K T UW S IY IH T,BUT I LIKE TO SEE IT,BUT I LIKE TO SEE IT,True
W IY L AY K T UW R EH M AH N IH S,WE LIKE TO REMINISCE,WE LIKE TO REMINISC,True
F AO R DH AE T R IY Z AH N,FOR THAT REASON,FOR THAT REASON,True
DH IH S R IH L IY M EY K S AH S TH IH NG K,THIS REALLY MAKES US THINK,THIS REALLY MAKES US THINK,False
M EY B IY DH EH R EH S AE N IH K S T EH N S IH V P AE T ER N,MAYBE THERE'S AN EXTENSIVE PATTERN,MAYBE THERE'S AN EXTENSIVE PATTERN,True
W EH N DH AH AA R K IY AA L AH JH IH S T S G AA T T UW W ER K,WHEN THE ARCHAEOLOGISTS GOT TO WORK,WHEN THE ARCHAEOLOGISTS GOT TO WORK,True
AY AH M T R AY IH NG N AA T T UW G EH T K AE R IY D AH W EY,I'M TRYING NOT TO GET CARRIED AWAY,I'M TRYING NOT TO GET CARRIED AWAY,True
IH T R IH L IY W AA Z DH AE T B AE D,IT REALLY WAS THAT BAD,IT REALLY WAS THAT BAD,False
DH EY W IH L N AA T D UW,THEY WILL NOT DO,THEY WILL NOT DO,True
L EH T EH S T EY K AH L UH K B IH HH AY N D DH AH S IY N Z AE T HH AW IH T AO L K EY M,LET'S TAKE A LOOK BEHIND THE SCENES AT HOW IT ALL CAME,LET'S TAKE A LOOK BEHIND THE SCENES AT HOW IT ALL CAME,False
T AY M N AW F AO R AW ER N EH K S T G EH S T,TIME NOW FOR OUR NEXT GUEST,TIME NOW FOR OUR NEXT GUEST,True
OW V ER DH AH L AE S T T W EH L V Y IH R Z,OVER THE LAST 12 YEARS,OVER THE LAST 12 YEARS,True
W AY SH OW M IY DH IH S,WHY SHOW ME THIS,WHY SHOW ME THIS,True
AY AH M AA N DH AH K EY S,I'M ON THE CASE,I'M ON THE CASE,False
IY V IH N K R IH S M AH S D EY,EVEN CHRISTMAS DAY,EVEN CHRISTMAS DAY,True
B AH T T AH W AO R D Z DH AH EH N D,BUT TOWARDS THE END,BUT TOWARDS THE END,True
HH IY HH AE Z N AA T HH EH L D B AE K EH N IY TH IH NG,HE HAS NOT HELD BACK ANYTHING,HE HAS NOT HELD BACK ANYTHING,True
B AH T IH T W AA Z S OW D IH S K AH N S T ER K AH T L IY K AA M IH N DH AH S T UW D IY OW,BUT IT WAS SO DISCONCERTINGLY CALM IN THE STUDIO,BUT IT WAS SO DISCONSOLATELY COME IN THE STUDIO,True
HH IY R T UW R IH V IY L DH AH S IY K R AH T T UW G EH T IH NG Y AO R HH AE N D Z AA N DH AH T R OW F IY,HERE TO REVEAL THE SECRET TO GETTING YOUR HANDS ON THE TROPHY,HERE TO REVEAL THE SECRET TO GETTING YOUR HANDS ON THE TROPHY,True
AY SH UH D EH N T AY S EY DH OW Z TH IH NG Z,I SHOULDN'T SAY THOSE THINGS,I SHOULDN'T SAY THOSE THINGS,True
W AH T EH L S K AE N AY B IY,WHAT ELSE CAN I BE,WHAT ELSE CAN I BE,True
N AA T W EH L D R EH S T,NOT WELL DRESSED,NOT WELL DRESSED,True
SH IY IH Z M EH R IY D N AW,SHE IS MARRIED NOW,SHE IS MARRIED NOW,False
B EH S T AH N D HH AE P IY AH S T AH V AO L,BEST AND HAPPIEST OF ALL,BEST AND HAPPIEST OF ALL,False
DH AH T AY M B IH F AO R HH IH M W AA Z HH IH Z OW N,THE TIME BEFORE HIM WAS HIS OWN,THE TIME BEFORE HIM WAS HIS OWN,True
DH AE T EH S W AH T AY AE M,THAT'S WHAT I AM,THAT'S WHAT I AM,True
IH T S AW N D Z V EH R IY G UH D,IT SOUNDS VERY GOOD,IT SOUNDS VERY GOOD,True
SH IY EH S D IH P R EH S T AH B AW T D AE D IY,SHE'S DEPRESSED ABOUT DADDY,SHE'S DEPRESSED ABOUT DADDY,False
N AW Y UW L IH S AH N T UW M IY,NOW YOU LISTEN TO ME,NOW YOU LISTEN TO ME,True
AY AH M S T IH L S ER AW N D AH D B AY HH AH N D R AH D Z AH V P IY P AH L,I'M STILL SURROUNDED BY HUNDREDS OF PEOPLE,I'M STILL SURROUNDED BY HUNDREDS OF PEOPLE,True
AO L DH AH IH N F ER M EY SH AH N W IH L B IY DH EH R,ALL THE INFORMATION WILL BE THERE,ALL THE INFORMATION WILL BE THERE,True
EH V ER IY W IY K HH IY K AH M Z AW T,EVERY WEEK HE COMES OUT,EVERY WEEK HE COMES OUT,True
DH AH R AY V AH L R IY AH N D AO L DH AE T,THE RIVALRY AND ALL THAT,THE RIVALRY AND ALL THAT,False
L IY V DH AE T T UW M IY,LEAVE THAT TO ME,LEAVE THAT TO ME,True
B AH T F AO R AO L DH AE T,BUT FOR ALL THAT,BUT FOR ALL THAT,True
AY ' D IY L AY K T UW HH EH L P Y UW,I'D LIKE TO HELP YOU,I'D LIKE TO HELP YOU,True
AY D UW EH N T AY W AA N T T UW R IH Z AY N,I DON'T WANT TO RESIGN,I DON'T WANT TO RESIGN,True
W IH CH IH Z IH N K R EH D AH B AH L,WHICH IS INCREDIBLE,WHICH IS INCREDIBLE,True
AY HH AE D N OW AY D IY AH HH AW M AH CH,I HAD NO IDEA HOW MUCH,I HAD NO IDEA HOW MUCH,True
AE T DH AH S EY M T AY M,AT THE SAME TIME,AT THE SAME TIME,False
S OW L EH T EH S F AY N D AW T HH UW DH AE T W IH L B IY,SO LET'S FIND OUT WHO THAT WILL BE,SO LET'S FIND OUT WHO THAT WILL BE,True
S AH M D IY S AH N T S K AO R Z,SOME DECENT SCORES,SOME DECENT SCORES,True
TH AE NG K S F AO R W AA CH IH NG,THANKS FOR WATCHING,THANKS FOR WATCHING,True
DH AH P ER F EH K T HH AW S,THE PERFECT HOUSE,THE PERFECT HOUSE,False
DH AH P ER F EH K T F AE M AH L IY,THE PERFECT FAMILY,THE PERFECT FAMILY,False
AH N D AE Z AH R IH Z AH L T,AND AS A RESULT,AND AS A RESULT,False
DH AH F ER S T M AH Z L AH M W UH M AH N T UW S ER V AE Z AH K AE B AH N AH T M IH N AH S T ER,THE FIRST MUSLIM WOMAN TO SERVE AS A CABINET MINISTER,THE FIRST MUSLIM WOMAN TO SERVE AS A CABINET MINISTER,True
IH T EH S N AA T DH AH M IH D AH L EY JH AH Z,IT'S NOT THE MIDDLE AGES,IT'S NOT THE MIDDLE AGES,True
HH IY D AH Z EH N T AY OW N M IY,HE DOESN'T OWN ME,HE DOESN'T OWN ME,False
S OW P L IY Z W EH L K AH M,SO PLEASE WELCOME,SO PLEASE WELCOME,True
IH T W AA Z AE K CH AH W AH L IY IH K S T R IY M L IY W EH L P L EY S T,IT WAS ACTUALLY EXTREMELY WELL PLACED,IT WAS ACTUALLY EXTREMELY WELL PLACED,False
P L IY Z D UW EH N T AY T R AY T UW V OW T IH F Y UW ' R EY W AA CH IH NG AA N D IH M AE N D,PLEASE DON'T TRY TO VOTE IF YOU'RE WATCHING ON DEMAND,PLEASE DON'T TRY TO VOTE IF YOU'RE WATCHING ON DEMAND,True
T EH N SH AH N AH N D IH M OW SH AH N,TENSION AND EMOTION,TENSION AND EMOTION,False
AH N D IH T EH S P ER F EH K T F AO R T AH N AY T,AND IT'S PERFECT FOR TONIGHT,AND IT'S PERFECT FOR TONIGHT,True
K AE N DH EY IH M P R UW V AA N DH AE T S K AO R AH N D P AA S AH B L IY R AH N AH W EY W IH DH DH AH T R OW F IY,CAN THEY IMPROVE ON THAT SCORE AND POSSIBLY RUN AWAY WITH THE TROPHY,CAN THEY IMPROVE ON THAT SCORE AND POSSIBLY RUN AWAY WITH THE TROPHY,True
DH AE T W AA Z W IH DH IH N B AH JH IH T,THAT WAS WITHIN BUDGET,THAT WAS WITHIN BUDGET,False
F AO R DH AH AA D IY AH N S AE T HH OW M,FOR THE AUDIENCE AT HOME,FOR THE AUDIENCE AT HOME,True
DH AH R AY Z AH V M EY,THE RISE OF MAY,THE RISE OF MAY,False
P R AA P ER S T R IY T F UW D IH Z G R EY T,PROPER STREET FOOD IS GREAT,PROPER STREET FOOD IS GREAT,True
Y UW D UW EH N T AY HH AE V T UW B IY AH S AH L EH B R IH T IY,YOU DON'T HAVE TO BE A CELEBRITY,YOU DON'T HAVE TO BE A CELEBRITY,True
AH N D Y UW K AE N F AA L OW AH S AA N T W IH T ER,AND YOU CAN FOLLOW US ON TWITTER,AND YOU CAN FOLLOW US ON TWITTER,True
TH AE NG K S F AO R W AA CH IH NG,THANKS FOR WATCHING,THANKS FOR WATCHING,True
IH F Y UW K AE N HH AE V S EH K S,IF YOU CAN HAVE SEX,IF YOU CAN HAVE SEX,True
T IH K AH T S F AO R DH AH M AE CH,TICKETS FOR THE MATCH,TICKETS FOR THE MATCH,True
IH T EH S N AA T AH K ER IH R,IT'S NOT A CAREER,IT'S NOT A CAREER,True
TH AE NG K S F AO R W AA CH IH NG,THANKS FOR WATCHING,THANKS FOR WATCHING,True
F EY M AH N D F AO R CH AH N,FAME AND FORTUNE,FAME AND FORTUNE,False
AY AH M N AA T AH F R EY D AH V B IY IH NG CH AE L AH JH D,I'M NOT AFRAID OF BEING CHALLENGED,I'M NOT AFRAID OF BEING CHALLENGED,True
DH EH R EH S N OW R AO NG W EY,THERE'S NO WRONG WAY,THERE'S NO WRONG WAY,True
AH N D Y UW K AE N F AA L OW AH S AA N T W IH T ER,AND YOU CAN FOLLOW US ON TWITTER,AND YOU CAN FOLLOW US ON TWITTER,True
TH AE NG K S F AO R W AA CH IH NG,THANKS FOR WATCHING,THANKS FOR WATCHING,True
IH N DH IH S K EY S AH F L AW ER,IN THIS CASE A FLOWER,IN THIS CASE A FLOWER,True
AE Z AE N AH M AH L Z AA R P R IY P EH R IH NG F AO R DH AH W IH N T ER,AS ANIMALS ARE PREPARING FOR THE WINTER,AS ANIMALS ARE PREPARING FOR THE WINTER,True
B AH T DH EH R EH S AH P R AA B L AH M,BUT THERE'S A PROBLEM,BUT THERE'S A PROBLEM,True
CH IY T AH N D S T IY L F R AH M W AH N AH N AH DH ER T UW G EH T DH EH M S EH L V Z AH D IY S AH N T M IY L,CHEAT AND STEAL FROM ONE ANOTHER TO GET THEMSELVES A DECENT MEAL,CHEAT AND STEAL FROM ONE ANOTHER TO GET THEMSELVES A DECENT MEAL,True
IH T S IY M D T UW B IY,IT SEEMED TO BE,IT SEEMED TO BE,True
AY D UW M IH S IH T AH L IH T AH L B IH T,I DO MISS IT A LITTLE BIT,I DO MISS IT A LITTLE BIT,True
DH IH S IH Z AO L Y UW,THIS IS ALL YOU,THIS IS ALL YOU,True
B IH F AO R Y UW N OW IH T,BEFORE YOU KNOW IT,BEFORE YOU KNOW IT,True
Y UW G OW T UW B EH D W IH DH IH T,YOU GO TO BED WITH IT,YOU GO TO BED WITH IT,True
AH N D Y AO R F AE M AH L IY AH N D Y AO R K IH D Z AH N D Y AO R AH DH ER JH AA B Z,AND YOUR FAMILY AND YOUR KIDS AND YOUR OTHER JOBS,AND YOUR FAMILY AND YOUR KIDS AND YOUR OTHER JOBS,False
DH AE T W AA Z AH M EY Z IH NG,THAT WAS AMAZING,THAT WAS AMAZING,False
DH AH L AO NG G ER Y UW S T EY IH N,THE LONGER YOU STAY IN,THE LONGER YOU STAY IN,True
B IH K AO Z Y UW W ER K S OW HH AA R D,BECAUSE YOU WORK SO HARD,BECAUSE YOU WORK SO HARD,True
IH F Y UW G OW R AO NG,IF YOU GO WRONG,IF YOU GO WRONG,True
G OW AH B AW T T EH L IH NG HH IH M DH AE T,GO ABOUT TELLING HIM THAT,GO ABOUT TELLING HIM THAT,True
F AO R G UH D R IY Z AH N Z AH N D B AE D R IY Z AH N Z,FOR GOOD REASONS AND BAD REASONS,FOR GOOD REASONS AND BAD REASONS,True
IH F DH EY S T AA R T F R AH M HH IY R,IF THEY START FROM HERE,IF THEY START FROM HERE,True
AH B S EH S T W IH DH DH IH S SH OW,OBSESSED WITH THIS SHOW,OBSESSED WITH THIS SHOW,False
IH F AY HH AE D M AY W EY,IF I HAD MY WAY,IF I HAD MY WAY,True
IH F W IY HH AE V AH L IH T AH L AA R G Y AH M AH N T,IF WE HAVE A LITTLE ARGUMENT,IF WE HAVE A LITTLE ARGUMENT,True
S OW W EH N HH IY G EH T S G R AH M P IY IH T EH S L AY K,SO WHEN HE GETS GRUMPY IT'S LIKE,SO WHEN HE GETS GRUMPY IT'S LIKE,True
L EH T EH S S EY F AO R IH G Z AE M P AH L,LET'S SAY FOR EXAMPLE,LET'S SAY FOR EXAMPLE,True
AY AH M SH UH R Y UW K AE N IH M AE JH AH N,I'M SURE YOU CAN IMAGINE,I'M SURE YOU CAN IMAGINE,True
SH IY IH Z HH IH S T EH R IH K AH L,SHE IS HYSTERICAL,SHE IS HYSTERICAL,False
W EH N AY W AA Z AH K IH D,WHEN I WAS A KID,WHEN I WAS A KID,True
V EH R IY HH AY L EH V AH L,VERY HIGH LEVEL,VERY HIGH LEVEL,True
G OW IH NG AO L OW V ER DH AH W ER L D,GOING ALL OVER THE WORLD,GOING ALL OVER THE WORLD,False
P IY P AH L AA R HH AE P IY T UW B IY DH EH R AH N D IH T EH S AH G UH D V AY B,PEOPLE ARE HAPPY TO BE THERE AND IT'S A GOOD VIBE,PEOPLE ARE HAPPY TO BE THERE AND IT'S A GOOD VIBE,True
EH V R IY W EH R Y UW T ER N,EVERYWHERE YOU TURN,EVERYWHERE YOU TURN,True
B IH K AO Z DH EY ' V IY G AA T T UW,BECAUSE THEY'VE GOT TO,BECAUSE THEY'VE GOT TO,True
JH AH S T W ER K IH NG W IH DH HH IH M EH V ER IY W IY K IH Z S AH CH AH T R IY T,JUST WORKING WITH HIM EVERY WEEK IS SUCH A TREAT,JUST WORKING WITH HIM EVERY WEEK IS SUCH A TREAT,True
W IH CH W AA Z K W AY T AH M Y UW Z IH NG,WHICH WAS QUITE AMUSING,WHICH WAS QUITE AMUSING,True
DH AE T EH S AH P IH K AH L D W AO L N AH T,THAT'S A PICKLED WALNUT,THAT'S A PICKLED WALNUT,False
Y UW HH AE V T UW G OW AH N D B AY B IH S K AH T S,YOU HAVE TO GO AND BUY BISCUITS,YOU HAVE TO GO AND BUY BISCUITS,True
Y UW ' R EY W EY S T IH NG Y AO R T AY M,YOU'RE WASTING YOUR TIME,YOU'RE WASTING YOUR TIME,False
DH EY AO L K EY M AH N D W EH N T,THEY ALL CAME AND WENT,THEY ALL CAME AND WENT,False
IH T D IH D EH N T AY S ER V AY V,IT DIDN'T SURVIVE,IT DIDN'T SURVIVE,False
S OW Y UW SH UH D B IY,SO YOU SHOULD BE,SO YOU SHOULD BE,True
R AY T AA N DH AH F R AH N T,RIGHT ON THE FRONT,RIGHT ON THE FRONT,True
IH N DH IH S K AH N T R IY,IN THIS COUNTRY,IN THIS COUNTRY,True
T W AY S D UH R IH NG DH AH F ER S T W ER L D W AO R,TWICE DURING THE FIRST WORLD WAR,TWICE DURING THE FIRST WORLD WAR,True
SH IY N EH V ER L EH T AA N,SHE NEVER LET ON,SHE NEVER LET ON,False
S OW Y UW N OW HH UW HH IY R IH L IY IH Z,SO YOU KNOW WHO HE REALLY IS,SO YOU KNOW WHO HE REALLY IS,True
S OW P L IY Z W EH L K AH M,SO PLEASE WELCOME,SO PLEASE WELCOME,True
DH IH S K UH D B IY AH F ER S T K L AE S R UW T IY N,THIS COULD BE A FIRST CLASS ROUTINE,THIS COULD BE A FIRST CLASS ROUTINE,True
EH V R IY W AH N AA N DH AH SH OW R IH L IY,EVERYONE ON THE SHOW REALLY,EVERYONE ON THE SHOW REALLY,False
W IH DH W AY T K R IH S M AH S,WITH WHITE CHRISTMAS,WITH WHITE CHRISTMAS,True
B IY IH NG AA N M AY OW N,BEING ON MY OWN,BEING ON MY OWN,False
AO L DH OW AY K AH EH N T AY IH M AE JH AH N W AY,ALTHOUGH I CAN'T IMAGINE WHY,ALTHOUGH I CAN'T IMAGINE WHY,True
B IH K AO Z AY JH AH S T W AA N T T UW HH EH L P,BECAUSE I JUST WANT TO HELP,BECAUSE I JUST WANT TO HELP,True
AH N D L EH T EH S F EY S IH T,AND LET'S FACE IT,AND LET'S FACE IT,False
P R AA JH EH K T M AE N AH JH M AH N T IH Z R IH L IY M AY S P EH SH AH L AH S T EH R IY AH,PROJECT MANAGEMENT IS REALLY MY SPECIALIST AREA,PROJECT MANAGEMENT IS REALLY MY SPECIALIST AREA,False
T UW B IY K AH M P L IY T L IY AA N AH S T,TO BE COMPLETELY HONEST,TO BE COMPLETELY HONEST,True
DH AH SH IH R S AY Z AH N D P AW ER K AE N B IY IH N T IH M IH D EY T IH NG,THE SHEER SIZE AND POWER CAN BE INTIMIDATING,THE SHEER SIZE AND POWER CAN BE INTIMIDATING,True
B AH T DH EH R W AA Z IY V IH N B EH T ER N UW Z,BUT THERE WAS EVEN BETTER NEWS,BUT THERE WAS EVEN BETTER NEWS,True
R EH P R AH Z EH N T AH D B AY DH IH S B AH N CH AH V B AH N AE N AH Z,REPRESENTED BY THIS BUNCH OF BANANAS,REPRESENTED BY THIS BUNCH OF BANANAS,True
IH T EH S D AW N T UW AW ER B R EY N G EH T IH NG TH IH NG Z R AO NG,IT'S DOWN TO OUR BRAIN GETTING THINGS WRONG,IT'S DOWN TO OUR BRAIN GETTING THINGS WRONG,True
HH IY W AA Z AH B AW T T UW F AY N D AW T,HE WAS ABOUT TO FIND OUT,HE WAS ABOUT TO FIND OUT,True
DH AH F AO R S IH Z AH V N EY CH ER S EH P ER EY T AW T,THE FORCES OF NATURE SEPARATE OUT,THE FORCES OF NATURE SEPARATE OUT,False
N UW T R AA N Z AH N D IH L EH K T R AA N Z,NEUTRONS AND ELECTRONS,NEUTRONS AND ELECTRONS,False
B AH T W EH N Y UW OW P AH N DH AH B AA K S,BUT WHEN YOU OPEN THE BOX,BUT WHEN YOU OPEN THE BOX,True
DH AE T EH S N AA T R AY T,THAT'S NOT RIGHT,THAT'S NOT RIGHT,True
IH N DH IH S Y UW N AH V ER S,IN THIS UNIVERSE,IN THIS UNIVERSE,True
AH N D IH T M AY T S IY M R IH D IH K Y AH L AH S,AND IT MIGHT SEEM RIDICULOUS,AND IT MIGHT SEEM RIDICULOUS,False
T W EH L V M AY L Z IH N D AY AE M AH T ER,12 MILES IN DIAMETER,12 MILES IN DYNAMITE,True
S T R EH CH IH NG B AE K TH R IY,STRETCHING BACK 3,STRETCHING BACK THREE,False
S T AE G ER IH NG AA N DH AH EH JH AH V S P EY S,STAGGERING ON THE EDGE OF SPACE,STAGGERING ON THE EDGE OF SPACE,False
P AA N D ER IH NG DH AH IH M EH N S AH T IY,PONDERING THE IMMENSITY,PONDERING THE IMMINENCE,False
W IY L AY V IH N AH T AY N IY,WE LIVE IN A TINY,WE LIVE IN A TINY,True
TH AE NG K S F AO R W AA CH IH NG,THANKS FOR WATCHING,THANKS FOR WATCHING,True
Y UW TH IH NG K AY D IH D DH IH S,YOU THINK I DID THIS,YOU THINK I DID THIS,True
IH T EH S AO L AH B AW T R EH R AH T IY,IT'S ALL ABOUT RARITY,IT'S ALL ABOUT RARITY,False
AE Z AH P OW Z D T UW CH AY N IY Z,AS OPPOSED TO CHINESE,AS OPPOSED TO CHINESE,True
B AH T AY K UH D EH N T AY B IH L IY V IH T W UH D B IY T R UW,BUT I COULDN'T BELIEVE IT WOULD BE TRUE,BUT I COULDN'T BELIEVE IT WOULD BE TRUE,True
IH F Y UW ' V IY G AA T AH G UH D S T AO R IY,IF YOU'VE GOT A GOOD STORY,IF YOU'VE GOT A GOOD STORY,True
AH N D DH AH M AE N HH UW M EY D DH AH D IH S K AH V ER IY,AND THE MAN WHO MADE THE DISCOVERY,AND THE MAN WHO MADE THE DISCOVERY,True
B AH T EH V R IY W AH N G OW IH NG IH N T UW DH AH D EH N G EH T S AH F R EH SH CH AE N S T UW T ER N TH IH NG Z R AW N D,BUT EVERYONE GOING INTO THE DEN GETS A FRESH CHANCE TO TURN THINGS ROUND,BUT EVERYONE GOING INTO THE DEN GETS A FRESH CHANCE TO TURN THINGS ROUND,True
Y UW JH AH S T HH AE V T UW G R AE B AE N AA P ER T UW N AH T IY W EH N IH T P R EH Z AH N T S IH T S EH L F,YOU JUST HAVE TO GRAB AN OPPORTUNITY WHEN IT PRESENTS ITSELF,YOU JUST HAVE TO GRAB AN OPPORTUNITY WHEN IT PRESENTS ITSELF,True
B AH T S L AY T L IY R IH B EH L Y AH S S AA K S,BUT SLIGHTLY REBELLIOUS SOCKS,BUT SLIGHTLY REBELLIOUS SOX,True
D UW EH N T AY F ER G EH T DH AE T S K AE R K R OW,DON'T FORGET THAT SCARECROW,DON'T FORGET THAT SCAR CROW,False
M EY B IY T UW S AH M W EH R N AY S AH N D S EY F,MAYBE TO SOMEWHERE NICE AND SAFE,MAYBE TO SOMEWHERE NICE AND SAFE,True
AY AH M N AA T SH UH R W AH T EH S DH AH M OW S T D IH F AH K AH L T TH IH NG T UW G EH T R AY T,I'M NOT SURE WHAT'S THE MOST DIFFICULT THING TO GET RIGHT,I'M NOT SURE WHAT'S THE MOST DIFFICULT THING TO GET RIGHT,True
G AA R D AH N Z N EH V ER F IH N IH SH,GARDENS NEVER FINISH,GARDENS NEVER FINISH,False
Y UW SH UH D N EH V ER B IY P UH T AO F,YOU SHOULD NEVER BE PUT OFF,YOU SHOULD NEVER BE PUT OFF,True
P IY P AH L G EH T IH NG IH N T AH CH AH N D W AA N T IH NG T UW R EH K T AH F AY R AO NG Z,PEOPLE GETTING IN TOUCH AND WANTING TO RECTIFY WRONGS,PEOPLE GETTING IN TOUCH AND WANTING TO WRECK A FIREONGS,True
DH EH R AA R T AY M Z AY L AY K T UW L IH S AH N T UW B AE N AH N AE R AH M AH,THERE ARE TIMES I LIKE TO LISTEN TO BANANARAMA,THERE ARE TIMES I LIKE TO LISTEN TO BANANARAMA,True
AH N D Y EH T DH AE T AH N D F IH SH AH N D CH IH P S,AND YET THAT AND FISH AND CHIPS,AND YET THAT AND FISH AND CHIPS,False
L EH T EH S JH AH S T K AA M D AW N,LET'S JUST CALM DOWN,LET'S JUST CALM DOWN,False
DH AH D EY JH AH S T G AA T W IH R D ER AH N D W IH R D ER,THE DAY JUST GOT WEIRDER AND WEIRDER,THE DAY JUST GOT WEIRDER AND WIRDER,True
B AE K T UW DH AH HH IH S T ER IY B UH K S,BACK TO THE HISTORY BOOKS,BACK TO THE HISTORY BOOKS,True
IH T EH S P R AE K T AH K L IY AH V EH JH AH T EH R IY AH N,IT'S PRACTICALLY A VEGETARIAN,IT'S PRACTICALLY A VEGETARIAN,False
HH AW D AH Z DH AH P L AE N T AH T R AE K T DH AH B AE T,HOW DOES THE PLANT ATTRACT THE BAT,HOW DOES THE PLANT ATTRACT THE BAT,True
DH AH B AE T B EH N AH F IH T S,THE BAT BENEFITS,THE BAT BENEFITS,True
IH T EH S AO L S OW K AH M AH P W IH DH AH S T R AH K CH ER DH AE T AE K T S AE Z AE N AH D V ER T AH Z M AH N T W IH CH S EH Z,IT'S ALSO COME UP WITH A STRUCTURE THAT ACTS AS AN ADVERTISEMENT WHICH SAYS,IT'S ALSO COME UP WITH A STRUCTURE THAT ACTS AS AN ADVERTISEMENT WHICH SAYS,True
DH IH S IH Z DH AH B EH S T B AE T HH OW T EH L IH N T AW N,THIS IS THE BEST BAT HOTEL IN TOWN,THIS IS THE BEST BATH HOTEL IN TOWN,True
DH AE T EH S W AY AY G EH T AH P IH N DH AH M AO R N IH NG,THAT'S WHY I GET UP IN THE MORNING,THAT'S WHY I GET UP IN THE MORNING,True
T UW M IH N AH T S AA N JH EH N ER AH L N AA L AH JH,TWO MINUTES ON GENERAL KNOWLEDGE,TWO MINUTES ON GENERAL KNOWLEDGE,True
AO L IH N DH AH G L EH R AH V DH AH S P AA T L AY T,ALL IN THE GLARE OF THE SPOTLIGHT,ALL IN THE GLARE OF THE SPOTLIGHT,True
S OW W AH T D IH D Y UW D UW B IH F AO R,SO WHAT DID YOU DO BEFORE,SO WHAT DID YOU DO BEFORE,True
B AH T Y UW HH AE V T UW G OW,BUT YOU HAVE TO GO,BUT YOU HAVE TO GO,True
AH N D SH IY W AA Z B IY IH NG IH N T ER V Y UW D B AY DH AH AH M EH R AH K AH N JH ER N AH L AH S T S,AND SHE WAS BEING INTERVIEWED BY THE AMERICAN JOURNALISTS,AND SHE WAS BEING INTERVIEWED BY THE AMERICAN JOURNALISTS,True
IH N AO L S IH R IY AH S N AH S,IN ALL SERIOUSNESS,IN ALL SERIOUSNESS,True
W IY D IH D AH D IH F ER AH N T V ER ZH AH N AH V TH IH NG Z AH N D DH EH N,WE DID A DIFFERENT VERSION OF THINGS AND THEN,WE DID A DIFFERENT VERSION OF THINGS AND THEN,True
AH N D DH EH N T ER N D T UW M IY AH N D S EH D,AND THEN TURNED TO ME AND SAID,AND THEN TURNED TO ME AND SAID,True
AY HH AE D EH N T AY TH AO T DH AE T,I HADN'T THOUGHT THAT,I HADN'T THOUGHT THAT,True
DH AE T W UH D B IY F AE N T AE S T IH K,THAT WOULD BE FANTASTIC,THAT WOULD BE FANTASTIC,True
P L EY D B AY JH IH M B R AO D B EH N T,PLAYED BY JIM BROADBENT,PLAYED BY JIM BROADBENT,True
EH V ER IY T UW W IY K S,EVERY TWO WEEKS,EVERY TWO WEEKS,True
DH AE T EH S W AH T DH EY D UW,THAT'S WHAT THEY DO,THAT'S WHAT THEY DO,True
B IH F AO R W IY B IH G IH N,BEFORE WE BEGIN,BEFORE WE BEGIN,True
AH N D AA N DH IH S F EY T F AH L IY V N IH NG,AND ON THIS FATEFUL EVENING,AND ON THIS FATEFUL EVENING,False
W AH T EH S Y AO R N EY M,WHAT'S YOUR NAME,WHAT'S YOUR NAME,False
AY D UW EH N T AY B IH L IY V IH N F EH R IY Z,I DON'T BELIEVE IN FAIRIES,I DON'T BELIEVE IN FAIRIES,True
DH EH N W IY M AH S T R EH S K Y UW HH ER,THEN WE MUST RESCUE HER,THEN WE MUST RESCUE HER,True
AH N D W IH DH S T EH L TH,AND WITH STEALTH,AND WITH STELLA,False
HH IY M EY D AH M UW V AA N M IY,HE MADE A MOVE ON ME,HE MADE A MOVE ON ME,True
W IY ' V IY N AA T D IH S K AH S T IH T,WE'VE NOT DISCUSSED IT,WE'VE NOT DISCUSSED IT,True
AH N D W IY R AH N L AH V,AND WE RUN LOVE,AND WE RUN LOVE,True
HH AW D UW AY CH UW Z DH IH S,HOW DO I CHOOSE THIS,HOW DO I CHOOSE THIS,True
W IY ' V IY G AA T T W EH N T IY F UH R K AE R IH K T ER Z,WE'VE GOT 24 CHARACTERS,WE'VE GOT 24 CHARACTERS,False
F AA L OW IH NG DH OW Z W ER D Z,FOLLOWING THOSE WORDS,FOLLOWING THOSE WORDS,False
AY TH IH NG K Y UW D IH Z ER V,I THINK YOU DESERVE,I THINK YOU DESERVE,True
AH S T R AY K IH NG K AA N T R AE S T,A STRIKING CONTRAST,A STRIKING CONTRAST,False
V EH R IY S IH M AH L ER T UW F IH SH IH NG,VERY SIMILAR TO FISHING,VERY SIMILAR TO FISHING,True
IH T EH S L AY K L UH K IH NG AE T AA R T,IT'S LIKE LOOKING AT ART,IT'S LIKE LOOKING AT ART,False
IH T M AY T B IY K AH N S EH P CH UW AH L,IT MIGHT BE CONCEPTUAL,IT MIGHT BE CONCEPTUAL,True
TH AE NG K S F AO R W AA CH IH NG,THANKS FOR WATCHING,THANKS FOR WATCHING,True
HH IY R EH S S AH M AY D IY AH Z,HERE'S SOME IDEAS,HERE'S SOME IDEAS,True
AH P L EY S W IH CH IH Z HH AA R D T UW L AY V,A PLACE WHICH IS HARD TO LIVE,A PLACE WHICH IS HARD TO LIVE,True
AH N D DH AH F AA R M ER Z OW P AH N IH NG IH T AH P,AND THE FARMERS OPENING IT UP,AND THE FARMERS OPENING IT UP,False
S OW W EH N DH AH F AA R M ER Z K AH M,SO WHEN THE FARMERS COME,SO WHEN THE FARMERS COME,True
DH EH R EH S M AO R W UH D L AE N D,THERE'S MORE WOODLAND,THERE'S MORE WOODLAND,True
D UW EH N T AY T EH L EH N IY W AH N,DON'T TELL ANYONE,DON'T TELL ANYONE,False
W IY HH AE V N OW M AO R M AH N IY,WE HAVE NO MORE MONEY,WE HAVE NO MORE MONEY,True
W IY AA R DH AH K R IH M AH N AH L Z,WE ARE THE CRIMINALS,WE ARE THE CRIMINALS,True
N OW M AO R S UW AH S AY D B AA M ER Z,NO MORE SUICIDE BOMBERS,NO MORE SUICIDE BOMBERS,True
DH AE T EH S AH K AO R D IH NG T UW DH AH P AH L IY S W AA CH D AO G,THAT'S ACCORDING TO THE POLICE WATCHDOG,THAT'S ACCORDING TO THE POLICE WATCHDOG,True
DH AH K W IY N M EH R IY AH N D DH AH K W IY N IH L IH Z AH B AH TH,THE QUEEN MARY AND THE QUEEN ELIZABETH,THE QUEEN MARY AND THE Queen ELIZABETH,True
IH T S D IH Z AY N V AE L Y UW Z,ITS DESIGN VALUES,ITS DESIGN VALUES,False
DH EY W ER IH N DH AH M AY N AO R AH T IY,THEY WERE IN THE MINORITY,THEY WERE IN THE MINORITY,True
F AY V HH AH N D R AH D T AH N Z AH V OW SH AH N L AY N ER,500 TONS OF OCEAN LINER,500 TONS OF OCEAN LINER,True
W AH N AH V DH AH AA R T AH K AH L Z HH IY R IH Z AH B AW T DH AH K W IY N IH L IH Z AH B AH TH,ONE OF THE ARTICLES HERE IS ABOUT THE QUEEN ELIZABETH,ONE OF THE ARTICLES HERE IS ABOUT THE QUEEN ELIZABETH,True
DH AH JH AA B W AA Z D AH N,THE JOB WAS DONE,THE JOB WAS DONE,True
TH AE NG K S F AO R W AA CH IH NG,THANKS FOR WATCHING,THANKS FOR WATCHING,True
F L AW ER Z AH N D IY V IH N V EH JH T AH B AH L Z,FLOWERS AND EVEN VEGETABLES,FLOWERS AND EVEN VEGETABLES,False
F AO R S AH M TH IH NG K AH M P L IY T L IY D IH F ER AH N T,FOR SOMETHING COMPLETELY DIFFERENT,FOR SOMETHING COMPLETELY DIFFERENT,True
W EH N IH T K AH M Z T UW P AH B L IH S AH T IY,WHEN IT COMES TO PUBLICITY,WHEN IT COMES TO PUBLICITY,True
HH AW G R EY T IH Z DH IH S,HOW GREAT IS THIS,HOW GREAT IS THIS,False
AY JH AH S T L AH V DH AE T,I JUST LOVE THAT,I JUST LOVE THAT,True
DH EY W ER F R EH N D Z,THEY WERE FRIENDS,THEY WERE FRIENDS,False
T EH L M IY AH B AW T IH T,TELL ME ABOUT IT,TELL ME ABOUT IT,False
AH N T IH L N EH K S T T AY M,UNTIL NEXT TIME,UNTIL NEXT TIME,True
T UW B IY AH S AH K S EH S F AH L AA N T R AH P R AH N ER,TO BE A SUCCESSFUL ENTREPRENEUR,TO BE A SUCCESSFUL ENTREPRENEUR,True
AY JH AH S T D UW EH N T AY G EH T IH T,I JUST DON'T GET IT,I JUST DON'T GET IT,True
AH N D AY TH IH NG K DH IH S IH Z W AH N,AND I THINK THIS IS ONE,AND I THINK THIS IS ONE,True
S AH M TH IH NG L AY K DH AE T,SOMETHING LIKE THAT,SOMETHING LIKE THAT,False
W IH DH K ER AH P T G AH V ER M AH N T S,WITH CORRUPT GOVERNMENTS,WITH CORRUPT GOVERNMENTS,False
B IH K AO Z AH V DH AH S M AO L S AY Z,BECAUSE OF THE SMALL SIZE,BECAUSE OF THE SMALL SIZE,False
IH T ' L EH L M IY N M AO R M AE CH AH Z,IT'LL MEAN MORE MATCHES,IT'LL MEAN MORE MATCHES,True
AH N D M AO R M AH N IY F AO R F IY F AH,AND MORE MONEY FOR FIFA,AND MORE MONEY FOR NHS,True
P L IY Z D W IH DH HH IH M S EH L F,PLEASED WITH HIMSELF,PLEASED WITH HIMSELF,False
S ER B IY AH IH Z P AE N D IH M OW N IY AH M L EH T L UW S,SERBIA IS PANDEMONIUM LET LOOSE,SERBIA IS PANDEMONIUM LET LOOSE,False
DH EH R AA R N OW R IH K AO R D IH NG Z AH V L OY D JH AO R JH AE T DH AH P IY K AH V HH IH Z P AW ER Z,THERE ARE NO RECORDINGS OF LLOYD GEORGE AT THE PEAK OF HIS POWERS,THERE ARE NO RECORDINGS OF LOYD GEORGE AT THE PEAK OF HIS POWERS,True
W IH CH W AA Z DH AH M AE S N UW Z P EY P ER,WHICH WAS THE MASS NEWSPAPER,WHICH WAS THE MASS NEWS PAPER,True
AH N D HH IY W AA Z V EH R IY D IH V OW T AH D T UW HH IH Z CH IH L D R AH N,AND HE WAS VERY DEVOTED TO HIS CHILDREN,AND HE WAS VERY DEVOTED TO HIS CHILDREN,True
AH N D W UH D IH V EH N CH AH W AH L IY M EH R IY HH ER AE F T ER HH IH Z W AY F,AND WOULD EVENTUALLY MARRY HER AFTER HIS WIFE,AND WOULD EVENTUALLY MARRY HER AFTER HIS WIFE,True
W IH DH DH AE T F L ER IH SH,WITH THAT FLOURISH,WITH THAT FLESH,False
W AH T Y UW N IY D T UW D UW IH Z G EH T DH AH V EH R IY B EH S T B R EY N Z,WHAT YOU NEED TO DO IS GET THE VERY BEST BRAINS,WHAT YOU NEED TO DO IS GET THE VERY BEST BRAINS,True
DH AH V EH R IY B EH S T T AE L AH N T S,THE VERY BEST TALENTS,THE VERY BEST TALENTS,True
DH AH M OW S T EH N ER JH EH T IH K P IY P AH L IH N,THE MOST ENERGETIC PEOPLE IN,THE MOST ENERGETIC PEOPLE IN,True
B IH K AO Z DH AH EH M P AY ER,BECAUSE THE EMPIRE,BECAUSE THE EMPIRE,False
IH T EH S AO F AH N F ER G AA T AH N,IT'S OFTEN FORGOTTEN,IT'S OFTEN FORGOTTEN,False
W IH CH IH Z AE B S AH L UW T L IY AH N D ER S T AE N D AH B AH L,WHICH IS ABSOLUTELY UNDERSTANDABLE,WHICH IS ABSOLUTELY UNDERSTANDABLE,True
HH IY HH OW P T T UW R IH T ER N T UW P AW ER,HE HOPED TO RETURN TO POWER,HE HOPED TO RETURN TO POWER,True
W UH D N AA T B IY AH HH AE P IY P L EY S,WOULD NOT BE A HAPPY PLACE,WOULD NOT BE A HAPPY PLACE,True
D IH P EH N D AH D AA N T R EY D,DEPENDED ON TRADE,DEPENDED ON TRADE,False
M AY G R EY T G R EY T G R AE N D F AA DH ER,MY GREAT GREAT GRANDFATHER,MY GREAT GREAT GRANDFATHER,False
M AH CH M AO R D R IH V AH N,MUCH MORE DRIVEN,MUCH MORE DRIVEN,True
IH F IH T G IH V Z M IY S AH M S AO R T AH V K AH N T R OW L B AE K,IF IT GIVES ME SOME SORT OF CONTROL BACK,IF IT GIVES ME SOME SORT OF CONTROL BACK,True
W IH DH S T R AO NG W IH N D Z,WITH STRONG WINDS,WITH STRONG WINDS,False
AY D UW EH N T AY R IH M EH M B ER DH AE T HH AE P AH N IH NG B IH F AO R,I DON'T REMEMBER THAT HAPPENING BEFORE,I DON'T REMEMBER THAT HAPPENING BEFORE,True
B AY S AH M M IH R AH K AH L,BY SOME MIRACLE,BY SOME MIRACLE,True
DH AE T EH S V EH R IY G UH D,THAT'S VERY GOOD,THAT'S VERY GOOD,True
K AH M Z F R AH M W AH N AH V DH AH M OW S T B Y UW T AH F AH L P AA R T S AH V DH AH W ER L D,COMES FROM ONE OF THE MOST BEAUTIFUL PARTS OF THE WORLD,COMES FROM ONE OF THE MOST BEAUTIFUL PARTS OF THE WORLD,True
IH T EH S N AA T AH M AE S IH V S AH M AH V M AH N IY,IT'S NOT A MASSIVE SUM OF MONEY,IT'S NOT A MASSIVE SUM OF MONEY,True
DH EY L AH V AA R K AH T EH K CH ER,THEY LOVE ARCHITECTURE,THEY LOVE ARCHITECTURE,False
R AY T L IY AO R R AO NG L IY,RIGHTLY OR WRONGLY,RIGHTLY OR WRONGLY,True
AY W UH D EH N T AY S EY AY AH M AH S T AA R,I WOULDN'T SAY I'M A STAR,I WOULDN'T SAY I'M A STAR,True
M AE N CH EH S T ER Y UW N AY T AH D F AE N Z,MANCHESTER UNITED FANS,MANCHESTER UNITED FANS,False
TH AE NG K S F AO R W AA CH IH NG,THANKS FOR WATCHING,THANKS FOR WATCHING,True
S EH T AH P B AY DH AH G AH V ER M AH N T,SET UP BY THE GOVERNMENT,SET UP BY THE GOVERNMENT,True
IH T W AA Z AH B R UW T AH L IH K S P IH R IY AH N S,IT WAS A BRUTAL EXPERIENCE,IT WAS A BRUTAL EXPERIENCE,False
M EH N IY P IY P AH L D IH D S L IH P AH N D F AO L AH N D B R EY K AH L EH G,MANY PEOPLE DID SLIP AND FALL AND BREAK A LEG,MANY PEOPLE DID SLIP AND FALL AND BREAK A LEG,True
DH EY K EH P T L IH V IH NG,THEY KEPT LIVING,THEY KEPT LIVING,False
AH N D IH N DH AH M AO R N IH NG,AND IN THE MORNING,AND IN THE MORNING,True
IH N IH G Z AE K T D IH T EY L,IN EXACT DETAIL,IN EXACT DETAIL,True
AH N D DH AH S EH K AH N D JH EH N ER EY SH AH N,AND THE SECOND GENERATION,AND THE SECOND GENERATION,False
B IH N IH N T EH N S L IY S AE D,BEEN INTENSELY SAD,BEEN INTENSELY SAD,True
AH N D AO L DH AH S ER V AY V ER Z AH V DH AH HH AA L AH K AO S T,AND ALL THE SURVIVORS OF THE HOLOCAUST,AND ALL THE SURVIVORS OF THE HOLOCAUST,False
W IH DH DH EH R D EY T AH B EY S,WITH THEIR DATABASE,WITH THEIR DATA BASE,True
G EH T AH N UW L OY AH L K AH S T AH M ER AH N D D EH B IH N AH M Z,GET A NEW LOYAL CUSTOMER AND DEBENHAMS,GET A NEW LOYAL CUSTOMER AND DEBENHAMS,True
AE Z L AO NG AE Z DH EY S IY DH AH S P AA R K AH V S AH K S EH S,AS LONG AS THEY SEE THE SPARK OF SUCCESS,AS LONG AS THEY SEE THE SPARK OF SUCCESS,True
DH EH R W AA Z AH S T OW N S ER K AH L HH IY R,THERE WAS A STONE CIRCLE HERE,THERE WAS A STONE CIRCLE HERE,True
D UH R IH NG DH AH S AH M ER M AH N TH S,DURING THE SUMMER MONTHS,DURING THE SUMMER MONTHS,False
DH AE T IH Z AH S OW L D S AW N D,THAT IS A SOLD SOUND,THAT IS A SOLD SOUND,False
DH EH R EH S P L EH N T IY T UW IH N D AH L JH IH N,THERE'S PLENTY TO INDULGE IN,THERE'S PLENTY TO INDULGE IN,True
SH IY W AA Z S T R AH G AH L IH NG,SHE WAS STRUGGLING,SHE WAS STRUGGLING,False
W EH N HH IY W EH N T T UW L UH K F AO R HH ER,WHEN HE WENT TO LOOK FOR HER,WHEN HE WENT TO LOOK FOR HER,True
W AH T EH V ER IH T W AA Z,WHATEVER IT WAS,WHATEVER IT WAS,False
T W EH N T IH V AY F Y IH R Z T UW K AH M P L IY T,25 YEARS TO COMPLETE,25 YEARS TO COMPLETE,True
SH IY W IH L B IY V EH R IY P L IY Z D,SHE WILL BE VERY PLEASED,SHE WILL BE VERY PLEASED,True
B IH K AO Z DH EH R W AA Z N OW R OW L M AA D AH L,BECAUSE THERE WAS NO ROLE MODEL,BECAUSE THERE WAS NO ROLE MODEL,True
W AH N M EY L AH F IH SH AH L K AA M EH N T AH D,ONE MALE OFFICIAL COMMENTED,ONE MALE OFFICIAL COMMENTED,True
B AH T D IH S P AY T AO L DH IH S,BUT DESPITE ALL THIS,BUT DESPITE ALL THIS,True
DH EY K AE R IY D AA N K AH M P IY T IH NG,THEY CARRIED ON COMPETING,THEY CARRIED ON COMPETING,False
B AH T D IH S P AY T AO L DH IH S,BUT DESPITE ALL THIS,BUT DESPITE ALL THIS,True
IH F Y UW W AA N T T UW IH K S P IH R IY AH N S S AH M AH V DH AE T,IF YOU WANT TO EXPERIENCE SOME OF THAT,IF YOU WANT TO EXPERIENCE SOME OF THAT,True
Y UW ' R EY W EY S T IH NG Y AO R T AY M,YOU'RE WASTING YOUR TIME,YOU'RE WASTING YOUR TIME,False
IH N K L UW D IH NG AH B EY B IY,INCLUDING A BABY,INCLUDING A BABY,False
DH IH S IH Z AH S EH M IY F AY N AH L,THIS IS A SEMIFINAL,THIS IS A SEMIFINAL,False
AY AH M S AA R IY DH AE T D AH Z EH N T AY M IY T W IH DH Y AO R AH P R UW V AH L,I'M SORRY THAT DOESN'T MEET WITH YOUR APPROVAL,I'M SORRY THAT DOESN'T MEET WITH YOUR APPROVAL,True
AY AH M N AA T HH AE V IH NG AH G OW AE T Y UW,I'M NOT HAVING A GO AT YOU,I'M NOT HAVING A GO AT YOU,True
AY AH M JH AH S T S EY IH NG DH AE T D IH N IY S B R AO T M IY AH P,I'M JUST SAYING THAT DENISE BROUGHT ME UP,I'M JUST SAYING THAT DENISE BROUGHT ME UP,False
W IY HH AE D N OW M AH N IY,WE HAD NO MONEY,WE HAD NO MONEY,True
W EH N Y UW K EY M B AE K,WHEN YOU CAME BACK,WHEN YOU CAME BACK,True
DH AE T EH S W AY AY AH M L UW Z IH NG M AY V OY S,THAT'S WHY I'M LOSING MY VOICE,THAT'S WHY I'M LOSING MY VOICE,True
IH Z IH N DH AH D R AY IH NG,IS IN THE DRYING,IS IN THE DRYING,True
R AY T IH N F R AH N T AH V M IY,RIGHT IN FRONT OF ME,RIGHT IN FRONT OF ME,True
W IY T AO K T AH B AW T IH T,WE TALKED ABOUT IT,WE TALKED ABOUT IT,True
AY AA N AH S T L IY D UW EH N T AY N OW W AH T T UW D UW,I HONESTLY DON'T KNOW WHAT TO DO,I HONESTLY DON'T KNOW WHAT TO DO,True
AH N D AY D UW M IY N HH AH N D R AH D Z,AND I DO MEAN HUNDREDS,AND I DO MEAN HUNDREDS,True
AY D UW EH N T AY M AY N D DH IH S W AH N,I DON'T MIND THIS ONE,I DON'T MIND THIS ONE,True
JH AH S T B IH T W IY N Y UW AH N D M IY,JUST BETWEEN YOU AND ME,JUST BETWEEN YOU AND ME,True
JH AH JH IH NG B AY W AH T AY S AO T AH D EY,JUDGING BY WHAT I SAW TODAY,JUDGING BY WHAT I SAW TODAY,True
S AH M G AA T W AH T DH EY W AA N T,SOME GOT WHAT THEY WANT,SOME GOT WHAT THEY WANT,True
G EH T D AW N T UW Y AO R L OW K AH L W AH N,GET DOWN TO YOUR LOCAL ONE,GET DOWN TO YOUR LOCAL ONE,True
HH AE V Y UW G AA T IH T,HAVE YOU GOT IT,HAVE YOU GOT IT,True
B AH T AY P R AA M AH S Y UW,BUT I PROMISE YOU,BUT I PROMISE YOU,True
Y UW B EH T ER S T EY W EH L AH W EY F R AH M M IY,YOU BETTER STAY WELL AWAY FROM ME,YOU BETTER STAY WELL AWAY FROM ME,True
DH AE T AY ' L EH L B IY OW K EY,THAT I'LL BE OK,THAT I'LL BE OK,True
TH AW Z AH N D Z AH V P AW N D Z,THOUSANDS OF POUNDS,THOUSANDS OF POUNDS,True
W IY N IY D T UW D UW S AH M TH IH NG B IH G ER,WE NEED TO DO SOMETHING BIGGER,WE NEED TO DO SOMETHING BIGGER,True
T R AY IH NG T UW B R IH NG DH EH M D AW N OW V ER DH AH S EH N CH ER IY Z,TRYING TO BRING THEM DOWN OVER THE CENTURIES,TRYING TO BRING THEM DOWN OVER THE CENTURIES,True
B AH T Y UW D UW EH N T AY N IY D T UW W ER IY,BUT YOU DON'T NEED TO WORRY,BUT YOU DON'T NEED TO WORRY,True
DH AH EH K S P ER T S D UW EH N T AY N OW W AH T K AA Z D IH T,THE EXPERTS DON'T KNOW WHAT CAUSED IT,THE EXPERTS DON'T KNOW WHAT CAUSED IT,True
DH AH F AA DH ER D AY D F AY V Y IH R Z AH G OW,THE FATHER DIED FIVE YEARS AGO,THE FATHER DIED FIVE YEARS AGO,True
AH N D TH IH NG Z L AY K DH AE T,AND THINGS LIKE THAT,AND THINGS LIKE THAT,False
IH T EH S AO L AH B AW T M IH TH M EY K IH NG,IT'S ALL ABOUT MYTH MAKING,IT'S ALL ABOUT MYTH MAKING,False
K AH M T UW M AY R UW M,COME TO MY ROOM,COME TO MY ROOM,True
AE Z DH AH M AO R N IH NG S P R EH D AH P AA N DH AH M AW N T AH N Z,AS THE MORNING SPREAD UPON THE MOUNTAINS,AS THE MORNING SPREAD UPON THE MOUNTAINS,True
W IH DH P IY P AH L W IH TH AW T K R IY EY T IH NG,WITH PEOPLE WITHOUT CREATING,WITH PEOPLE WITHOUT CREATING,False
W IH DH AH DH ER P IY P AH L,WITH OTHER PEOPLE,WITH OTHER PEOPLE,False
AH N D DH AH IH N IH SH AH L Z S T AE N D F AO R DH AH IH N T ER N AE SH AH N AH L M AA R K S AH S T G R UW P,AND THE INITIALS STAND FOR THE INTERNATIONAL MARXIST GROUP,AND THE INITIALS STAND FOR THE INTERNATIONAL MARKS ASSOCIATION,True
AE Z Y UW M EY N OW,AS YOU MAY KNOW,AS YOU MAY KNOW,True
DH IH S K EY M F R AH M DH AH B IH G,THIS CAME FROM THE BIG,THIS CAME FROM THE BIG,False
AY P R AA B AH B L IY W UH D,I PROBABLY WOULD,I PROBABLY WOULD,True
DH AE T EH S R IH L IY S AE D,THAT'S REALLY SAD,THAT'S REALLY SAD,False
AY N IY D T UW G EH T T UW W ER K,I NEED TO GET TO WORK,I NEED TO GET TO WORK,True
B IH F AO R AY AH N AW N S DH AH W IH N ER,BEFORE I ANNOUNCE THE WINNER,BEFORE I ANNOUNCE THE WINNER,True
W IY N IY D T UW F AY N D AW T IH Z DH EH R AH P R AA B L AH M,WE NEED TO FIND OUT IS THERE A PROBLEM,WE NEED TO FIND OUT IS THERE A PROBLEM,True
W IY D UW EH N T AY HH AE V B R AW N B EH R,WE DON'T HAVE BROWN BEAR,WE DON'T HAVE BROWN BEAR,True
IH F DH AH AE N S ER IH Z N OW,IF THE ANSWER IS NO,IF THE ANSWER IS NO,True
W IY M EY EH N JH OY DH AH TH R IH L AH V M AO R R EH G Y AH L ER S AY T IH NG Z,WE MAY ENJOY THE THRILL OF MORE REGULAR SIGHTINGS,WE MAY ENJOY THE THRILL OF MORE REGULAR SIGHTINGS,True
W AH T DH EH R AE S P ER EY SH AH N Z AA R,WHAT THEIR ASPIRATIONS ARE,WHAT THEIR ASPIRATIONS ARE,True
W IH TH AW T DH AH D AY AH L AO G,WITHOUT THE DIALOGUE,WITHOUT THE DIALOGUE,False
V EH R IY HH EH V AH L IY T AE K S T,VERY HEAVILY TAXED,VERY HEAVILY TAXED,True
AH N D DH AH S K AA T IH SH K AH S T AH M ER Z T UW B AY,AND THE SCOTTISH CUSTOMERS TO BUY,AND THE SCOTTISH CUSTOMERS TO BUY,True
AH N D IH T W AA Z B IH L T T OW T AH L IY B AY P AH B L IH K S AH B S K R IH P SH AH N,AND IT WAS BUILT TOTALLY BY PUBLIC SUBSCRIPTION,AND IT WAS BUILT TOTALLY BY PUBLIC SUBSCRIPTION,True
T AH D EY AO L M OW S T F IH F T IY,TODAY ALMOST 50,TODAY ALMOST 50,False
DH AH G AH V ER M AH N T L UH K S S EH T T UW W IH N,THE GOVERNMENT LOOKS SET TO WIN,THE GOVERNMENT LOOKS SET TO WIN,True
W IH CH DH AH N AO R W IY JH AH N G AH V ER M AH N T W AA Z S AH P AO R T IH NG,WHICH THE NORWEGIAN GOVERNMENT WAS SUPPORTING,WHICH THE NORWEGIAN GOVERNMENT WAS SUPPORTING,True
AH R AE DH ER S P EH SH AH L,A RATHER SPECIAL,A RATHER SPECIAL,False
Y UW SH UH D TH IH NG K AH B AW T IH T,YOU SHOULD THINK ABOUT IT,YOU SHOULD THINK ABOUT IT,True
G UH D L AH K W IH DH DH AE T,GOOD LUCK WITH THAT,GOOD LUCK WITH THAT,False
W IY F AW N D AW T AH B AW T DH AH S AH F AH K P AH N CH HH AO R S AH Z,WE FOUND OUT ABOUT THE SUFFOLK PUNCH HORSES,WE FOUND OUT ABOUT THE SUFFOLK PUNCH HORSES,True
B AH T IH T EH S AH D IH F ER AH N T T AY P AH V AE N AH M AH L AY W AA N T T UW SH OW Y UW R AY T N AW,BUT IT'S A DIFFERENT TYPE OF ANIMAL I WANT TO SHOW YOU RIGHT NOW,BUT IT'S A DIFFERENT TYPE OF ANIMAL I WANT TO SHOW YOU RIGHT NOW,True
TH IH NG Z L AY K DH IH S B IH K EY M V EH R IY,THINGS LIKE THIS BECAME VERY,THINGS LIKE THIS BECAME VERY,True
DH AH K W AA L AH T IY AH V DH AE T S L AY D IH NG AH K R AO S,THE QUALITY OF THAT SLIDING ACROSS,THE QUALITY OF THAT SLIDING ACROSS,False
AH N D DH AE T EH S W AH T IH T EH S AO L AH B AW T,AND THAT'S WHAT IT'S ALL ABOUT,AND THAT'S WHAT IT'S ALL ABOUT,False
JH OY N AH S N EH K S T T AY M F AO R M EH N IY M AO R S ER P R AY Z IH Z,JOIN US NEXT TIME FOR MANY MORE SURPRISES,JOIN US NEXT TIME FOR MANY MORE SURPRISES,True
G OW Z AW T DH AH AH DH ER,GOES OUT THE OTHER,GOES OUT THE OTHER,False
W IY D UW EH N T AY K L IH P IH T F AO R DH AH M AH N IY,WE DON'T CLIP IT FOR THE MONEY,WE DON'T CLIP IT FOR THE MONEY,True
AY D UW EH N T AY R IH L IY M AY N D,I DON'T REALLY MIND,I DON'T REALLY MIND,True
AH N UW CH AE N S AE T L AY F,A NEW CHANCE AT LIFE,A NEW CHANCE AT LIFE,True
B AH T AY AH M N AA T SH UH R W EH R,BUT I'M NOT SURE WHERE,BUT I'M NOT SURE WHERE,True
IH T EH S HH AY ER DH AE N B IH F AO R,IT'S HIGHER THAN BEFORE,IT'S HIGHER THAN BEFORE,True
B AH T AH N AH DH ER S T R AY K IH NG Y UW N Y AH N,BUT ANOTHER STRIKING UNION,BUT ANOTHER STRIKING UNION,True
DH EH R W AA Z AH G L IH M ER AH V HH OW P,THERE WAS A GLIMMER OF HOPE,THERE WAS A GLIMMER OF HOPE,True
M AO R OW P AH N M AY N D AH D P ER HH AE P S,MORE OPEN MINDED PERHAPS,MORE OPEN MINDED PERHAPS,True
AH N D M AO R OW P AH N T UW DH AH P AA R L AH M AH N T,AND MORE OPEN TO THE PARLIAMENT,AND MORE OPEN TO THE PARLIAMENT,True
T UW D IH V AY D DH AH R UW M IH N T UW T UW P AA R T S,TO DIVIDE THE ROOM INTO TWO PARTS,TO DIVIDE THE ROOM INTO TWO PARTS,True
DH EH N DH AH IH N V IH T EY SH AH N,THEN THE INVITATION,THEN THE INVITATION,False
HH IY W AA Z HH AE F W EY DH EH R,HE WAS HALFWAY THERE,HE WAS HALFWAY THERE,True
P AA R T T UW IH Z DH AH D EH K L ER EY SH AH N AH V R AY T S,PART TWO IS THE DECLARATION OF RIGHTS,PART TWO IS THE DECLARATION OF RIGHTS,True
